Binder Name,Binder Type,Name,Set code,Set name,Collector number,Foil,Rarity,Quantity,ManaBox ID,Scryfall ID,Purchase price,Misprint,Altered,Condition,Language,Purchase price currency,Added
Strixhaven Mystical Archives,binder,Grapeshot,STA,Strixhaven Mystical Archive,102,normal,rare,1,58468,dc58957e-dbf0-40ac-9ec4-05fea0c61880,7.99,false,false,near_mint,en,USD,2023-09-28T17:20:23.281Z
Strixhaven Mystical Archives,binder,Defiant Strike,STA,Strixhaven Mystical Archive,66,foil,uncommon,1,58425,447c7d1e-8bf9-4558-9480-6f0423f36b81,0.49,false,false,near_mint,en,USD,2023-09-28T20:12:26.989Z
Strixhaven Mystical Archives,binder,Divine Gambit,STA,Strixhaven Mystical Archive,67,normal,uncommon,1,58453,ac62fae3-2525-4b71-80d1-83e608070e4f,0.35,false,false,near_mint,en,USD,2023-09-28T20:12:26.989Z
Strixhaven Mystical Archives,binder,Revitalize,STA,Strixhaven Mystical Archive,72,foil,uncommon,1,58432,64dbdc3f-aa48-4a59-adab-e0a8e981295a,0.49,false,false,near_mint,en,USD,2023-09-28T20:12:26.989Z
Strixhaven Mystical Archives,binder,Negate,STA,Strixhaven Mystical Archive,81,normal,uncommon,1,58423,35308c10-f8e9-4c35-a680-a3dfe16ac63a,1.29,false,false,near_mint,en,USD,2023-09-28T20:12:26.989Z
Strixhaven Mystical Archives,binder,Strategic Planning,STA,Strixhaven Mystical Archive,83,foil,uncommon,1,58424,3c5f48a9-4d6a-4ca6-b99e-d6b1dfac7e04,0.49,false,false,near_mint,en,USD,2023-09-28T20:12:26.989Z
Strixhaven Mystical Archives,binder,Tezzeret's Gambit,STA,Strixhaven Mystical Archive,84,normal,rare,1,58436,6de53b7d-f2de-47aa-b5d4-9427c12484b0,1.49,false,false,near_mint,en,USD,2023-09-28T20:12:26.989Z
Strixhaven Mystical Archives,binder,Eliminate,STA,Strixhaven Mystical Archive,93,foil,uncommon,1,58433,65e93381-0192-4b89-af64-dcc7150b757b,0.49,false,false,near_mint,en,USD,2023-09-28T20:12:26.989Z
Strixhaven Mystical Archives,binder,Claim the Firstborn,STA,Strixhaven Mystical Archive,100,normal,uncommon,1,58419,1fba553e-eca3-453e-8f67-ec7e5c9f3946,0.69,false,false,near_mint,en,USD,2023-09-28T20:12:26.989Z
Strixhaven Mystical Archives,binder,Infuriate,STA,Strixhaven Mystical Archive,104,foil,uncommon,1,58434,67983e97-a990-4f89-811c-a58a0a10a701,0.79,false,false,near_mint,en,USD,2023-09-28T20:12:26.989Z
Strixhaven Mystical Archives,binder,Abundant Harvest,STA,Strixhaven Mystical Archive,111,normal,rare,1,58459,bb246be3-d9cb-4753-8d8c-0c770a584090,1.79,false,false,near_mint,en,USD,2023-09-28T20:12:26.989Z
Strixhaven Mystical Archives,binder,Harmonize,STA,Strixhaven Mystical Archive,115,normal,rare,1,58463,cb853d72-9b29-4ea1-80db-da9e0b547ad5,2.49,false,false,near_mint,en,USD,2023-09-28T20:12:26.989Z
Strixhaven Mystical Archives,binder,Regrowth,STA,Strixhaven Mystical Archive,119,normal,rare,1,58420,21d0ec3e-10c6-4401-a21f-b767318120b6,1.29,false,false,near_mint,en,USD,2023-09-28T20:12:26.989Z
Strixhaven Mystical Archives,binder,Duress,STA,Strixhaven Mystical Archive,92,normal,uncommon,1,58416,11e96127-83e2-42e2-9799-998b1408d444,1.99,false,false,near_mint,en,USD,2023-10-01T03:59:06.441Z
Strixhaven Mystical Archives,binder,Village Rites,STA,Strixhaven Mystical Archive,98,normal,uncommon,1,58474,f9e6276c-0b80-4d11-b889-8a24b210c4f0,1.99,false,false,near_mint,en,USD,2023-10-01T03:59:16.294Z
Strixhaven Mystical Archives,binder,Gods Willing,STA,Strixhaven Mystical Archive,70,normal,rare,1,58427,54bc478b-fb90-4071-acdd-ae6ff33334fd,0.79,false,false,near_mint,en,USD,2023-10-02T08:12:11.401Z
Strixhaven Mystical Archives,binder,Ephemerate,STA,Strixhaven Mystical Archive,68,etched,rare,1,58473,f704397a-c180-44ae-9e4e-90180556b87b,9.99,false,false,near_mint,en,USD,2023-10-04T11:39:15.034Z
Strixhaven Mystical Archives,binder,Lightning Bolt,STA,Strixhaven Mystical Archive,105,etched,rare,1,58456,b14fae63-2e82-49c1-8e62-d84a65f27479,12.99,false,false,near_mint,en,USD,2023-10-04T11:39:45.282Z
Strixhaven Mystical Archives,binder,Natural Order,STA,Strixhaven Mystical Archive,117,etched,mythic,1,58444,8ac43bf2-08e1-4b63-ac4f-ccc565ca2cee,16.99,false,false,near_mint,en,USD,2023-10-04T11:40:36.019Z
Strixhaven Mystical Archives,binder,Lightning Helix,STA,Strixhaven Mystical Archive,125,etched,rare,1,58426,47eb569f-9f8d-4856-acf9-f8e87baa19d0,5.49,false,false,near_mint,en,USD,2023-10-04T11:41:38.314Z
Strixhaven Mystical Archives,binder,Increasing Vengeance,STA,Strixhaven Mystical Archive,103,etched,mythic,1,58467,d4867546-a609-4958-a48e-522fb9258faf,2.99,false,false,near_mint,en,USD,2023-10-04T11:43:08.027Z
Strixhaven Mystical Archives,binder,Growth Spiral,STA,Strixhaven Mystical Archive,124,etched,rare,1,58476,ffea9e1d-10e1-458b-afba-e33ce9695322,5.49,false,false,near_mint,en,USD,2023-10-04T11:43:35.243Z
Strixhaven Mystical Archives,binder,Doom Blade,STA,Strixhaven Mystical Archive,91,normal,rare,1,58450,a6565f48-185f-4977-8edc-4840b784d29d,1.49,false,false,near_mint,en,USD,2023-10-17T15:14:17.391Z
Strixhaven Mystical Archives,binder,Adventurous Impulse,STA,Strixhaven Mystical Archive,112,foil,uncommon,1,58455,b0c56784-e106-4f17-a1a3-2c0bbb41d316,0.35,false,false,near_mint,en,USD,2023-11-01T07:00:34.377Z
Strixhaven Mystical Archives,binder,Inquisition of Kozilek,STA,Strixhaven Mystical Archive,94,normal,rare,1,58451,a6af6cee-a60a-4953-8e22-c3bddc435619,2.29,false,false,near_mint,en,USD,2023-10-12T19:34:32.450Z
Strixhaven Mystical Archives,binder,Despark,STA,Strixhaven Mystical Archive,122,normal,rare,1,58472,f3e0de9d-de5b-4a95-95af-aef4cc546a94,4.99,false,false,near_mint,en,USD,2026-06-13T00:59:12.248Z
Strixhaven Mystical Archives,binder,Electrolyze,STA,Strixhaven Mystical Archive,123,normal,rare,1,58442,8212125e-1742-41db-a7e9-32df59441f4e,2.99,false,false,near_mint,en,USD,2026-06-13T00:59:12.247Z
Strixhaven Mystical Archives,binder,Cultivate,STA,Strixhaven Mystical Archive,114,normal,uncommon,1,58458,b8386ca9-0359-4a18-abea-0cb0e955a947,2.99,false,false,near_mint,en,USD,2026-06-13T00:59:12.246Z
Strixhaven Mystical Archives,binder,Whirlwind Denial,STA,Strixhaven Mystical Archive,86,normal,uncommon,1,58440,7949ab59-cd09-4500-a323-5ba05392623f,0.69,false,false,near_mint,en,USD,2026-06-13T00:59:12.245Z
Strixhaven Mystical Archives,binder,Opt,STA,Strixhaven Mystical Archive,82,normal,uncommon,1,58464,cd5017e7-2da9-48be-8dc3-458a1374b97c,6.99,false,false,near_mint,en,USD,2026-06-13T00:59:12.244Z
Strixhaven Mystical Archives,binder,Brainstorm,STA,Strixhaven Mystical Archive,76,normal,rare,1,58462,c6118d1d-28c1-4f54-97cb-c4f934b6739c,24.99,false,false,near_mint,en,USD,2026-06-13T00:59:12.243Z
Strixhaven Mystical Archives,binder,Mana Tithe,STA,Strixhaven Mystical Archive,71,normal,rare,1,58443,89aafeb7-31e3-4389-9c4e-4903c342a021,4.49,false,false,near_mint,en,USD,2026-06-13T00:59:12.242Z
Store Championship Promos,binder,"Kwain, Itinerant Meddler",PL23,Year of the Rabbit 2023,3,foil,rare,4,79078,885a4ac8-67ee-437c-9133-687be93ea117,,false,false,near_mint,en,USD,2023-09-27T13:53:45.309Z
Store Championship Promos,binder,Ethereal Armor,PL23,Year of the Rabbit 2023,5,foil,rare,1,79073,d4cc231e-7b86-4b64-a1d6-75aea64b85a0,,false,false,near_mint,en,USD,2023-09-28T20:14:17.414Z
Store Championship Promos,binder,Rabbit Battery,PL23,Year of the Rabbit 2023,1,foil,rare,1,79079,077ab42e-2112-4ed6-8883-0039a34a3cec,6.99,false,false,near_mint,en,USD,2023-09-28T20:14:17.414Z
Store Championship Promos,binder,Saruman of Many Colors,LTR,The Lord of the Rings: Tales of Middle-earth,300,foil,mythic,1,83255,853e4841-7e2f-4f0c-8f4f-cbfac22c298c,,false,false,near_mint,en,USD,2023-09-28T20:56:49.586Z
Store Championship Promos,binder,Swiftfoot Boots,PL23,Year of the Rabbit 2023,4,foil,rare,2,79074,e7ad7dbd-fff5-4af9-a823-f9a09fa3dfd4,,false,false,near_mint,en,USD,2023-10-09T14:40:10.772Z
Store Championship Promos,binder,"Yuriko, the Tiger's Shadow",PL22,Year of the Tiger 2022,4,foil,mythic,1,67578,b08bd0ff-663d-4a1c-bf48-0042720c2485,42.99,false,false,near_mint,en,USD,2023-10-12T19:33:04.210Z
Store Championship Promos,binder,Arcbound Ravager,PL23,Year of the Rabbit 2023,6,foil,rare,1,79072,73e50280-5202-43a8-9b80-14feaf0ea9fe,,false,false,near_mint,en,USD,2024-12-27T10:45:24.018Z
Asset Binder,binder,Tolarian Academy,USG,Urza's Saga,330,normal,rare,1,35638,ad7ac9a5-340f-4509-826c-7b9416d47887,84.99,false,false,good,en,USD,2023-10-02T08:43:42.438Z
Asset Binder,binder,Lord of Atlantis,P30H,30th Anniversary History Promos,2★,foil,rare,1,82436,7f5f2b62-292a-4794-abcc-d83d6b5800a1,,false,false,near_mint,en,USD,2023-10-05T15:38:54.705Z
Asset Binder,binder,Unfulfilled Desires,MIR,Mirage,285,normal,rare,1,38305,3389d6c7-2a8a-48d6-a09d-aa195d830576,2.29,false,false,near_mint,en,USD,2023-10-17T11:44:11.080Z
Asset Binder,binder,Skeleton Ship,ICE,Ice Age,301,normal,rare,1,39508,271c8a7c-0f71-4f9d-ab0e-ca7c8c4aca50,1.99,false,false,near_mint,en,USD,2023-11-01T07:00:34.377Z
Asset Binder,binder,Stone-Tongue Basilisk,PODY,Odyssey Promos,276,foil,rare,1,64051,8ec4eeb5-2f82-460c-8140-20587442d40b,8.49,false,false,near_mint,en,USD,2024-12-04T02:36:51.083Z
Warhammer 40K Binder,binder,Old One Eye,40K,"Warhammer 40,000 Commander",96,normal,rare,1,72491,b5aaaee0-9a61-45df-821e-cce516f8de6a,1.79,false,false,near_mint,en,USD,2023-10-01T11:29:07.230Z
Warhammer 40K Binder,binder,Trygon Prime,40K,"Warhammer 40,000 Commander",143,normal,uncommon,1,72574,f6a419b2-6586-4abf-9751-eabe568066ab,0.35,false,false,near_mint,en,USD,2023-10-01T11:29:07.230Z
Warhammer 40K Binder,binder,Venomthrope,40K,"Warhammer 40,000 Commander",147,normal,uncommon,1,72548,e2284a8a-caf3-4eef-8cd2-6b2f507e7154,0.99,false,false,near_mint,en,USD,2023-10-01T11:29:07.230Z
Warhammer 40K Binder,binder,Icon of Ancestry,40K,"Warhammer 40,000 Commander",242,normal,rare,1,72389,612250ac-16fc-4d65-be38-25256f9cc164,1.29,false,false,near_mint,en,USD,2023-10-01T13:08:16.648Z
Warhammer 40K Binder,binder,Gargoyle Flock,40K,"Warhammer 40,000 Commander",123,normal,rare,1,72277,0b8c7302-a5ae-484e-8ba5-397ffeb3b19c,0.49,false,false,near_mint,en,USD,2023-10-01T13:08:16.648Z
Warhammer 40K Binder,binder,Acolyte Hybrid,40K,"Warhammer 40,000 Commander",70,normal,uncommon,1,72488,b229697e-b6ff-450b-8020-45c454da9b3e,0.35,false,false,near_mint,en,USD,2023-10-01T13:08:16.648Z
Warhammer 40K Binder,binder,Genestealer Locus,40K,"Warhammer 40,000 Commander",21,normal,uncommon,1,72363,4cdc3172-6df0-48a8-85d6-c4b727202f83,0.35,false,false,near_mint,en,USD,2023-10-01T13:08:16.648Z
Warhammer 40K Binder,binder,Genestealer Patriarch,40K,"Warhammer 40,000 Commander",22,normal,rare,1,72473,a0df01d1-6131-4ef7-abea-ba084f3b0954,0.49,false,false,near_mint,en,USD,2023-10-01T13:08:16.648Z
Warhammer 40K Binder,binder,"Deathleaper, Terror Weapon",40K,"Warhammer 40,000 Commander",115,normal,rare,1,72460,9819d50f-aae8-4e92-8dab-01eebace3c1e,0.49,false,false,near_mint,en,USD,2023-10-01T13:08:16.648Z
Warhammer 40K Binder,binder,Hormagaunt Horde,40K,"Warhammer 40,000 Commander",93,normal,rare,1,72408,6a623ab2-4cdf-4e2e-a14d-6a709cf34cf1,0.49,false,false,near_mint,en,USD,2023-10-01T13:08:16.648Z
Warhammer 40K Binder,binder,Lictor,40K,"Warhammer 40,000 Commander",94,normal,rare,1,72334,3c4d8f36-461f-48a6-a4e4-9ddfb388de19,0.49,false,false,near_mint,en,USD,2023-10-01T13:08:16.648Z
Warhammer 40K Binder,binder,Haruspex,40K,"Warhammer 40,000 Commander",91,normal,rare,1,72429,76e93d5d-c255-45a6-9217-84ac270740a7,0.49,false,false,near_mint,en,USD,2023-10-01T13:08:16.648Z
Warhammer 40K Binder,binder,Screamer-Killer,40K,"Warhammer 40,000 Commander",84,normal,rare,1,72271,078b560f-9b86-401a-afff-21ddb1ebed61,0.49,false,false,near_mint,en,USD,2023-10-01T13:10:49.908Z
Warhammer 40K Binder,binder,Tyranid Invasion,40K,"Warhammer 40,000 Commander",102,normal,uncommon,1,72417,7082df45-6c2f-4a92-8c73-a582e9ea1948,0.35,false,false,near_mint,en,USD,2023-10-01T13:10:49.908Z
Warhammer 40K Binder,binder,Explore,40K,"Warhammer 40,000 Commander",213,normal,common,1,72494,b6838782-079a-47d0-bdab-cdcc975feab4,0.59,false,false,near_mint,en,USD,2023-10-01T13:10:49.908Z
Warhammer 40K Binder,binder,Tyranid Prime,40K,"Warhammer 40,000 Commander",145,normal,rare,1,72414,6f6546f2-0db3-4969-b7d9-2e2138997155,0.99,false,false,near_mint,en,USD,2023-10-01T13:10:49.908Z
Warhammer 40K Binder,binder,Tyranid Harridan,40K,"Warhammer 40,000 Commander",144,normal,rare,1,72544,dff00a51-977e-43ba-a4bf-b251e62f1100,0.49,false,false,near_mint,en,USD,2023-10-01T13:10:49.908Z
Warhammer 40K Binder,binder,Toxicrene,40K,"Warhammer 40,000 Commander",101,normal,rare,1,72482,a9b0fe26-18af-4b2e-861e-568d2f6208fd,0.59,false,false,near_mint,en,USD,2023-10-01T13:10:49.908Z
Warhammer 40K Binder,binder,Abundance,40K,"Warhammer 40,000 Commander",210,normal,rare,1,72373,51d27db7-3c11-4896-a8f9-2f7f7beeec18,0.49,false,false,near_mint,en,USD,2023-10-01T13:10:49.908Z
Warhammer 40K Binder,binder,Ravener,40K,"Warhammer 40,000 Commander",138,normal,rare,1,72495,b6a9ed40-78d7-4de2-816f-1791e12fbb0c,0.49,false,false,near_mint,en,USD,2023-10-01T13:10:49.908Z
Warhammer 40K Binder,binder,Malanthrope,40K,"Warhammer 40,000 Commander",132,normal,rare,1,72313,28d4eb51-a6ec-488a-a79a-ec4676d7af52,0.49,false,false,near_mint,en,USD,2023-10-01T13:10:49.908Z
Warhammer 40K Binder,binder,Harrow,40K,"Warhammer 40,000 Commander",216,normal,common,1,72407,699b2ef2-84e1-4c5a-8b8a-e669de05aedb,0.99,false,false,near_mint,en,USD,2023-10-01T13:12:46.447Z
Warhammer 40K Binder,binder,Talisman of Progress,40K,"Warhammer 40,000 Commander",258,normal,uncommon,1,72315,2c42da3b-8ff6-46b9-81c9-d18adf6dfd40,3.49,false,false,near_mint,en,USD,2023-10-01T13:12:46.447Z
Warhammer 40K Binder,binder,Goliath Truck,40K,"Warhammer 40,000 Commander",158,normal,uncommon,1,72330,347a5d65-ef0f-4859-b433-807af500f52d,0.35,false,false,near_mint,en,USD,2023-10-01T13:12:46.447Z
Warhammer 40K Binder,binder,Talisman of Dominance,40K,"Warhammer 40,000 Commander",255,normal,uncommon,1,72341,3f7370c5-24e8-481b-959d-c6a92e9bbe73,2.29,false,false,near_mint,en,USD,2023-10-01T13:12:46.447Z
Warhammer 40K Binder,binder,Commander's Sphere,40K,"Warhammer 40,000 Commander",235,normal,common,1,72437,7b7fae6e-f83e-480f-b5fd-57b503b4afe4,0.35,false,false,near_mint,en,USD,2023-10-01T13:12:46.447Z
Warhammer 40K Binder,binder,Overgrowth,40K,"Warhammer 40,000 Commander",219,normal,common,1,72540,d8c7c4ec-30da-426d-8be7-f1b8705052f1,0.49,false,false,near_mint,en,USD,2023-10-01T13:12:46.447Z
Warhammer 40K Binder,binder,New Horizons,40K,"Warhammer 40,000 Commander",218,normal,common,1,72370,4ffbe455-f08a-4f9b-a5e7-19370c0f2919,0.35,false,false,near_mint,en,USD,2023-10-01T13:12:46.447Z
Warhammer 40K Binder,binder,Path of Ancestry,40K,"Warhammer 40,000 Commander",287,normal,common,1,72376,5410dbe8-006d-4267-92f1-b9bd7b1069e3,0.35,false,false,near_mint,en,USD,2023-10-01T13:14:23.324Z
Warhammer 40K Binder,binder,Crumbling Necropolis,40K,"Warhammer 40,000 Commander",273,normal,uncommon,1,72270,068bd519-20cd-4849-b25b-5097fdbb945b,0.69,false,false,near_mint,en,USD,2023-10-01T13:14:23.324Z
Warhammer 40K Binder,binder,Command Tower,40K,"Warhammer 40,000 Commander",271,normal,common,1,72298,203f04a1-9adc-42eb-95ee-0f4f394f91cf,0.79,false,false,near_mint,en,USD,2023-10-01T13:14:23.324Z
Warhammer 40K Binder,binder,Arcane Sanctum,40K,"Warhammer 40,000 Commander",264,normal,uncommon,1,72582,fa675944-8400-4468-bacc-a0d63c767e01,0.69,false,false,near_mint,en,USD,2023-10-01T13:14:23.324Z
Warhammer 40K Binder,binder,Tranquil Cove,40K,"Warhammer 40,000 Commander",303,normal,common,1,72518,c3fb0661-5df4-4935-8f44-a0f83a22a81c,0.35,false,false,near_mint,en,USD,2023-10-01T13:14:23.324Z
Warhammer 40K Binder,binder,Scoured Barrens,40K,"Warhammer 40,000 Commander",293,normal,common,1,72314,2b7d85b4-3abc-49a8-8ff2-715ad8cbf4ab,0.39,false,false,near_mint,en,USD,2023-10-01T13:14:23.324Z
Warhammer 40K Binder,binder,Dismal Backwater,40K,"Warhammer 40,000 Commander",276,normal,common,1,72450,8c8099d6-44c1-48c7-ae87-985160eee63c,0.35,false,false,near_mint,en,USD,2023-10-01T13:14:23.324Z
Warhammer 40K Binder,binder,Memorial to Glory,40K,"Warhammer 40,000 Commander",283,normal,uncommon,1,72344,409560cb-ecf1-4df2-91b2-75464dc1fe7d,0.35,false,false,near_mint,en,USD,2023-10-01T13:14:23.324Z
Warhammer 40K Binder,binder,Ash Barrens,40K,"Warhammer 40,000 Commander",265,normal,uncommon,2,72308,2816a820-bde0-404a-ba2c-86fbe461e01b,0.35,false,false,near_mint,en,USD,2023-10-01T13:14:23.324Z
Warhammer 40K Binder,binder,Terramorphic Expanse,40K,"Warhammer 40,000 Commander",301,normal,common,1,72402,67161521-aae6-4017-abf8-46f3a41b59bc,0.49,false,false,near_mint,en,USD,2023-10-01T13:14:53.299Z
Warhammer 40K Binder,binder,Dark Ritual,40K,"Warhammer 40,000 Commander",196,normal,common,1,72476,a5dc69ff-b3d4-420e-858c-4880d852c415,3.49,false,false,near_mint,en,USD,2023-10-01T13:14:53.299Z
Warhammer 40K Binder,binder,The Swarmlord,40K,"Warhammer 40,000 Commander",176,foil,mythic,1,72523,c9dbba5a-fb9a-422e-87a1-a29d2c17a04e,0.99,false,false,near_mint,en,USD,2023-10-01T13:25:28.057Z
Warhammer 40K Binder,binder,The Swarmlord,40K,"Warhammer 40,000 Commander",321,etched,mythic,1,72292,1a87e989-0756-4db8-b7f7-b39d5a5fd4e9,0.99,false,false,near_mint,en,USD,2023-10-01T13:25:28.057Z
Warhammer 40K Binder,binder,Mountain,40K,"Warhammer 40,000 Commander",315,normal,common,1,72474,a1ba2d4f-7a9b-4cf7-98fd-17b1b8c70bcd,0.35,false,false,near_mint,en,USD,2023-10-01T11:29:07.230Z
Warhammer 40K Binder,binder,Island,40K,"Warhammer 40,000 Commander",309,normal,common,2,72447,8956b4c4-3703-433f-b147-a1f67e728017,0.35,false,false,near_mint,en,USD,2023-10-01T11:29:07.230Z
[SOLD] Claim Sales November 2024,list,Tribute to Horobi // Echo of Death's Wail,NEO,Kamigawa: Neon Dynasty,124,normal,rare,1,66539,54613f38-ca91-4764-b1fe-60cd83707fb4,0.49,false,false,near_mint,en,USD,2023-10-20T13:56:40.937Z
[SOLD] Claim Sales November 2024,list,"Satsuki, the Living Lore",NEO,Kamigawa: Neon Dynasty,235,normal,rare,1,66495,0152575b-31b0-4142-9cc2-b87a81bd51a8,0.49,false,false,near_mint,en,USD,2023-10-20T13:56:40.937Z
[SOLD] Claim Sales November 2024,list,Brass's Bounty,C21,Commander 2021,160,normal,rare,1,58572,571797ef-1e44-4b1c-9c88-3d4c60358175,1.99,false,false,near_mint,en,USD,2024-09-28T09:02:12.029Z
[SOLD] Claim Sales November 2024,list,Storm-Kiln Artist,STX,Strixhaven: School of Mages,115,normal,uncommon,1,58405,fa96b8dc-233a-4884-ab84-235cbc7df0b6,1.99,false,false,near_mint,en,USD,2024-09-28T09:02:12.029Z
[SOLD] Claim Sales November 2024,list,Young Pyromancer,J22,Jumpstart 2022,626,normal,uncommon,1,76558,9b53aa90-f8d6-4cbc-9836-9e4d95ea74f7,0.69,false,false,near_mint,en,USD,2024-09-28T09:02:12.029Z
[SOLD] Claim Sales November 2024,list,Inner Fire,SOK,Saviors of Kamigawa,105,normal,common,1,28433,b1d886a2-ae83-4d95-9ec0-582c563181e6,0.69,false,false,near_mint,en,USD,2024-09-28T09:02:12.029Z
[SOLD] Claim Sales November 2024,list,Humble Defector,C21,Commander 2021,174,normal,uncommon,1,58715,e2093386-ad77-4b35-982b-518ee4c05cc6,0.35,false,false,near_mint,en,USD,2024-09-28T09:02:12.029Z
[SOLD] Claim Sales November 2024,list,Curse of Obsession,MIC,Midnight Hunt Commander,35,normal,rare,1,62505,69ba6262-a3b1-4009-b2ed-ae684dfae022,0.69,false,false,near_mint,en,USD,2024-09-28T09:02:12.029Z
[SOLD] Claim Sales November 2024,list,Leyline of Combustion,PM20,Core Set 2020 Promos,148p,foil,rare,1,45558,e8f0bf4f-2149-4cd1-b773-c0f478d05ead,2.99,false,false,near_mint,en,USD,2024-09-28T09:02:12.029Z
[SOLD] Claim Sales November 2024,list,Banefire,M19,Core Set 2019,130,normal,rare,1,1182,5b012532-1186-4dc8-9d42-867e418b0280,1.29,false,false,near_mint,en,USD,2024-09-28T09:02:12.029Z
[SOLD] Claim Sales November 2024,list,Starstorm,C13,Commander 2013,122,normal,rare,1,15264,439aa3eb-fa1f-46b2-a13a-369b6a88d97c,0.49,false,false,near_mint,en,USD,2024-09-28T09:02:12.029Z
[SOLD] Claim Sales November 2024,list,Goblin Bombardment,MH2,Modern Horizons 2,279,normal,rare,1,59846,e262f55e-9239-4a97-a19e-9b08fb34502e,3.49,false,false,near_mint,en,USD,2024-09-28T09:02:12.029Z
[SOLD] Claim Sales November 2024,list,Explore,NCC,New Capenna Commander,289,normal,common,1,68484,fbfb4b80-69fe-4d43-a155-0109ddbe86f5,0.39,false,false,near_mint,en,USD,2024-09-28T09:21:55.208Z
[SOLD] Claim Sales November 2024,list,Gruff Triplets,WOE,Wilds of Eldraine,172,normal,rare,1,85847,f8760ab9-ac76-4e2e-b82f-0ee2a6dc5634,0.79,false,false,near_mint,en,USD,2024-09-28T09:21:55.208Z
[SOLD] Claim Sales November 2024,list,Beast Within,LCC,The Lost Caverns of Ixalan Commander,233,normal,uncommon,1,89003,eb40c41c-f5f9-4323-b6ac-e28e405909d0,2.29,false,false,near_mint,en,USD,2024-09-28T09:21:55.208Z
[SOLD] Claim Sales November 2024,list,Nature's Claim,WWK,Worldwake,108,normal,common,1,22083,64ae5a91-ac54-4222-832e-d7a740a3f7cb,1.99,false,false,near_mint,en,USD,2024-09-28T09:21:55.208Z
[SOLD] Claim Sales November 2024,list,Sakura-Tribe Elder,C20,Commander 2020,187,normal,common,1,50231,c83be2b7-0373-4389-9aa0-523db58f4d2a,1.49,false,false,near_mint,en,USD,2024-09-28T09:21:55.208Z
[SOLD] Claim Sales November 2024,list,Bane of Progress,CC1,Commander Collection: Green,3,normal,rare,1,56653,3ea495ff-33df-406b-98e3-5579e2158bbc,8.99,false,false,near_mint,en,USD,2024-09-28T09:21:55.208Z
[SOLD] Claim Sales November 2024,list,Gaea's Gift,BRO,The Brothers' War,182,foil,common,1,75459,5503186a-46fe-4956-8ae3-5ab3343f8a93,2.49,false,false,near_mint,en,USD,2024-09-28T09:21:55.208Z
[SOLD] Claim Sales November 2024,list,Defabricate,BRO,The Brothers' War,45,normal,uncommon,1,75578,7dd32168-0b9c-4633-adec-d41cf125cc35,0.35,false,false,near_mint,en,USD,2024-09-28T09:31:43.918Z
[SOLD] Claim Sales November 2024,list,Blue Sun's Twilight,ONE,Phyrexia: All Will Be One,43,normal,rare,1,78221,3a836e6b-6854-4f6f-bc78-2da1fd4dd224,0.99,false,false,near_mint,en,USD,2024-09-28T09:31:43.918Z
[SOLD] Claim Sales November 2024,list,Serum Visions,C21,Commander 2021,129,normal,uncommon,1,58745,fbff5161-ed36-429a-b06a-a1c5a6afd9bc,0.99,false,false,near_mint,en,USD,2024-09-28T09:31:43.918Z
[SOLD] Claim Sales November 2024,list,Treasure Cruise,C21,Commander 2021,133,normal,common,1,58629,90bb3d28-30a4-4344-8a41-fe8b9ebf6ce3,0.49,false,false,near_mint,en,USD,2024-09-28T09:31:43.918Z
[SOLD] Claim Sales November 2024,list,Metallurgic Summonings,C21,Commander 2021,122,normal,mythic,1,58546,3a769d7e-c749-4845-ba87-808f0386df80,2.99,false,false,near_mint,en,USD,2024-09-28T09:31:43.918Z
[SOLD] Claim Sales November 2024,list,Swarm Intelligence,C21,Commander 2021,130,normal,rare,1,58531,2c573d12-4c69-4a54-b1b9-236c003ba98a,0.59,false,false,near_mint,en,USD,2024-09-28T09:31:43.918Z
[SOLD] Claim Sales November 2024,list,Cloak of Invisibility,MIR,Mirage,58,normal,common,1,38532,3f6e21e6-fb3e-49c1-b5a0-499faf66d279,0.35,false,false,near_mint,en,USD,2024-09-28T09:31:43.918Z
[SOLD] Claim Sales November 2024,list,Pull from Tomorrow,2X2,Double Masters 2022,62,normal,rare,1,70602,f5013fde-4714-4bea-b368-5b14684a05fc,0.69,false,false,near_mint,en,USD,2024-09-28T09:31:43.918Z
[SOLD] Claim Sales November 2024,list,Aether Channeler,DMU,Dominaria United,42,normal,rare,1,71489,60afeb75-2c1e-4634-8c83-88b1dddb77c2,0.79,false,false,near_mint,en,USD,2024-09-28T09:31:43.918Z
[SOLD] Claim Sales November 2024,list,Fabricate,MRD,Mirrodin,35,normal,uncommon,1,30010,a742e23c-1991-4dce-b670-dea92a1cf4ec,8.99,false,false,near_mint,en,USD,2024-09-28T09:31:43.918Z
[SOLD] Claim Sales November 2024,list,Omen of the Sea,THB,Theros Beyond Death,58,normal,common,1,47004,a5f30ecd-d009-4d44-aef4-c926ed55a521,0.35,false,false,near_mint,en,USD,2024-09-28T09:31:43.918Z
[SOLD] Claim Sales November 2024,list,Jace's Sanctum,PORI,Magic Origins Promos,61p,normal,rare,1,51695,8930a602-3a1f-48a9-b083-feeb433f2761,1.99,false,false,near_mint,en,USD,2024-09-28T09:31:43.918Z
[SOLD] Claim Sales November 2024,list,Chasm Skulker,NCC,New Capenna Commander,214,normal,rare,1,68454,e7d99e57-5d58-4953-8b6f-915c2e69d002,1.29,false,false,near_mint,en,USD,2024-09-28T09:31:43.918Z
[SOLD] Claim Sales November 2024,list,"Malcolm, Alluring Scoundrel",LCI,The Lost Caverns of Ixalan,63,normal,rare,1,88315,19d6834d-afa3-4747-a62d-0654f4d9729f,1.79,false,false,near_mint,en,USD,2024-09-28T09:31:43.918Z
[SOLD] Claim Sales November 2024,list,Lapis Orb of Dragonkind,CLB,Commander Legends: Battle for Baldur's Gate,82,normal,common,1,68921,26ed684b-e3a1-421d-8cfd-c5eee673a3a1,0.35,false,false,near_mint,en,USD,2024-09-28T09:31:43.918Z
[SOLD] Claim Sales November 2024,list,Distant Melody,MOR,Morningtide,32,normal,common,1,24993,5a28e4f9-3b68-40bb-bf77-850b08c6b096,1.29,false,false,near_mint,en,USD,2024-09-28T09:31:43.918Z
[SOLD] Claim Sales November 2024,list,Negate,MOM,March of the Machine,68,normal,common,1,81138,81752db1-374e-4723-b695-a2f4a634dfc6,0.49,false,false,near_mint,en,USD,2024-09-28T09:31:43.918Z
[SOLD] Claim Sales November 2024,list,Forced Fruition,WOT,Wilds of Eldraine: Enchanting Tales,18,normal,rare,1,85678,b8281681-a243-4995-8657-c3730aa67c57,0.99,false,false,near_mint,en,USD,2024-09-28T09:31:43.918Z
[SOLD] Claim Sales November 2024,list,Evacuation,CMM,Commander Masters,89,normal,rare,1,84061,10e3c91a-d702-4fa2-864c-9f7067a88752,0.69,false,false,near_mint,en,USD,2024-09-28T09:31:43.918Z
[SOLD] Claim Sales November 2024,list,Profane Command,NCC,New Capenna Commander,256,normal,rare,1,68265,7005bb21-0cec-4c19-a95b-99a1bac25aa4,0.49,false,false,near_mint,en,USD,2024-10-04T07:46:48.777Z
[SOLD] Claim Sales November 2024,list,Sign in Blood,M10,Magic 2010,112,normal,common,1,23241,1975ed97-acb8-4bb6-804a-e5da725d876e,0.99,false,false,near_mint,en,USD,2024-10-04T07:46:48.777Z
[SOLD] Claim Sales November 2024,list,"Drana, the Last Bloodchief",ZNR,Zendikar Rising,98,normal,mythic,1,54566,5cd4154e-7681-444b-a0f2-33e887791ba7,2.79,false,false,near_mint,en,USD,2024-10-04T07:46:48.777Z
[SOLD] Claim Sales November 2024,list,Butcher of Malakir,CLB,Commander Legends: Battle for Baldur's Gate,741,normal,rare,1,69628,b23c18f8-a19f-406a-ad60-491087f9d660,0.69,false,false,near_mint,en,USD,2024-10-04T07:46:48.777Z
[SOLD] Claim Sales November 2024,list,Necropolis Regent,C21,Commander 2021,147,normal,mythic,1,58529,2b6009d3-4f70-492c-9860-8d33421936f8,1.29,false,false,near_mint,en,USD,2024-10-04T07:46:48.777Z
[SOLD] Claim Sales November 2024,list,Lich-Knights' Conquest,WOE,Wilds of Eldraine,380,foil,rare,1,85550,89ffe314-b66b-48d8-b94d-36c8bb5861e4,1.99,false,false,near_mint,en,USD,2024-10-04T07:46:48.777Z
[SOLD] Claim Sales November 2024,list,Nasty End,LTR,The Lord of the Rings: Tales of Middle-earth,99,normal,common,1,83477,c34f88d7-15a1-434f-88d7-3d4fcf406d54,0.35,false,false,near_mint,en,USD,2024-10-04T07:46:48.777Z
[SOLD] Claim Sales November 2024,list,Pact Weapon,CLB,Commander Legends: Battle for Baldur's Gate,139,normal,mythic,1,68904,20b0cf66-c6ec-4ff6-96a5-334e2c9c7818,0.99,false,false,near_mint,en,USD,2024-10-04T07:46:48.777Z
[SOLD] Claim Sales November 2024,list,Elspeth Conquers Death,THB,Theros Beyond Death,13,normal,rare,1,47049,ea20208b-1939-4c69-8cfd-c0a42f9dc427,0.99,false,false,near_mint,en,USD,2024-10-04T08:07:27.463Z
[SOLD] Claim Sales November 2024,list,Finale of Glory,ONC,Phyrexia: All Will Be One Commander,67,normal,mythic,1,78726,9b6b5cb7-26aa-43d6-ae97-24e5efd3c636,0.99,false,false,near_mint,en,USD,2024-10-04T08:07:27.463Z
[SOLD] Claim Sales November 2024,list,Charming Prince,PLST,The List,ELD-8,normal,rare,1,85924,7c742e2f-a0e9-41b0-812a-ed716e8d0fee,3.99,false,false,near_mint,en,USD,2024-10-04T08:07:27.463Z
[SOLD] Claim Sales November 2024,list,Loran of the Third Path,BRO,The Brothers' War,12,normal,rare,1,75477,59faa45d-868b-4bc7-934c-0e077642e129,4.49,false,false,near_mint,en,USD,2024-10-04T08:07:27.463Z
[SOLD] Claim Sales November 2024,list,Cloudshift,AVR,Avacyn Restored,12,normal,common,1,18266,35b06c8f-5f08-43bd-a548-2a98ba30fd41,1.49,false,false,near_mint,en,USD,2024-10-04T08:07:27.463Z
[SOLD] Claim Sales November 2024,list,Search for Glory,KHM,Kaldheim,27,normal,rare,1,57054,b65c215d-562d-4c7c-bc9f-b1d741050158,0.99,false,false,near_mint,en,USD,2024-10-04T08:07:27.463Z
[SOLD] Claim Sales November 2024,list,Intangible Virtue,MD1,Modern Event Deck 2014,7,normal,uncommon,1,14443,47ccaac5-ca40-44de-9db2-13649c8e5722,0.35,false,false,near_mint,en,USD,2024-10-04T08:07:27.463Z
[SOLD] Claim Sales November 2024,list,Elesh Norn // The Argent Etchings,MOM,March of the Machine,292,normal,mythic,1,81285,faf66a0b-9d34-487d-bdb4-5cac9391d77a,9.99,false,false,near_mint,en,USD,2024-10-04T08:07:27.463Z
[SOLD] Claim Sales November 2024,list,Swords to Plowshares,DMR,Dominaria Remastered,31,normal,uncommon,1,77996,7d839f21-68c7-47db-8407-ff3e2c3e13b4,1.99,false,false,near_mint,en,USD,2024-10-04T08:07:27.463Z
[SOLD] Claim Sales November 2024,list,Thalia's Lancers,PLST,The List,EMN-47,normal,rare,1,49095,4daf0b39-8baf-4455-b1d5-d287374c96aa,0.49,false,false,near_mint,en,USD,2024-10-04T08:07:27.463Z
[SOLD] Claim Sales November 2024,list,"Adeline, Resplendent Cathar",PMID,Innistrad: Midnight Hunt Promos,1p,normal,rare,1,63889,b615facd-6276-4896-bdf6-e5c006f55c5f,10.99,false,false,near_mint,en,USD,2024-10-04T08:07:27.463Z
[SOLD] Claim Sales November 2024,list,Angelic Field Marshal,CMM,Commander Masters,13,normal,rare,1,84323,496e9fe2-843c-4dfe-b94a-b542a2ddaae4,1.29,false,false,near_mint,en,USD,2024-10-04T08:07:27.463Z
[SOLD] Claim Sales November 2024,list,Drumbellower,NEC,Neon Dynasty Commander,6,normal,rare,1,66942,718c7383-d2e0-449b-b5b5-378d7c6e1fcb,9.49,false,false,near_mint,en,USD,2024-10-04T08:07:27.463Z
[SOLD] Claim Sales November 2024,list,Teleportation Circle,AFR,Adventures in the Forgotten Realms,39,normal,rare,1,60330,90140bc0-4a9c-4422-b07c-3400c7ccde56,12.99,false,false,near_mint,en,USD,2024-10-04T08:07:27.463Z
[SOLD] Claim Sales November 2024,list,Slash the Ranks,CMR,Commander Legends,47,normal,rare,1,55551,0913a5e8-7f77-44f2-a7cf-c8c0d6270a86,0.99,false,false,near_mint,en,USD,2024-10-04T08:07:27.463Z
[SOLD] Claim Sales November 2024,list,The Eternal Wanderer,ONE,Phyrexia: All Will Be One,11,normal,rare,1,78696,905f0dd4-0197-45f8-8e7f-396d6dcef600,2.29,false,false,near_mint,en,USD,2024-10-04T08:07:27.463Z
[SOLD] Claim Sales November 2024,list,Leyline of Sanctity,WOT,Wilds of Eldraine: Enchanting Tales,10,normal,rare,1,85777,dfaae165-add6-491f-9521-60e30accc528,1.49,false,false,near_mint,en,USD,2024-10-04T08:07:27.463Z
[SOLD] Claim Sales November 2024,list,Aven Mindcensor,AKH,Amonkhet,5,normal,rare,1,5680,403a50cc-fa16-42a4-b9f2-d8327e5d1bb6,0.69,false,false,near_mint,en,USD,2024-10-04T08:07:27.463Z
[SOLD] Claim Sales November 2024,list,"Baird, Steward of Argive",DOM,Dominaria,4,normal,uncommon,1,2272,d1a9594e-edc9-42b2-ba8a-8298da9441fb,0.35,false,false,near_mint,en,USD,2024-10-04T08:07:27.463Z
[SOLD] Claim Sales November 2024,list,Hushbringer,PELD,Throne of Eldraine Promos,18p,normal,rare,1,46496,6c2c2777-1387-4606-8eb1-cc07ac3f38c0,1.29,false,false,near_mint,en,USD,2024-10-04T08:07:27.463Z
[SOLD] Claim Sales November 2024,list,Solemnity,HOU,Hour of Devastation,22,normal,rare,1,4653,0a71fb62-acbd-49f5-842f-0fc9fa48afea,7.99,false,false,near_mint,en,USD,2024-10-04T08:07:27.463Z
[SOLD] Claim Sales November 2024,list,Deafening Silence,ELD,Throne of Eldraine,10,normal,uncommon,1,46328,6072d9b0-d3c7-46f4-bd24-095bb13c4dea,2.29,false,false,near_mint,en,USD,2024-10-04T08:07:27.463Z
[SOLD] Claim Sales November 2024,list,Mother of Runes,DDO,Duel Decks: Elspeth vs. Kiora,20,normal,uncommon,1,11910,cb39d0c3-ba52-4662-b190-929b9ab9911f,8.99,false,false,near_mint,en,USD,2024-10-04T08:07:27.463Z
[SOLD] Claim Sales November 2024,list,"Reidane, God of the Worthy // Valkmira, Protector's Shield",KHM,Kaldheim,21,normal,rare,1,56821,3606519e-5677-4c21-a34e-be195b6669fa,0.59,false,false,near_mint,en,USD,2024-10-04T08:07:27.463Z
[SOLD] Claim Sales November 2024,list,Hushwing Gryff,M15,Magic 2015,15,normal,rare,1,13837,7b44eb0d-5a3a-4624-aee4-11d6978fb4b0,0.59,false,false,near_mint,en,USD,2024-10-04T08:07:27.463Z
[SOLD] Claim Sales November 2024,list,Leonin Relic-Warder,MBS,Mirrodin Besieged,10,normal,uncommon,1,20131,dd0900e1-df78-466d-b747-33f22c273d67,0.35,false,false,near_mint,en,USD,2024-10-04T08:07:27.463Z
[SOLD] Claim Sales November 2024,list,Nine Lives,M21,Core Set 2021,28,normal,rare,1,51050,e70b7a73-484e-48f1-944c-3d38866cdc20,0.99,false,false,near_mint,en,USD,2024-10-04T08:07:27.463Z
[SOLD] Claim Sales November 2024,list,Suture Priest,NPH,New Phyrexia,25,normal,common,1,19860,31432e98-86cd-42ea-ad37-eb4383dc6a81,3.49,false,false,near_mint,en,USD,2024-10-04T08:07:27.463Z
[SOLD] Claim Sales November 2024,list,Firemind Vessel,CMM,Commander Masters,383,normal,common,1,84091,165eee28-202d-4543-87b4-b9d39e8c8472,0.35,false,false,near_mint,en,USD,2024-10-04T08:20:35.480Z
[SOLD] Claim Sales November 2024,list,Cybermen Squadron,WHO,Doctor Who,1048,foil,rare,1,87026,08bdf8ea-e3a7-4121-805a-417361c8d58d,22.99,false,false,near_mint,en,USD,2024-10-04T08:20:35.480Z
[SOLD] Claim Sales November 2024,list,Arcum's Astrolabe,PLST,The List,MH1-220,normal,common,1,55022,8dcaa85c-c4f1-4a3a-8328-6fcf865299e0,0.49,false,false,near_mint,en,USD,2024-10-04T08:20:35.480Z
[SOLD] Claim Sales November 2024,list,Panharmonicon,2X2,Double Masters 2022,562,etched,rare,1,70210,4d68b906-8d37-4952-82e7-faba4effcf22,8.49,false,false,near_mint,en,USD,2024-10-04T08:20:35.480Z
[SOLD] Claim Sales November 2024,list,Caged Sun,PLST,The List,CM2-178,normal,rare,1,47798,93ac53af-de0e-427b-9fa6-589b402caecb,3.49,false,false,near_mint,en,USD,2024-10-04T08:20:35.480Z
[SOLD] Claim Sales November 2024,list,Oketra's Monument,AKH,Amonkhet,233,normal,uncommon,1,5452,104503a6-bca5-48d7-88b1-424f98985d75,4.49,false,false,near_mint,en,USD,2024-10-04T08:20:35.480Z
[SOLD] Claim Sales November 2024,list,Dragon Arch,2X2,Double Masters 2022,305,normal,uncommon,1,70522,d2312a56-088f-42f9-9bd2-7b0b94935236,0.69,false,false,near_mint,en,USD,2024-10-04T08:20:35.480Z
[SOLD] Claim Sales November 2024,list,Springleaf Drum,BNG,Born of the Gods,162,normal,uncommon,1,14798,5bc9d645-0220-4a65-bbc7-abc64ded548e,0.79,false,false,near_mint,en,USD,2024-10-04T08:20:35.480Z
[SOLD] Claim Sales November 2024,list,Steel Hellkite,C18,Commander 2018,224,normal,rare,1,619,559d3dfb-b5c0-4f1b-880d-4182028fe97c,0.49,false,false,near_mint,en,USD,2024-10-04T08:20:35.480Z
[SOLD] Claim Sales November 2024,list,Barrow-Blade,LTR,The Lord of the Rings: Tales of Middle-earth,237,normal,uncommon,1,83629,f0eb7284-78a5-4b5e-8f6d-6be540e0bef8,0.35,false,false,near_mint,en,USD,2024-10-04T08:20:35.480Z
[SOLD] Claim Sales November 2024,list,Thousand-Year Storm,2X2,Double Masters 2022,286,normal,rare,1,70120,274e22fb-7afc-43bc-b309-e36ee48d6b03,4.49,false,false,near_mint,en,USD,2024-10-04T08:29:47.925Z
[SOLD] Claim Sales November 2024,list,"Ovika, Enigma Goliath",ONE,Phyrexia: All Will Be One,213,normal,rare,1,78783,b298cf34-7aa5-4f97-a86c-7f28d2113b87,0.69,false,false,near_mint,en,USD,2024-10-04T08:29:47.925Z
[SOLD] Claim Sales November 2024,list,Baral and Kari Zev,MOM,March of the Machine,302,normal,rare,1,81205,b612a164-d73e-47b3-a06a-fd5429b51fa9,0.49,false,false,near_mint,en,USD,2024-10-04T08:29:47.925Z
[SOLD] Claim Sales November 2024,list,"Arjun, the Shifting Flame",2X2,Double Masters 2022,172,normal,rare,1,70133,2fb83da3-5a8e-4349-bbcc-dcbd3b70264b,0.49,false,false,near_mint,en,USD,2024-10-04T08:29:47.925Z
[SOLD] Claim Sales November 2024,list,Reflector Mage,OGW,Oath of the Gatewatch,157,normal,uncommon,1,9225,9473fe01-83f6-4432-ab01-f7953d2ca904,0.59,false,false,near_mint,en,USD,2024-10-04T08:29:47.925Z
[SOLD] Claim Sales November 2024,list,Detention Sphere,RTR,Return to Ravnica,155,normal,rare,1,17267,afee5464-83b7-4d7a-b407-9ee7de21535b,0.59,false,false,near_mint,en,USD,2024-10-04T08:29:47.925Z
[SOLD] Claim Sales November 2024,list,Master Biomancer,C21,Commander 2021,224,normal,mythic,1,58565,543f4929-1967-4464-ac45-4dc452cb0002,1.29,false,false,near_mint,en,USD,2024-10-04T08:29:47.925Z
[SOLD] Claim Sales November 2024,list,The Goose Mother,WOE,Wilds of Eldraine,204,normal,rare,1,85279,1a55c370-d396-4c73-8ee2-83dc4c124005,1.29,false,false,near_mint,en,USD,2024-10-04T08:29:47.925Z
[SOLD] Claim Sales November 2024,list,Galazeth Prismari,STX,Strixhaven: School of Mages,189,normal,mythic,1,57980,06c9158c-064b-4d12-b860-d2c1450d1897,4.99,false,false,near_mint,en,USD,2024-10-04T08:29:47.925Z
[SOLD] Claim Sales November 2024,list,Tarrian's Soulcleaver,LCI,The Lost Caverns of Ixalan,389,normal,rare,1,88755,a0d8cca6-d92c-40e8-b657-b708a08b63ed,3.49,false,false,near_mint,en,USD,2024-10-04T08:35:49.689Z
[SOLD] Claim Sales November 2024,list,Life Insurance,NCC,New Capenna Commander,74,normal,rare,1,68432,dda58066-d96f-452f-ab83-8635ec478d63,0.49,false,false,near_mint,en,USD,2024-10-04T08:35:49.689Z
[SOLD] Claim Sales November 2024,list,Debt to the Deathless,DGM,Dragon's Maze,64,normal,uncommon,1,16401,610e5a91-857b-4121-8b75-dbbea27aa0aa,0.35,false,false,near_mint,en,USD,2024-10-04T08:35:49.689Z
[SOLD] Claim Sales November 2024,list,"Teneb, the Harvester",2X2,Double Masters 2022,282,normal,rare,1,70366,8caa7115-1b26-4615-842f-671b24dc96d8,0.79,false,false,near_mint,en,USD,2024-10-04T08:35:49.689Z
[SOLD] Claim Sales November 2024,list,Zurgo and Ojutai,MOM,March of the Machine,258,normal,mythic,1,81260,eacbcd82-36e6-424c-bd4e-ec3a584836c5,1.29,false,false,near_mint,en,USD,2024-10-04T08:35:49.689Z
[SOLD] Claim Sales November 2024,list,Rivaz of the Claw,DMU,Dominaria United,215,normal,rare,1,71635,9a47573a-601e-4738-acef-16118289f939,1.49,false,false,near_mint,en,USD,2024-10-04T08:35:49.689Z
[SOLD] Claim Sales November 2024,list,"Brago, King Eternal",PLST,The List,EMA-198,normal,rare,1,66638,0a20a8d0-209b-44da-9c1e-e3e7853e7060,4.49,false,false,near_mint,en,USD,2024-10-04T08:35:49.689Z
[SOLD] Claim Sales November 2024,list,Glacial Floodplain,KHM,Kaldheim,257,normal,common,1,57004,9de5fadd-4559-479f-b45d-abe792f0f6e5,0.59,false,false,near_mint,en,USD,2024-10-04T08:48:18.659Z
[SOLD] Claim Sales November 2024,list,Glacial Fortress,XLN,Ixalan,255,normal,rare,1,3757,cef133d9-26d2-4a1e-8d6a-829f1067c169,1.79,false,false,near_mint,en,USD,2024-10-04T08:48:18.659Z
[SOLD] Claim Sales November 2024,list,Port Town,WHO,Doctor Who,294,normal,rare,1,87969,df58d745-2f08-447f-a7db-41765731e36c,0.49,false,false,near_mint,en,USD,2024-10-04T08:48:18.659Z
[SOLD] Claim Sales November 2024,list,Prairie Stream,WHO,Doctor Who,295,normal,rare,1,87982,e32fcfa0-50df-4815-ad8f-0e0db32c307b,0.49,false,false,near_mint,en,USD,2024-10-04T08:48:18.659Z
[SOLD] Claim Sales November 2024,list,Temple of Enlightenment,NEC,Neon Dynasty Commander,180,normal,rare,1,67043,999538db-d65c-481b-82c8-ff7f71736c82,0.49,false,false,near_mint,en,USD,2024-10-04T08:48:18.659Z
[SOLD] Claim Sales November 2024,list,Canyon Slough,AKH,Amonkhet,239,normal,rare,1,5446,8cb273d9-466d-416d-b27d-d1bc8a249076,0.59,false,false,near_mint,en,USD,2024-10-04T08:48:18.659Z
[SOLD] Claim Sales November 2024,list,Choked Estuary,NCC,New Capenna Commander,393,normal,rare,1,68187,3fee9474-0c05-47f8-86ca-84638e765321,0.59,false,false,near_mint,en,USD,2024-10-04T08:48:18.659Z
[SOLD] Claim Sales November 2024,list,Irrigated Farmland,AKH,Amonkhet,245,normal,rare,1,5440,4d87fcc0-cef5-4410-adf1-91c5f50c1d01,0.59,false,false,near_mint,en,USD,2024-10-04T08:48:18.659Z
[SOLD] Claim Sales November 2024,list,Exotic Orchard,C21,Commander 2021,288,normal,rare,1,58846,b45cbc0e-3f5c-4f27-9463-3cffb0f63e3c,0.49,false,false,near_mint,en,USD,2024-10-04T08:48:18.659Z
[SOLD] Claim Sales November 2024,list,Frontier Bivouac,KTK,Khans of Tarkir,234,normal,uncommon,1,13164,e4335951-e73e-45cb-b2a5-6e9d14ba87ee,0.79,false,false,near_mint,en,USD,2024-10-04T08:48:18.659Z
[SOLD] Claim Sales November 2024,list,Sandsteppe Citadel,C20,Commander 2020,305,normal,uncommon,1,50113,76357d95-9c86-411b-a115-36de5c2f123a,1.29,false,false,near_mint,en,USD,2024-10-04T08:48:18.659Z
[SOLD] Claim Sales November 2024,list,Seaside Citadel,C13,Commander 2013,318,normal,uncommon,1,15068,d3bc73ed-812f-4cf1-b32e-38cc06a55ae5,0.69,false,false,near_mint,en,USD,2024-10-04T08:48:18.659Z
[SOLD] Claim Sales November 2024,list,Dismal Backwater,NEO,Kamigawa: Neon Dynasty,267,foil,common,1,66929,fab0660b-81f8-40ca-8098-5f8d51219a40,0.49,false,false,near_mint,en,USD,2024-10-04T08:48:18.659Z
[SOLD] Claim Sales November 2024,list,Crucible of the Spirit Dragon,FRF,Fate Reforged,167,foil,rare,1,11959,6bf563e0-1f42-4768-a667-3e120bdb6534,2.99,false,false,near_mint,en,USD,2024-10-04T08:48:18.659Z
[SOLD] Claim Sales November 2024,list,The Seventh Doctor,WHO,Doctor Who,558,foil,rare,1,87895,cec9e2a0-8eff-494c-b4a3-8bf60a1dedc8,0.49,false,false,near_mint,en,USD,2024-10-09T09:00:17.461Z
[SOLD] Claim Sales November 2024,list,Cosmic Epiphany,DMU,Dominaria United,283,normal,rare,1,71553,79718dbe-d5d6-4f24-b514-5c392963f021,0.49,false,false,near_mint,en,USD,2024-11-05T07:19:06.408Z
[SOLD] Claim Sales November 2024,list,Press the Enemy,LTR,The Lord of the Rings: Tales of Middle-earth,65,normal,rare,1,83580,dfa5380a-480c-4c61-ac52-5debc49c5df9,0.59,false,false,near_mint,en,USD,2024-11-05T07:19:06.408Z
[SOLD] Claim Sales November 2024,list,Mirkwood Bats,LTR,The Lord of the Rings: Tales of Middle-earth,95,normal,common,1,82881,15f035df-784a-4dc8-b7f5-77139a4e6e99,0.69,false,false,near_mint,en,USD,2024-11-05T07:27:00.074Z
[SOLD] Claim Sales November 2024,list,"Yahenni, Undying Partisan",2X2,Double Masters 2022,99,normal,rare,1,70542,da4f8f35-5860-4416-b7bb-9ba56540a28c,0.69,false,false,near_mint,en,USD,2024-11-05T07:27:00.074Z
[SOLD] Claim Sales November 2024,list,Cultist of the Absolute,CLB,Commander Legends: Battle for Baldur's Gate,123,normal,rare,1,69228,b0c7b4af-d521-4f4f-8910-7e05f2f60eb6,0.49,false,false,near_mint,en,USD,2024-11-05T07:27:00.074Z
[SOLD] Claim Sales November 2024,list,Consume the Meek,ROE,Rise of the Eldrazi,100,normal,rare,1,21867,921ebea0-48bf-4338-9e84-2cd06ffe6f4b,0.49,false,false,near_mint,en,USD,2024-11-05T07:27:00.074Z
[SOLD] Claim Sales November 2024,list,Greatsword of Tyr,CLB,Commander Legends: Battle for Baldur's Gate,22,normal,common,1,69012,50088a60-642b-47ed-a289-ef0b617b688f,0.35,false,false,near_mint,en,USD,2024-11-05T07:36:28.136Z
[SOLD] Claim Sales November 2024,list,Fiend Hunter,ISD,Innistrad,15,normal,uncommon,1,18883,f1e4c7d8-11a5-40fe-962b-7e938bf08616,0.35,false,false,near_mint,en,USD,2024-11-05T07:36:28.136Z
[SOLD] Claim Sales November 2024,list,"Mavren Fein, Dusk Apostle",XLN,Ixalan,24,normal,rare,1,3988,f7294e40-11b3-4d5c-82d0-c8ec6bd3a6c9,0.69,false,false,near_mint,en,USD,2024-11-05T07:36:28.136Z
[SOLD] Claim Sales November 2024,list,The Pandorica,WHO,Doctor Who,25,normal,rare,3,87843,c1642e04-d39a-46dc-8157-549c225c992f,0.49,false,false,near_mint,en,USD,2024-11-05T07:36:28.136Z
[SOLD] Claim Sales November 2024,list,Expel the Interlopers,WOE,Wilds of Eldraine,13,normal,rare,1,85259,1094eef0-6c57-4bfa-a584-f708b87354fb,0.49,false,false,near_mint,en,USD,2024-11-05T07:36:28.136Z
[SOLD] Claim Sales November 2024,list,Delete,WHO,Doctor Who,81,normal,rare,1,87586,875c7337-78af-4e13-89e5-3255ba2d4053,0.99,false,false,near_mint,en,USD,2024-11-05T07:43:18.380Z
[SOLD] Claim Sales November 2024,list,Industrial Advancement,NCC,New Capenna Commander,47,normal,rare,1,68292,81f1416c-48bd-4168-aacd-a9b0a3afb8bc,0.69,false,false,near_mint,en,USD,2024-11-05T07:43:18.380Z
[SOLD] Claim Sales November 2024,list,Chaotic Transformation,DMU,Dominaria United,117,normal,rare,1,71738,bdfb44f1-e366-437a-bde3-59bfdb362864,0.49,false,false,near_mint,en,USD,2024-11-05T07:43:18.380Z
[SOLD] Claim Sales November 2024,list,"Slurrk, All-Ingesting",MOC,March of the Machine Commander,312,normal,uncommon,1,81771,8107fd21-7d34-44ce-afb8-920eab3b924e,0.35,false,false,near_mint,en,USD,2024-11-05T07:56:17.285Z
[SOLD] Claim Sales November 2024,list,Verdurous Gearhulk,PLST,The List,KLD-172,normal,mythic,1,77146,f2f6d988-08a5-4d9c-9ce7-2899782133e2,0.99,false,false,near_mint,en,USD,2024-11-05T07:56:17.285Z
[SOLD] Claim Sales November 2024,list,Genesis Hydra,MOC,March of the Machine Commander,298,normal,rare,1,81724,69467d04-6c7d-44d1-88c4-9721741d6034,0.49,false,false,near_mint,en,USD,2024-11-05T07:56:17.285Z
[SOLD] Claim Sales November 2024,list,Overgrown Battlement,NCC,New Capenna Commander,303,normal,uncommon,1,68125,137852ce-3699-4dd0-8ead-9b267e9bb900,0.49,false,false,near_mint,en,USD,2024-11-05T07:56:17.285Z
[SOLD] Claim Sales November 2024,list,Thragtusk,NCC,New Capenna Commander,316,normal,rare,1,68373,beda7acd-e970-4222-9577-5133765d6052,0.49,false,false,near_mint,en,USD,2024-11-05T07:56:17.285Z
[SOLD] Claim Sales November 2024,list,Kami of Transience,NEO,Kamigawa: Neon Dynasty,197,normal,rare,1,66736,7d038a59-e589-45f4-b5ef-6d2f9875d560,0.49,false,false,near_mint,en,USD,2024-11-05T07:56:17.285Z
[SOLD] Claim Sales November 2024,list,Izzet Keyrune,RTR,Return to Ravnica,230,normal,uncommon,1,17192,83e4e83b-cbb8-4efd-b6c4-4459a29177ac,0.35,false,false,near_mint,en,USD,2024-11-05T08:11:34.130Z
[SOLD] Claim Sales November 2024,list,Azorius Keyrune,C13,Commander 2013,236,normal,uncommon,1,15150,28be6965-426a-435a-a691-9de296c8d2eb,0.35,false,false,near_mint,en,USD,2024-11-05T08:11:34.130Z
[SOLD] Claim Sales November 2024,list,Golgari Keyrune,RTR,Return to Ravnica,229,normal,uncommon,1,17193,913b803f-ba82-4660-86be-49677d1e32c9,0.35,false,false,near_mint,en,USD,2024-11-05T08:11:34.130Z
[SOLD] Claim Sales November 2024,list,Simic Keyrune,GTC,Gatecrash,237,normal,uncommon,1,16587,d039aae6-38f5-42b5-a530-e0dd03abc7d5,0.35,false,false,near_mint,en,USD,2024-11-05T08:11:34.130Z
[SOLD] Claim Sales November 2024,list,Gruul Keyrune,GTC,Gatecrash,230,normal,uncommon,1,16594,7cf96f1c-066e-4fde-acb8-4674842fb6c2,0.35,false,false,near_mint,en,USD,2024-11-05T08:11:34.130Z
[SOLD] Claim Sales November 2024,list,Rakdos Keyrune,RTR,Return to Ravnica,232,normal,uncommon,1,17190,f6124b4c-49a1-42e3-a6ff-62de231c7823,0.35,false,false,near_mint,en,USD,2024-11-05T08:11:34.130Z
[SOLD] Claim Sales November 2024,list,Elemental Masterpiece,STX,Strixhaven: School of Mages,182,normal,common,1,58078,4331a7a6-e98e-4517-b0f9-ace379426a94,0.35,false,false,near_mint,en,USD,2024-11-05T08:36:16.492Z
[SOLD] Claim Sales November 2024,list,Golden Ratio,STX,Strixhaven: School of Mages,190,normal,uncommon,1,58122,626fbddb-3963-4dd2-8507-9777ed66bbbc,0.35,false,false,near_mint,en,USD,2024-11-05T08:36:16.492Z
[SOLD] Claim Sales November 2024,list,Inkfathom Witch,NCC,New Capenna Commander,342,normal,uncommon,1,68488,fe2837c6-8fb8-4ab6-97f3-3602a92374ec,0.35,false,false,near_mint,en,USD,2024-11-05T08:36:16.492Z
[SOLD] Claim Sales November 2024,list,Silver-Fur Master,NEO,Kamigawa: Neon Dynasty,236,normal,uncommon,1,66452,cacc36d9-4c4b-43b2-a8b4-d265deb1e6b2,0.49,false,false,near_mint,en,USD,2024-11-05T08:36:16.492Z
[SOLD] Claim Sales November 2024,list,Old Stickfingers,MID,Innistrad: Midnight Hunt,234,normal,rare,1,63398,b203be6f-c565-4d8f-b200-b537569a0292,0.79,false,false,near_mint,en,USD,2024-11-05T08:36:16.492Z
[SOLD] Claim Sales November 2024,list,"Urza, Prince of Kroog",BRO,The Brothers' War,296,normal,rare,1,75621,8f944c2f-c84f-4986-9e6f-ec8e171298c6,0.99,false,false,near_mint,en,USD,2024-11-05T08:36:16.492Z
[SOLD] Claim Sales November 2024,list,Moira and Teshar,MOC,March of the Machine Commander,7,normal,mythic,1,81017,19d0acaa-bfbf-4155-a9b0-5b39c3c87361,0.99,false,false,near_mint,en,USD,2024-11-05T08:36:16.492Z
[SOLD] Claim Sales November 2024,list,"Jori En, Ruin Diver",OGW,Oath of the Gatewatch,155,normal,rare,1,9227,900d3af7-a03f-4173-8a8a-bd146dec9c0f,0.79,false,false,near_mint,en,USD,2024-11-05T08:36:16.492Z
[SOLD] Claim Sales November 2024,list,"Wernog, Rider's Chaplain",SLX,Universes Within,8,normal,rare,1,67437,39491011-bdf6-4e61-8534-fe26c1571f8f,0.69,false,false,near_mint,en,USD,2024-11-05T08:36:16.492Z
[SOLD] Claim Sales November 2024,list,Daxos of Meletis,NCC,New Capenna Commander,335,normal,rare,1,68414,d2eca63b-7fb2-4a69-84dd-aa0a038a2f8a,0.49,false,false,near_mint,en,USD,2024-11-05T08:36:16.492Z
[SOLD] Claim Sales November 2024,list,"Glissa, Herald of Predation",MOM,March of the Machine,226,normal,rare,1,81103,6c299066-dfdd-47a3-85e6-225508ba95fe,0.49,false,false,near_mint,en,USD,2024-11-05T08:36:16.492Z
[SOLD] Claim Sales November 2024,list,"Kaza, Roil Chaser",ZNR,Zendikar Rising,367,normal,rare,1,54593,6b9f9c0a-1ea6-44ac-b0af-6a6a32359494,0.49,false,false,near_mint,en,USD,2024-11-05T08:36:16.492Z
[SOLD] Claim Sales November 2024,list,"Sarulf, Realm Eater",PLST,The List,KHM-228,normal,rare,1,82036,ec75f537-9f9e-4c8d-b12f-73e1978e0a9d,0.49,false,false,near_mint,en,USD,2024-11-05T08:36:16.492Z
[SOLD] Claim Sales November 2024,list,"Idris, Soul of the TARDIS",WHO,Doctor Who,135,normal,rare,1,87898,d0018c07-73dc-4762-ad55-78b18f885877,0.49,false,false,near_mint,en,USD,2024-11-05T08:36:16.492Z
[SOLD] Claim Sales November 2024,list,Twining Twins // Swift Spiral,WOE,Wilds of Eldraine,296,normal,rare,1,85349,38708b07-df7d-4ea4-b10e-ead7cd03d849,0.49,false,false,near_mint,en,USD,2024-11-05T08:36:16.492Z
[SOLD] Claim Sales November 2024,list,Grime Gorger,NCC,New Capenna Commander,72,normal,rare,1,68476,f22f9db1-1cc6-4fad-8e5f-fdb1e6872402,0.49,false,false,near_mint,en,USD,2024-11-05T08:36:16.492Z
[SOLD] Claim Sales November 2024,list,Culmination of Studies,STX,Strixhaven: School of Mages,173,normal,rare,1,58032,2483060e-9d3f-48ae-80ea-0119bf6b4d67,0.49,false,false,near_mint,en,USD,2024-11-05T08:36:16.492Z
[SOLD] Claim Sales November 2024,list,Ash Barrens,NCC,New Capenna Commander,386,normal,uncommon,1,68218,5233b31f-a179-4ae9-95a2-2ff75b374edf,0.35,false,false,near_mint,en,USD,2024-11-05T09:14:26.241Z
[SOLD] Claim Sales November 2024,list,Savage Lands,NCC,New Capenna Commander,424,normal,uncommon,1,68108,05bd2945-af12-4f36-b2b3-47d766af521e,1.79,false,false,near_mint,en,USD,2024-11-05T09:14:26.241Z
[SOLD] Claim Sales November 2024,list,Vineglimmer Snarl,STX,Strixhaven: School of Mages,274,normal,rare,1,58398,f77e5ca7-dde1-435f-9b40-87558dd88749,0.49,false,false,near_mint,en,USD,2024-11-05T09:14:26.241Z
[SOLD] Claim Sales November 2024,list,Furycalm Snarl,STX,Strixhaven: School of Mages,266,normal,rare,1,58096,53e33f37-7fd1-4431-a032-cd61b644401c,0.49,false,false,near_mint,en,USD,2024-11-05T09:14:26.241Z
[SOLD] Claim Sales November 2024,list,Path of Ancestry,NCC,New Capenna Commander,419,normal,common,1,68406,cdeb7d54-053f-45ee-8062-c3c1f40d27ce,0.35,false,false,near_mint,en,USD,2024-11-05T09:14:26.241Z
[SOLD] Claim Sales November 2024,list,Nanogene Conversion,WHO,Doctor Who,49,normal,rare,1,87562,81aa8dbd-ae18-4d62-a721-94afcb12bf27,4.49,false,false,near_mint,en,USD,2024-11-20T06:48:15.911Z
[SOLD] Claim Sales November 2024,list,Flesh Duplicate,WHO,Doctor Who,44,normal,rare,1,87334,512e9bd2-77b9-4c1c-8d30-e6249dbd930e,14.99,false,false,near_mint,en,USD,2024-11-20T06:48:15.911Z
[SOLD] Claim Sales November 2024,list,Reanimate,CC2,Commander Collection: Black,5,normal,rare,1,61254,d27c6aaa-289e-451e-8fde-97a044c53fc4,9.49,false,false,near_mint,en,USD,2024-11-20T06:50:42.964Z
[SOLD] Claim Sales November 2024,list,Demonic Tutor,CMM,Commander Masters,150,normal,mythic,1,84690,a24b4cb6-cebb-428b-8654-74347a6a8d63,49.99,false,false,near_mint,en,USD,2024-11-20T06:50:42.964Z
[SOLD] Claim Sales November 2024,list,Bolas's Citadel,PWAR,War of the Spark Promos,79p,normal,rare,1,47240,cb51c4f3-b1c8-4741-98a9-0fb8d39267f3,8.99,false,false,near_mint,en,USD,2024-11-20T06:50:42.964Z
[SOLD] Claim Sales November 2024,list,"Vito, Thorn of the Dusk Rose",M21,Core Set 2021,127,normal,rare,1,50709,0fe79ee4-c3f3-4a6b-a967-203ca3b70ee5,7.49,false,false,near_mint,en,USD,2024-11-20T06:50:42.964Z
[SOLD] Claim Sales November 2024,list,Revel in Riches,XLN,Ixalan,117,normal,rare,1,3895,79b0e035-8716-469d-99ae-a530cd96ef09,18.99,false,false,near_mint,en,USD,2024-11-20T06:50:42.964Z
[SOLD] Claim Sales November 2024,list,Alms Collector,SLD,Secret Lair Drop,1227,normal,rare,1,79021,da88239e-1155-4657-9685-ab3f323672ea,9.99,false,false,near_mint,en,USD,2024-11-20T06:53:36.458Z
[SOLD] Claim Sales November 2024,list,Phyrexian Altar,2X2,Double Masters 2022,311,normal,rare,1,70390,95d9f93c-50a8-41a9-be98-d1900bf1c12f,39.99,false,false,near_mint,en,USD,2024-11-20T06:55:43.840Z
[SOLD] Claim Sales November 2024,list,"Takenuma, Abandoned Mire",NEO,Kamigawa: Neon Dynasty,278,normal,rare,1,66530,499037cc-a577-41cb-8ca2-5e117945634f,10.99,false,false,near_mint,en,USD,2024-11-20T06:56:15.806Z
[SOLD] Claim Sales November 2024,list,Cabal Coffers,MH2,Modern Horizons 2,301,normal,mythic,1,59844,e1efb0d3-2c72-46ff-bdc1-1069967365a0,27.99,false,false,near_mint,en,USD,2024-11-20T06:56:15.806Z
[SOLD] Claim Sales November 2024,list,"Ruby, Daring Tracker",WOE,Wilds of Eldraine,212,normal,uncommon,1,85870,ffb5786b-6825-4ebf-a1e1-80011340adbb,0.49,false,false,near_mint,en,USD,2024-11-20T06:57:49.898Z
[SOLD] Claim Sales November 2024,list,Hit the Mother Lode,LCI,The Lost Caverns of Ixalan,153,normal,rare,4,88986,e75f460c-43e2-4353-8b73-71ff8651a79d,0.49,false,false,near_mint,en,USD,2024-11-20T08:53:24.430Z
[SOLD] Claim Sales November 2024,list,Tishana's Tidebinder,LCI,The Lost Caverns of Ixalan,81,normal,rare,2,88691,907b3d1d-8c85-4707-80b5-c4d832df9846,8.66,false,false,near_mint,en,USD,2024-11-20T09:56:15.612Z
[SOLD] Claim Sales November 2024,list,Jadelight Spelunker,LCI,The Lost Caverns of Ixalan,382,normal,rare,1,88251,0987d47f-8a4b-47fc-9c5d-641f57631af0,0.49,false,false,near_mint,en,USD,2024-11-20T09:58:23.953Z
[SOLD] Claim Sales November 2024,list,Daemogoth Woe-Eater,STX,Strixhaven: School of Mages,175,normal,uncommon,1,58317,c965cbe3-50e5-41bb-bdb9-e65d97aab716,0.35,false,false,near_mint,en,USD,2024-11-22T06:44:35.086Z
[SOLD] Claim Sales November 2024,list,"Vrestin, Menoptra Leader",WHO,Doctor Who,166,normal,rare,1,87765,b117d388-ac94-4e20-84f0-f4d242121d7f,0.49,false,false,near_mint,en,USD,2024-11-22T06:44:35.086Z
[SOLD] Claim Sales November 2024,list,"Abuelo, Ancestral Echo",LCI,The Lost Caverns of Ixalan,219,normal,rare,1,88433,40eee689-2514-421a-8056-eb7668be66ff,0.49,false,false,near_mint,en,USD,2024-11-22T06:44:35.086Z
[SOLD] Claim Sales November 2024,list,"Killian, Ink Duelist",STX,Strixhaven: School of Mages,197,normal,uncommon,1,58031,23ef4f09-2aa1-4a03-b2e2-66d1522f1e46,0.59,false,false,near_mint,en,USD,2024-11-22T06:44:35.086Z
[SOLD] Claim Sales November 2024,list,Doom Blade,STA,Strixhaven Mystical Archive,28,foil,rare,1,58175,7e6c0fe2-a82b-42cb-8629-b9f00b7f08e9,0.99,false,false,near_mint,en,USD,2024-11-22T09:23:19.383Z
[SOLD] Claim Sales November 2024,list,Lightning Helix,STA,Strixhaven Mystical Archive,62,normal,rare,3,58027,227ac87a-7196-40d0-ab00-98ebafcca09a,0.69,false,false,near_mint,en,USD,2024-11-22T09:23:19.383Z
[SOLD] Claim Sales November 2024,list,Despark,STA,Strixhaven Mystical Archive,59,normal,rare,1,58306,c2743ca3-8b4a-429a-9f9b-090d632b6601,0.79,false,false,near_mint,en,USD,2024-11-22T09:23:19.383Z
[SOLD] Claim Sales November 2024,list,Inquisition of Kozilek,STA,Strixhaven Mystical Archive,31,normal,rare,2,58333,d47df2c2-437d-4b8e-82cc-1707e3efd5b5,0.59,false,false,near_mint,en,USD,2024-11-22T09:23:19.383Z
[SOLD] Claim Sales November 2024,list,Stone Rain,STA,Strixhaven Mystical Archive,45,normal,rare,1,58392,f60687e5-9384-4453-833e-2c76f25bfac5,0.49,false,false,near_mint,en,USD,2024-11-22T09:23:19.383Z
[SOLD] Claim Sales November 2024,list,Campus Renovation,MAT,March of the Machine: The Aftermath,77,normal,uncommon,1,82598,a7d4a5b9-2594-413d-a0c1-32b09f54d9d2,0.35,false,false,near_mint,en,USD,2024-11-22T09:23:19.383Z
[SOLD] Claim Sales November 2024,list,Whirlwind Denial,STA,Strixhaven Mystical Archive,23,normal,uncommon,1,58400,f7a0c25a-8760-44ea-a418-fcd4a9761632,0.35,false,false,near_mint,en,USD,2024-11-22T09:23:19.383Z
[SOLD] Claim Sales November 2024,list,All Will Be One,ONE,Phyrexia: All Will Be One,118,normal,mythic,1,78611,6d75e1f4-bd63-428e-8e6e-131594b3ba44,16.99,false,false,near_mint,en,USD,2024-11-22T09:54:48.364Z
[SOLD] Claim Sales November 2024,list,Uncivil Unrest,MOC,March of the Machine Commander,35,normal,rare,1,81324,31afae93-d3c7-49c3-9f00-2cd9621e0ff8,12.99,false,false,near_mint,en,USD,2024-11-22T09:54:48.364Z
[SOLD] Claim Sales November 2024,list,Chandra's Incinerator,M21,Core Set 2021,302,normal,rare,1,50967,b906cdb4-6a82-4611-abde-43566f9d01eb,2.79,false,false,near_mint,en,USD,2024-11-22T09:54:48.364Z
[SOLD] Claim Sales November 2024,list,Champion of Lambholt,MOC,March of the Machine Commander,293,normal,rare,1,81647,46eff31d-f460-48f2-aab7-8b9b89cd87fe,1.79,false,false,near_mint,en,USD,2024-11-22T10:49:45.839Z
[SOLD] Claim Sales November 2024,list,Kalonian Hydra,MOC,March of the Machine Commander,305,normal,mythic,1,81546,1d21ae20-2ef5-4dc0-aced-97497e6a8025,7.49,false,false,near_mint,en,USD,2024-11-22T10:49:45.839Z
[SOLD] Claim Sales November 2024,list,Cultivate,MOC,March of the Machine Commander,295,normal,common,1,81722,66a82a81-9b3e-421c-b916-15f40f359bf8,1.29,false,false,near_mint,en,USD,2024-11-22T10:49:45.839Z
[SOLD] Claim Sales November 2024,list,Swords to Plowshares,MOC,March of the Machine Commander,211,normal,uncommon,1,81777,81c31217-7919-40fd-97e7-88431b7bd277,2.29,false,false,near_mint,en,USD,2024-11-24T11:14:06.587Z
[SOLD] Claim Sales November 2024,list,Restoration Angel,AVR,Avacyn Restored,32,normal,rare,1,18246,c2ad8639-e586-47f4-baca-2a1af5aa281b,0.79,false,false,near_mint,en,USD,2024-11-24T11:14:06.587Z
[SOLD] Claim Sales November 2024,list,Felidar Guardian,AER,Aether Revolt,19,normal,uncommon,1,6395,44bdbed8-5d21-4bf5-8a32-9623b1139c85,2.29,false,false,near_mint,en,USD,2024-11-24T11:14:06.587Z
[SOLD] Claim Sales November 2024,list,Thrill of Possibility,STA,Strixhaven Mystical Archive,46,normal,uncommon,1,58161,78ba24c2-73c3-4630-bb8e-7431e5b3aebd,0.39,false,false,near_mint,en,USD,2024-11-27T07:57:27.077Z
[SOLD] Claim Sales November 2024,list,Putrefy,STA,Strixhaven Mystical Archive,63,normal,rare,1,58058,3882ebea-2864-40ef-a21d-6ba80a0bd417,0.69,false,false,near_mint,en,USD,2024-11-27T07:57:27.077Z
[SOLD] Claim Sales November 2024,list,Arcane Signet,MOC,March of the Machine Commander,348,normal,common,1,81738,6fc44891-b291-4234-8e11-a3d86ec26c83,0.99,false,false,near_mint,en,USD,2024-11-27T10:02:54.913Z
[SOLD] Claim Sales November 2024,list,Commander's Sphere,MOC,March of the Machine Commander,352,normal,common,1,81951,c8ffce25-18a5-4232-aa7c-d5c1a88e6052,0.39,false,false,near_mint,en,USD,2024-11-27T10:02:54.913Z
[SOLD] Claim Sales November 2024,list,Sol Ring,MOC,March of the Machine Commander,381,normal,uncommon,1,82037,eca9ae7b-a6d9-43ea-92d4-0110fd6643a7,1.99,false,false,near_mint,en,USD,2024-11-27T10:02:54.913Z
[SOLD] Claim Sales November 2024,list,Mayael's Aria,2X2,Double Masters 2022,253,normal,rare,1,70420,a53170fe-7f18-47ef-b501-1ed398306419,2.29,false,false,near_mint,en,USD,2024-11-27T11:10:50.526Z
[SOLD] Claim Sales November 2024,list,"Halana and Alena, Partners",VOW,Innistrad: Crimson Vow,239,foil,rare,1,64236,608fa232-f5fe-4c58-9efe-fb780f454b19,2.49,false,false,near_mint,en,USD,2024-11-27T11:10:50.526Z
[SOLD] Claim Sales November 2024,list,Armadillo Cloak,PLST,The List,EMA-195,normal,uncommon,1,47966,d41ef640-3bef-487b-9eca-738233c494b7,1.79,false,false,near_mint,en,USD,2024-11-27T11:10:50.526Z
[SOLD] Claim Sales November 2024,list,Nesting Grounds,C20,Commander 2020,71,normal,rare,1,50347,cf559d4e-07a7-4ca4-b76a-d0615222cb60,0.49,false,false,near_mint,en,USD,2024-11-28T07:59:02.464Z
[SOLD] Claim Sales November 2024,list,Temple of Triumph,MOC,March of the Machine Commander,438,normal,rare,1,81664,4f7eb4fa-8950-42e5-8695-b9c3bba91f7d,0.49,false,false,near_mint,en,USD,2024-11-28T07:59:02.464Z
[SOLD] Claim Sales November 2024,list,Sungrass Prairie,MOC,March of the Machine Commander,427,normal,rare,1,81960,cdc9ad2c-a0a9-4b38-8941-c300751ce23d,0.49,false,false,near_mint,en,USD,2024-11-28T07:59:02.464Z
[SOLD] Claim Sales November 2024,list,Horizon Canopy,WHO,Doctor Who,287,normal,rare,1,87246,3cf2baad-0160-419d-bba5-f4f35596aa61,2.99,false,false,near_mint,en,USD,2024-11-28T07:59:02.464Z
[SOLD] Claim Sales November 2024,list,Temple of Plenty,MOC,March of the Machine Commander,435,normal,rare,1,81673,52f06041-0dce-45b2-bb05-833c0ebb438f,0.49,false,false,near_mint,en,USD,2024-11-28T07:59:02.464Z
[SOLD] Claim Sales November 2024,list,Fortified Village,MOC,March of the Machine Commander,401,normal,rare,1,81527,13c942f1-fe8e-4a2f-a9c6-6f71501545e6,0.49,false,false,near_mint,en,USD,2024-11-28T07:59:02.464Z
[SOLD] Claim Sales November 2024,list,Exotic Orchard,MOC,March of the Machine Commander,398,normal,rare,1,81562,2448d4fb-f327-4a68-b5ce-806f63425f0a,0.49,false,false,near_mint,en,USD,2024-11-28T07:59:02.464Z
[SOLD] Claim Sales November 2024,list,Fear of Missing Out,DSK,Duskmourn: House of Horror,136,normal,rare,1,95607,9d48aaff-46ab-411b-9456-171d4709f951,4.49,false,false,near_mint,en,USD,2024-12-15T07:03:41.043Z
[SOLD] Claim Sales November 2024,list,Sheltered by Ghosts,DSK,Duskmourn: House of Horror,30,normal,uncommon,1,99103,389f3f7b-be40-4a2d-b5cc-28471a577981,6.99,false,false,near_mint,en,USD,2024-12-15T07:18:10.385Z
[SOLD] Claim Sales November 2024,list,Tezzeret's Gambit,STA,Strixhaven Mystical Archive,21,normal,rare,1,57978,05e5dbfd-84cf-4fe1-850f-3d2965ed3120,0.59,false,false,near_mint,en,USD,2024-12-17T07:58:38.688Z
[SOLD] Claim Sales November 2024,list,Glimpse the Core,LCI,The Lost Caverns of Ixalan,186,normal,uncommon,4,88952,de7d6aed-3dc8-417d-a190-1660cfc8ee4a,0.35,false,false,near_mint,en,USD,2024-12-17T08:01:54.071Z
[SOLD] Claim Sales November 2024,list,Spring-Leaf Avenger,NEO,Kamigawa: Neon Dynasty,208,normal,rare,1,66888,74b1ba9c-ee62-461f-8422-f791274e2f1c,0.49,false,false,near_mint,en,USD,2024-12-17T08:01:54.071Z
[SOLD] Claim Sales November 2024,list,Adventurous Impulse,STA,Strixhaven Mystical Archive,49,normal,uncommon,1,58362,e7b44893-e6d1-48d0-ba69-06b9569e1e38,0.35,false,false,near_mint,en,USD,2024-12-17T08:02:26.504Z
[SOLD] Claim Sales November 2024,list,Diamond Pick-Axe,LCI,The Lost Caverns of Ixalan,143,normal,uncommon,3,88470,4ae30fa7-3d1d-417f-80d7-a668236cb2c1,0.99,false,false,near_mint,en,USD,2024-11-20T08:53:24.430Z
[SOLD] Claim Sales November 2024,list,"Omnath, Locus of All",MOM,March of the Machine,249,normal,rare,1,80440,33d94ecf-758b-4f68-a7be-6bf3ff1047f4,0.49,false,false,near_mint,en,USD,2024-12-17T08:26:56.666Z
[SOLD] Claim Sales November 2024,list,Daemogoth Titan,STX,Strixhaven: School of Mages,174,normal,rare,3,58308,c2f18828-ade7-4b99-97b2-e34bc2fdb68c,0.79,false,false,near_mint,en,USD,2024-11-05T08:36:16.492Z
[SOLD] Claim Sales November 2024,list,Dramatic Finale,STX,Strixhaven: School of Mages,180,normal,rare,1,58257,a8ec9be6-c8ad-4a82-8253-c49cdb9443ba,0.49,false,false,near_mint,en,USD,2024-12-17T08:27:29.225Z
[SOLD] Claim Sales November 2024,list,Necroblossom Snarl,STX,Strixhaven: School of Mages,269,normal,rare,2,58276,b0aed316-c28a-4c1a-a0a3-ab75ceba3ee7,0.59,false,false,near_mint,en,USD,2024-11-27T07:54:16.487Z
[SOLD] Claim Sales November 2024,list,Roaming Throne,LCI,The Lost Caverns of Ixalan,344,normal,rare,2,88281,0ff7858d-f18d-4e5a-9467-ebef3ef53ac1,41.85,false,false,near_mint,en,USD,2024-12-17T08:08:50.027Z
[SOLD] Claim Sales November 2024,list,Roaming Throne,LCI,The Lost Caverns of Ixalan,258,normal,rare,3,88390,32fd8b7c-baf3-4d3d-be6f-044a917b11a0,39.68,false,false,near_mint,en,USD,2024-11-22T06:34:44.130Z
Sold Archive,list,Orzhov Enforcer,RNA,Ravnica Allegiance,79,normal,uncommon,1,43785,6a72b49e-be14-485b-a467-31cbac9aa1c5,0.35,false,false,near_mint,en,USD,2023-09-26T22:42:27.003Z
Sold Archive,list,Apprentice Necromancer,UMA,Ultimate Masters,84,normal,uncommon,1,43417,18d86ad3-e0a1-43da-9dc1-a9028b719c99,1.79,false,false,near_mint,en,USD,2023-09-27T10:31:26.413Z
Sold Archive,list,Big Game Hunter,TSR,Time Spiral Remastered,102,normal,uncommon,1,57577,2cec1014-375c-4877-95e3-093d24c02bc8,0.59,false,false,near_mint,en,USD,2023-09-27T10:31:26.413Z
Sold Archive,list,Bone Shredder,MH2,Modern Horizons 2,272,normal,uncommon,1,59594,63d0b5f0-ed45-4b30-9c24-1c12011e3513,0.35,false,false,near_mint,en,USD,2023-09-27T10:31:26.413Z
Sold Archive,list,Cadaver Imp,CMM,Commander Masters,141,normal,common,1,85039,f06ab823-9591-460d-a896-3073d9843df0,0.35,false,false,near_mint,en,USD,2023-09-27T10:31:26.413Z
Sold Archive,list,Cloak and Dagger,MOR,Morningtide,141,normal,uncommon,1,24884,38bb3e3c-1a7d-4bc4-b69d-6a8e9f1b3fe7,0.79,false,false,near_mint,en,USD,2023-09-27T10:31:26.413Z
Sold Archive,list,Dread Presence,M20,Core Set 2020,96,normal,rare,1,45365,0430db1a-5cad-4444-ba93-57fb32e65606,1.99,false,false,near_mint,en,USD,2023-09-27T10:31:26.413Z
Sold Archive,list,"Krav, the Unredeemed",BBD,Battlebond,4,normal,rare,1,1989,67bd3c49-ff73-4630-a4ee-c782f03e511d,4.49,false,false,near_mint,en,USD,2023-09-27T10:31:26.413Z
Sold Archive,list,Mindless Automaton,MOC,March of the Machine Commander,365,normal,uncommon,1,81999,db51ea5c-762f-4c60-9cf5-9c9fe5270f65,0.35,false,false,near_mint,en,USD,2023-09-27T10:31:26.413Z
Sold Archive,list,Pilgrim's Eye,CLB,Commander Legends: Battle for Baldur's Gate,333,normal,common,1,68945,32161267-e12b-454f-a7e1-94e078566ffa,0.35,false,false,near_mint,en,USD,2023-09-27T10:31:26.413Z
Sold Archive,list,"Shirei, Shizo's Caretaker",CMM,Commander Masters,676,normal,uncommon,1,85047,f25def92-c566-4ca9-8bda-e8917fc6582c,0.59,false,false,near_mint,en,USD,2023-09-27T10:31:26.413Z
Sold Archive,list,Skittering Surveyor,DOM,Dominaria,230,normal,common,1,2046,90c7bea0-79c9-4856-8279-cef7cee82fc1,0.35,false,false,near_mint,en,USD,2023-09-27T10:31:26.413Z
Sold Archive,list,Skyscanner,M19,Core Set 2019,245,normal,common,1,1067,bd2c1fb7-3c1d-49a9-b2c2-78ba2264df38,0.35,false,false,near_mint,en,USD,2023-09-27T10:31:26.413Z
Sold Archive,list,Twilight's Call,DDJ,Duel Decks: Izzet vs. Golgari,76,normal,rare,1,17460,a6e04dd2-75ad-4427-93cc-37226340c2fb,1.29,false,false,near_mint,en,USD,2023-09-27T10:31:26.413Z
Sold Archive,list,Unearth,MH1,Modern Horizons,113,normal,common,1,44821,b62abd0c-ec3e-45d7-989d-da269812aeef,0.39,false,false,near_mint,en,USD,2023-09-27T10:31:26.413Z
Sold Archive,list,Vampiric Rites,J22,Jumpstart 2022,484,normal,uncommon,1,76863,f4afbfbc-55d3-4cea-be37-9c6c015d121d,0.39,false,false,near_mint,en,USD,2023-09-27T10:31:26.413Z
Sold Archive,list,Yarok's Fenlurker,M20,Core Set 2020,123,normal,uncommon,1,45338,16b122f8-fcd9-4b2a-92f6-f0ed7307ff58,0.39,false,false,near_mint,en,USD,2023-09-27T10:31:26.413Z
Sold Archive,list,Wrath of God,SLD,Secret Lair Drop,185,normal,rare,1,58933,caff117f-844b-4d11-a104-930d7f238114,6.99,false,false,near_mint,en,USD,2023-09-30T06:01:43.784Z
Sold Archive,list,Acolyte of Bahamut,CLB,Commander Legends: Battle for Baldur's Gate,212,normal,uncommon,1,69225,b0260e1f-ff6a-4ef3-bef7-8c77f8413500,0.35,false,false,near_mint,en,USD,2023-10-01T13:21:42.583Z
Sold Archive,list,Astral Dragon,CLB,Commander Legends: Battle for Baldur's Gate,664,normal,rare,1,69546,670fbc63-4c9b-4e57-b53e-4ca4d7a224ba,4.99,false,false,near_mint,en,USD,2023-10-01T13:21:42.583Z
Sold Archive,list,Skanos Dragonheart,CLB,Commander Legends: Battle for Baldur's Gate,255,normal,uncommon,1,69344,e2f9233c-9d9f-480b-89fb-54d74d63a17a,0.35,false,false,near_mint,en,USD,2023-10-01T13:23:42.661Z
Sold Archive,list,Sunbird's Invocation,C21,Commander 2021,180,normal,rare,1,58597,75c1eb6a-2183-4f60-b075-f7289df35be7,0.99,false,false,near_mint,en,USD,2023-10-06T06:11:02.640Z
Sold Archive,list,"Solphim, Mayhem Dominus",ONE,Phyrexia: All Will Be One,150,normal,mythic,1,78830,c3a0c7f3-7fb9-43de-a9af-96532c31e5ed,11.99,false,false,near_mint,en,USD,2023-10-06T06:11:02.640Z
Sold Archive,list,Breya's Apprentice,MH2,Modern Horizons 2,117,normal,rare,1,59788,c32b5b2e-dabf-4672-b476-4873781f636e,0.49,false,false,near_mint,en,USD,2023-10-06T06:11:02.640Z
Sold Archive,list,Death-Greeter's Champion,MOC,March of the Machine Commander,30,normal,rare,1,81128,7cb2b582-1c45-4bb2-8aef-59a71a5a9e94,0.49,false,false,near_mint,en,USD,2023-10-06T06:11:02.640Z
Sold Archive,list,Temporal Firestorm,DMU,Dominaria United,147,foil,rare,1,71642,9d690340-75f1-4733-bde5-2d60fd02f060,0.49,false,false,near_mint,en,USD,2023-10-06T06:11:02.640Z
Sold Archive,list,Supernatural Stamina,2X2,Double Masters 2022,93,normal,common,1,70283,69a0278b-3198-4c8d-b20c-f42e8b1569f4,0.35,false,false,near_mint,en,USD,2023-10-06T06:13:52.879Z
Sold Archive,list,Haunt of the Dead Marshes,LTR,The Lord of the Rings: Tales of Middle-earth,90,normal,common,1,83151,673c6c12-2513-4d1b-acf0-6a1f741d49dd,0.35,false,false,near_mint,en,USD,2023-10-06T06:13:52.879Z
Sold Archive,list,"Taborax, Hope's Demise",CMM,Commander Masters,189,normal,uncommon,1,84566,84bb6abe-3844-4399-b38a-1d6dd81a6c78,0.35,false,false,near_mint,en,USD,2023-10-06T06:13:52.879Z
Sold Archive,list,Lampad of Death's Vigil,THB,Theros Beyond Death,103,normal,common,1,46959,e8c9ada9-ea25-4a96-a4be-e4cf8f7a014f,0.35,false,false,near_mint,en,USD,2023-10-06T06:13:52.879Z
Sold Archive,list,White Sun's Twilight,ONE,Phyrexia: All Will Be One,38,normal,rare,1,78983,fff13d77-8133-4328-b91e-efce229bc331,2.49,false,false,near_mint,en,USD,2023-10-06T06:20:14.980Z
Sold Archive,list,Luminarch Aspirant,ZNR,Zendikar Rising,24,normal,rare,1,54841,fe964e7e-e2c5-4263-889d-0a531eb51442,0.49,false,false,near_mint,en,USD,2023-10-06T06:20:14.980Z
Sold Archive,list,Aerial Extortionist,NCC,New Capenna Commander,11,normal,rare,1,68144,219a1d6c-e886-4d5a-a501-d5149fcd1871,1.99,false,false,near_mint,en,USD,2023-10-06T06:20:14.980Z
Sold Archive,list,"Heliod, Sun-Crowned",CMM,Commander Masters,29,foil,mythic,1,84211,3245ff74-1f9c-4518-a23f-1579f338f232,16.99,false,false,near_mint,en,USD,2023-10-06T06:20:14.980Z
Sold Archive,list,Bramble Familiar // Fetch Quest,PWOE,Wilds of Eldraine Promos,164s,foil,rare,1,86224,a6ad9868-cc48-4597-9cb3-ff8dfa10b8a1,1.29,false,false,near_mint,en,USD,2023-10-06T06:22:44.962Z
Sold Archive,list,Overwhelming Encounter,CLB,Commander Legends: Battle for Baldur's Gate,245,foil,uncommon,1,69064,616c498c-ac7c-4e58-8789-9bde047c2d47,0.49,false,false,near_mint,en,USD,2023-10-06T06:23:44.393Z
Sold Archive,list,Bred for the Hunt,DGM,Dragon's Maze,59,normal,uncommon,1,16406,4258a536-2275-45e8-8833-e921ca15c5a7,0.35,false,false,near_mint,en,USD,2023-10-06T06:24:55.993Z
Sold Archive,list,Prophet of Kruphix,THS,Theros,199,normal,rare,1,15465,45de923f-fdab-460c-96f4-f62aefa9ad73,0.59,false,false,near_mint,en,USD,2023-10-06T06:25:13.286Z
Sold Archive,list,Sorcerer Class,AFR,Adventures in the Forgotten Realms,233,foil,rare,1,60512,f754b385-a28d-48de-a91f-2b4f33cc47f7,1.99,false,false,near_mint,en,USD,2023-10-06T06:25:40.517Z
Sold Archive,list,Botanical Brawler,MOM,March of the Machine,384,normal,uncommon,1,81142,85dcbfc4-9791-496e-b17a-7ff1b3978e0c,0.35,false,false,near_mint,en,USD,2023-10-06T06:26:00.727Z
Sold Archive,list,"Nashi, Moon's Legacy",MAT,March of the Machine: The Aftermath,174,normal,rare,1,82551,7275cea3-01ba-41ea-9665-a07a57ecfe50,0.79,false,false,near_mint,en,USD,2023-10-06T06:26:33.449Z
Sold Archive,list,"Dromoka, the Eternal",FRF,Fate Reforged,151,normal,rare,1,11975,10a10e86-d2cd-4193-85f5-5e4908c30e7f,0.59,false,false,near_mint,en,USD,2023-10-06T06:26:52.442Z
Sold Archive,list,Ornithopter of Paradise,MH2,Modern Horizons 2,430,normal,common,1,59448,23ac45cf-4dc8-47b9-8ca8-e72464f745d6,0.79,false,false,near_mint,en,USD,2023-10-06T06:28:21.925Z
Sold Archive,list,Witch's Cauldron,CMM,Commander Masters,199,normal,common,1,84361,51c15046-dd24-41aa-96f3-fb008a6988dd,0.35,false,false,near_mint,en,USD,2023-10-06T06:28:45.007Z
Sold Archive,list,Artisan of Kozilek,NCC,New Capenna Commander,191,normal,uncommon,1,68446,e3fef480-ee0e-41e1-9db3-68e945e7e867,0.39,false,false,near_mint,en,USD,2023-10-06T06:28:53.595Z
Sold Archive,list,Transmogrant Altar,BRO,The Brothers' War,124,normal,uncommon,1,75778,ca28d210-a35d-491e-beda-76b95d09dc2d,0.35,false,false,near_mint,en,USD,2023-10-06T06:29:06.024Z
Sold Archive,list,Mines of Moria,LTR,The Lord of the Rings: Tales of Middle-earth,342,foil,rare,1,82911,1d6cbb58-8c82-49b5-ae9c-f3baaa8bcc22,1.49,false,false,near_mint,en,USD,2023-10-06T06:29:53.846Z
Sold Archive,list,"Boseiju, Who Shelters All",LTC,Tales of Middle-earth Commander,359,foil,mythic,1,83445,bafe3253-feed-4cb9-a13c-9a9105462a8b,13.99,false,false,near_mint,en,USD,2023-10-06T06:30:32.530Z
Sold Archive,list,Temple of the False God,C21,Commander 2021,326,normal,uncommon,1,58868,dfc7261b-cf34-4bdb-a0f4-704e22ac3865,0.49,false,false,near_mint,en,USD,2023-10-06T14:30:19.722Z
Sold Archive,list,Ash Barrens,40K,"Warhammer 40,000 Commander",265,normal,uncommon,1,72308,2816a820-bde0-404a-ba2c-86fbe461e01b,0.35,false,false,near_mint,en,USD,2023-10-06T14:30:19.722Z
Sold Archive,list,Blighted Woodland,C20,Commander 2020,258,normal,uncommon,1,50160,b4073c69-fce0-4755-97f2-0a10fabed3e4,0.49,false,false,near_mint,en,USD,2023-10-06T14:30:19.722Z
Sold Archive,list,Mosswort Bridge,NCC,New Capenna Commander,415,normal,rare,1,68402,cad76383-289a-4ee7-a153-f7a276babe26,0.59,false,false,near_mint,en,USD,2023-10-06T14:30:19.722Z
Sold Archive,list,Thriving Bluff,JMP,Jumpstart,33,normal,common,3,51141,15481459-3703-4185-ad27-105d95691e9d,0.35,false,false,near_mint,en,USD,2023-10-06T14:30:19.722Z
Sold Archive,list,Cliffgate,CLB,Commander Legends: Battle for Baldur's Gate,350,normal,common,2,69029,557470dc-c594-4b26-81b9-356bedb0c215,0.79,false,false,near_mint,en,USD,2023-10-06T14:30:19.722Z
Sold Archive,list,Sea Gate,CLB,Commander Legends: Battle for Baldur's Gate,359,normal,common,1,69326,d97f31e1-bcaf-4316-a2de-49e2cf7566ec,1.29,false,false,near_mint,en,USD,2023-10-06T14:30:19.722Z
Sold Archive,list,Canopy Vista,CMM,Commander Masters,989,normal,rare,1,84659,9b99bb11-bec7-4c50-a0c8-49740655f725,0.59,false,false,near_mint,en,USD,2023-10-06T14:30:19.722Z
Sold Archive,list,Sungrass Prairie,C20,Commander 2020,317,normal,rare,1,50101,cf6e4f8e-5c02-4aa4-b065-4fe0b0ed2772,0.49,false,false,near_mint,en,USD,2023-10-06T14:30:19.722Z
Sold Archive,list,Canopy Vista,C20,Commander 2020,261,normal,rare,1,50157,d625f96a-6d61-4fe8-8fe3-6205c86b6846,0.49,false,false,near_mint,en,USD,2023-10-06T14:30:19.722Z
Sold Archive,list,Blossoming Sands,NEO,Kamigawa: Neon Dynasty,265,normal,common,1,66914,d290ec6b-15a6-49e8-abd2-b8c4d0f556eb,0.35,false,false,near_mint,en,USD,2023-10-06T14:30:19.722Z
Sold Archive,list,Bloodfell Caves,NEO,Kamigawa: Neon Dynasty,264,foil,common,1,66906,ba06fcda-7ab8-48d4-8656-2a911e73dc44,0.49,false,false,near_mint,en,USD,2023-10-06T14:30:19.722Z
Sold Archive,list,Frontier Siege,FRF,Fate Reforged,131,normal,rare,1,11995,a474981a-581a-49c0-a036-87afaaeea7ef,0.69,false,false,near_mint,en,USD,2023-10-06T14:32:36.132Z
Sold Archive,list,Ghoulcaller Gisa,CC2,Commander Collection: Black,2,normal,mythic,1,61210,779e3944-4342-4151-9963-87e8d41fd2ff,1.99,false,false,near_mint,en,USD,2023-10-06T14:32:36.132Z
Sold Archive,list,Dark Ritual,TMP,Tempest,118,normal,common,1,36881,bf4708e8-2149-4990-987c-2ea55fc6c508,1.99,false,false,near_mint,en,USD,2023-10-06T14:32:36.132Z
Sold Archive,list,"Liliana, Heretical Healer // Liliana, Defiant Necromancer",CC2,Commander Collection: Black,1,normal,mythic,1,61257,d8b718d8-fca3-4b3e-9448-6067c8656a9a,3.99,false,false,near_mint,en,USD,2023-10-06T14:32:36.132Z
Sold Archive,list,Toxic Deluge,CMM,Commander Masters,191,normal,rare,1,84610,8f6fdd97-a896-4110-b48f-a6c49394f854,13.99,false,false,near_mint,en,USD,2023-10-06T14:32:36.132Z
Sold Archive,list,Lich's Mirror,PLST,The List,ALA-210,foil,mythic,1,47433,39f6aecb-5420-46e3-8eb0-bb560ad5b37e,1.99,false,false,near_mint,en,USD,2023-10-07T04:47:28.569Z
Sold Archive,list,Umbral Mantle,PLST,The List,SHM-267,normal,uncommon,1,63808,616e50a5-9c29-4557-a1a8-d64a2cd28d2e,6.99,false,false,near_mint,en,USD,2023-10-07T04:47:28.569Z
Sold Archive,list,Touch the Spirit Realm,NEO,Kamigawa: Neon Dynasty,40,normal,uncommon,1,66823,e16ab44e-4257-4c0c-b705-8ac1e9c1d835,0.69,false,false,near_mint,en,USD,2023-10-07T04:47:28.569Z
Sold Archive,list,Flowering of the White Tree,LTR,The Lord of the Rings: Tales of Middle-earth,15,normal,rare,1,82925,2203b2cd-48e5-471a-85fe-dc81012e5d61,4.49,false,false,near_mint,en,USD,2023-10-07T04:47:28.569Z
Sold Archive,list,March of Otherworldly Light,NEO,Kamigawa: Neon Dynasty,28,normal,rare,1,66707,553fb946-2706-475b-89f9-e4355ec9ea2b,1.99,false,false,near_mint,en,USD,2023-10-07T04:47:28.569Z
Sold Archive,list,Lion Sash,NEO,Kamigawa: Neon Dynasty,368,normal,rare,1,66345,308c8834-e06e-452a-b82e-cb2b8fe0c304,3.49,false,false,near_mint,en,USD,2023-10-07T04:47:28.569Z
Sold Archive,list,Avenger of Zendikar,NCC,New Capenna Commander,280,normal,mythic,1,68317,9685faa0-46cc-4098-9ad7-cffece741baa,6.49,false,false,near_mint,en,USD,2023-10-07T04:47:28.569Z
Sold Archive,list,Jukai Naturalist,NEO,Kamigawa: Neon Dynasty,225,foil,uncommon,1,66369,5366900b-2abf-4e5c-8507-f51aca9c7ce8,0.99,false,false,near_mint,en,USD,2023-10-07T04:47:28.569Z
Sold Archive,list,Reckoner's Bargain,NEO,Kamigawa: Neon Dynasty,120,normal,common,1,66883,6338942d-d650-4571-8ec6-4d658792c53e,0.79,false,false,near_mint,en,USD,2023-10-07T04:47:28.569Z
Sold Archive,list,"Nashi, Moon Sage's Scion",NEO,Kamigawa: Neon Dynasty,114,normal,mythic,1,66511,2893b070-a610-4273-beb2-7609a2da0499,2.49,false,false,near_mint,en,USD,2023-10-07T04:47:28.569Z
Sold Archive,list,Aetherflux Reservoir,PLST,The List,KLD-192,normal,rare,1,47815,8542d37d-99cd-4b64-a524-94d2b2a4d9c3,12.99,false,false,near_mint,en,USD,2023-10-08T05:18:27.038Z
Sold Archive,list,Skull Prophet,IKO,Ikoria: Lair of Behemoths,206,normal,uncommon,1,49871,2f5ec787-79f6-4922-a0f7-debde8f7a4be,1.29,false,false,near_mint,en,USD,2023-10-08T05:18:27.038Z
Sold Archive,list,"Karametra, God of Harvests",C20,Commander 2020,218,normal,mythic,1,50200,2bd9d26e-984c-4cf8-8c46-447f9776668f,3.49,false,false,near_mint,en,USD,2023-10-08T05:18:27.038Z
Sold Archive,list,Grisly Salvage,C20,Commander 2020,215,normal,common,1,50203,d5b4768f-fe15-4632-8bc5-bac35dc0e9e8,0.39,false,false,near_mint,en,USD,2023-10-08T05:18:27.038Z
Sold Archive,list,Leyline Prowler,WAR,War of the Spark,202,normal,uncommon,1,44202,c56b4e8f-d48e-4bb0-883d-29f978033f65,0.35,false,false,near_mint,en,USD,2023-10-08T05:18:27.038Z
Sold Archive,list,Glowspore Shaman,GRN,Guilds of Ravnica,173,normal,uncommon,1,310,08fe260a-d204-4e75-b3e5-0cd9b4ca7084,0.35,false,false,near_mint,en,USD,2023-10-08T05:18:27.038Z
Sold Archive,list,Nyx Weaver,C20,Commander 2020,226,normal,uncommon,1,50192,de71b145-6db9-490c-9e86-b441fcb107c8,0.35,false,false,near_mint,en,USD,2023-10-08T05:18:27.038Z
Sold Archive,list,Weathered Sentinels,NCC,New Capenna Commander,85,normal,rare,1,68458,ead6a871-43e1-4ebb-a685-e6fdc39aa5cc,3.99,false,false,near_mint,en,USD,2023-10-08T05:18:27.038Z
Sold Archive,list,The Beamtown Bullies,NCC,New Capenna Commander,6,foil,mythic,1,68471,f0455a79-15f4-4ea6-87ae-263ce943cfac,0.99,false,false,near_mint,en,USD,2023-10-08T05:18:27.038Z
Sold Archive,list,Inspiring Refrain,C21,Commander 2021,27,normal,rare,1,58650,a66076f9-c1b0-4718-8609-3e2efe6114ab,0.79,false,false,near_mint,en,USD,2023-10-08T05:18:27.038Z
Sold Archive,list,Drownyard Amalgam,MID,Innistrad: Midnight Hunt,50,foil,common,1,63299,71b05d44-d987-45e1-bbd9-842dbe58c2b5,0.49,false,false,near_mint,en,USD,2023-10-08T05:18:27.038Z
Sold Archive,list,Vile Entomber,MH2,Modern Horizons 2,108,normal,uncommon,1,59827,d890ae71-da2b-44fa-8cfa-9c3016c9f696,0.79,false,false,near_mint,en,USD,2023-10-08T05:18:27.038Z
Sold Archive,list,River Song's Diary,WHO,Doctor Who,460,foil,rare,1,87975,e0c73ab0-79ed-44cd-90bf-b0debdc04fad,4.99,false,false,near_mint,en,USD,2023-10-15T16:55:57.904Z
Sold Archive,list,Guardian Scalelord,MOC,March of the Machine Commander,16,normal,rare,1,81411,94716d24-e8c6-4cd2-a3ac-20cdb929bfd4,4.24,false,false,near_mint,en,USD,2023-10-15T22:32:16.258Z
Sold Archive,list,Massacre Girl,WAR,War of the Spark,99,normal,rare,1,44305,be8ec9e1-2c8e-496d-9111-4d453b75b578,0.79,false,false,near_mint,en,USD,2023-10-18T18:21:33.653Z
Sold Archive,list,Semester's End,MOC,March of the Machine Commander,204,normal,rare,1,81667,50a89f66-11b1-4b1f-a8ff-ac23e6e1e1d0,0.49,false,false,near_mint,en,USD,2023-10-18T18:21:33.653Z
Sold Archive,list,Inscription of Abundance,MOC,March of the Machine Commander,303,normal,rare,1,81794,897404de-93d8-433e-8e5f-5964d9cc2c2a,0.49,false,false,near_mint,en,USD,2023-10-18T18:21:33.653Z
Sold Archive,list,Emergent Woodwurm,MOC,March of the Machine Commander,37,normal,rare,1,81431,af1b9c3d-5700-4298-a6a5-9379cad8726e,0.79,false,false,near_mint,en,USD,2023-10-18T18:21:33.653Z
Sold Archive,list,Mosswort Bridge,MOC,March of the Machine Commander,415,normal,rare,1,81837,a02ddda8-703a-468c-93ec-87dc22820fd4,0.69,false,false,near_mint,en,USD,2023-10-18T18:21:33.653Z
Sold Archive,list,Mirror-Style Master,MOC,March of the Machine Commander,32,normal,rare,1,81451,d3481424-444e-4f13-881e-339e9c353988,0.49,false,false,near_mint,en,USD,2023-10-18T18:21:33.653Z
Sold Archive,list,Dromoka's Command,MOC,March of the Machine Commander,323,normal,rare,1,81635,43571705-6d53-4ec1-9159-c9c98771b3b6,0.49,false,false,near_mint,en,USD,2023-10-18T18:21:33.653Z
Sold Archive,list,"Kiora, Behemoth Beckoner",WAR,War of the Spark,232,normal,uncommon,1,44172,7a61b1a6-a75f-47b0-b215-de9708b6d773,1.29,false,false,near_mint,en,USD,2023-10-18T18:21:33.653Z
Sold Archive,list,Despark,C20,Commander 2020,209,normal,uncommon,1,50209,4a8bb7d9-14d3-41e3-8721-4a9036468dfc,0.79,false,false,near_mint,en,USD,2023-10-18T18:21:33.653Z
Sold Archive,list,Adventurous Impulse,STA,Strixhaven Mystical Archive,49,normal,uncommon,1,58362,e7b44893-e6d1-48d0-ba69-06b9569e1e38,0.35,false,false,near_mint,en,USD,2023-10-18T18:21:33.653Z
Sold Archive,list,Putrefy,STA,Strixhaven Mystical Archive,63,normal,rare,1,58058,3882ebea-2864-40ef-a21d-6ba80a0bd417,0.79,false,false,near_mint,en,USD,2023-10-18T18:21:33.653Z
Sold Archive,list,Thrill of Possibility,STA,Strixhaven Mystical Archive,46,normal,uncommon,1,58161,78ba24c2-73c3-4630-bb8e-7431e5b3aebd,0.49,false,false,near_mint,en,USD,2023-10-18T18:21:33.653Z
Sold Archive,list,Faithless Looting,STA,Strixhaven Mystical Archive,38,normal,rare,1,58284,b429172f-2182-49dd-b6f6-e5e09493628d,0.79,false,false,near_mint,en,USD,2023-10-18T18:21:33.653Z
Sold Archive,list,Archpriest of Shadows,MOM,March of the Machine,89,normal,rare,1,81279,f5931746-a55c-4528-9e4a-ee15edab3489,0.59,false,false,near_mint,en,USD,2023-10-18T18:21:33.653Z
Sold Archive,list,Twining Twins // Swift Spiral,WOE,Wilds of Eldraine,240,normal,rare,1,85232,043718ea-59f6-4d1a-94c5-271704c1a38a,0.49,false,false,near_mint,en,USD,2023-10-18T18:21:33.653Z
Sold Archive,list,Hylda's Crown of Winter,WOE,Wilds of Eldraine,247,normal,rare,1,85660,b0d4a6c0-f00e-45a7-9c88-899460007020,0.49,false,false,near_mint,en,USD,2023-10-18T18:21:33.653Z
Sold Archive,list,Bitter Chill,WOE,Wilds of Eldraine,44,foil,uncommon,1,85543,888e3c71-e21d-4e77-b1b6-09769f9cd3d6,0.49,false,false,near_mint,en,USD,2023-10-18T18:21:33.653Z
Sold Archive,list,Back for Seconds,WOE,Wilds of Eldraine,80,foil,uncommon,1,85457,660845b5-96fa-4484-822b-aa0508801306,0.49,false,false,near_mint,en,USD,2023-10-18T18:21:33.653Z
Sold Archive,list,Archon of the Wild Rose,WOE,Wilds of Eldraine,1,foil,rare,1,85218,00174be7-0dc8-43b9-81b6-f25a8c3fb4eb,0.49,false,false,near_mint,en,USD,2023-10-18T18:21:33.653Z
Sold Archive,list,Storm-Kiln Artist,STX,Strixhaven: School of Mages,115,foil,uncommon,1,58405,fa96b8dc-233a-4884-ab84-235cbc7df0b6,1.49,false,false,near_mint,en,USD,2023-10-18T18:21:33.653Z
Sold Archive,list,"Renari, Merchant of Marvels",CLB,Commander Legends: Battle for Baldur's Gate,90,normal,uncommon,1,68893,1c044363-d661-4703-841c-8279fa4aa5e5,0.35,false,false,near_mint,en,USD,2023-10-18T18:21:33.653Z
Sold Archive,list,"Keiga, the Tide Star",IMA,Iconic Masters,63,normal,rare,1,3562,040f57ef-cea4-4935-9207-b3108e175ed5,0.99,false,false,near_mint,en,USD,2023-10-18T18:21:33.653Z
Sold Archive,list,"Kyodai, Soul of Kamigawa",NEO,Kamigawa: Neon Dynasty,407,normal,rare,1,66469,e500c22f-b16a-431b-8562-1508df7db27e,0.49,false,false,near_mint,en,USD,2023-10-18T18:21:33.653Z
Sold Archive,list,Dire Tactics,IKO,Ikoria: Lair of Behemoths,183,normal,uncommon,1,49894,e0e3974e-3753-4f25-8930-6d96b40332ce,0.35,false,false,near_mint,en,USD,2023-10-18T18:21:33.653Z
Sold Archive,list,Requiem Angel,DKA,Dark Ascension,18,normal,rare,1,18519,5385925d-05ad-4f2e-bd2c-8de6c088ed05,1.29,false,false,near_mint,en,USD,2023-10-18T18:21:33.653Z
Sold Archive,list,Alms Collector,CMM,Commander Masters,10,normal,rare,1,84231,367ac07a-a30f-4ebf-8877-27cd9ebe2f71,0.99,false,false,near_mint,en,USD,2023-10-18T18:21:33.653Z
Sold Archive,list,Tyrant's Familiar,C17,Commander 2017,143,normal,rare,1,4312,e5e8e6f6-8247-4b4a-808e-139b9b770b4e,0.89,false,false,near_mint,en,USD,2023-10-01T13:23:42.661Z
Sold Archive,list,Collector's Vault,WOE,Wilds of Eldraine,244,normal,uncommon,2,85586,967a4f27-8cd6-437d-8c05-8aedbc7ddc4b,0.89,false,false,near_mint,en,USD,2023-10-06T06:28:35.304Z
Sold Archive,list,Generous Gift,MOC,March of the Machine Commander,187,normal,uncommon,1,81592,3125ff49-32cc-4732-88e8-222527e06fa5,0.49,false,false,near_mint,en,USD,2023-10-28T21:27:26.705Z
Sold Archive,list,Crawling Chorus,ONE,Phyrexia: All Will Be One,8,normal,common,1,78766,aace4c44-7250-414b-aac4-df042a1e2e1d,0.35,false,false,near_mint,en,USD,2023-10-28T21:27:26.705Z
Sold Archive,list,Hunted Witness,GRN,Guilds of Ravnica,15,normal,common,1,468,8c31b8e5-2349-4119-9dc2-3e41c5364a78,0.35,false,false,near_mint,en,USD,2023-10-28T21:27:26.705Z
Sold Archive,list,Victory's Envoy,MIC,Midnight Hunt Commander,96,normal,rare,1,63672,b9fd4bad-0227-484d-ba48-4e7f75bb804d,0.59,false,false,near_mint,en,USD,2023-10-28T21:27:26.705Z
Sold Archive,list,Ministrant of Obligation,RNA,Ravnica Allegiance,16,normal,uncommon,1,43848,bf2a093a-25f0-4247-94dc-550865d86317,0.35,false,false,near_mint,en,USD,2023-10-28T21:27:26.705Z
Sold Archive,list,Doomed Traveler,J22,Jumpstart 2022,178,normal,common,1,76821,e98c3007-c45f-4502-ae4b-693bd64f23ba,0.35,false,false,near_mint,en,USD,2023-10-28T21:27:26.705Z
Sold Archive,list,Secret Rendezvous,STX,Strixhaven: School of Mages,26,normal,uncommon,4,58060,39528cf0-343e-499b-a69f-c5c3c2898c25,0.99,false,false,near_mint,en,USD,2023-10-28T21:27:26.705Z
Sold Archive,list,Rise and Shine,MH2,Modern Horizons 2,58,normal,rare,1,59475,2e658cb2-11c5-4b59-a91c-f26ac28e82af,0.49,false,false,near_mint,en,USD,2023-10-28T21:34:58.113Z
Sold Archive,list,Blade of Shared Souls,ONE,Phyrexia: All Will Be One,42,foil,rare,1,78454,277aeb73-4c7c-4132-b9f9-55181d57e75d,0.49,false,false,near_mint,en,USD,2023-10-28T21:34:58.113Z
Sold Archive,list,Spell Pierce,NEO,Kamigawa: Neon Dynasty,80,normal,common,2,66596,beb42273-935b-4bda-849e-c163606cf89e,0.49,false,false,near_mint,en,USD,2023-10-28T21:34:58.113Z
Sold Archive,list,As Foretold,WOT,Wilds of Eldraine: Enchanting Tales,14,normal,rare,1,85333,306937c6-0eb3-43d3-bd71-40ef7cefa9e6,1.29,false,false,near_mint,en,USD,2023-10-28T21:34:58.113Z
Sold Archive,list,Windfall,IMA,Iconic Masters,77,normal,uncommon,1,3548,357cf802-2d66-49a4-bf43-ab3bc30ab825,4.49,false,false,near_mint,en,USD,2023-10-28T21:34:58.113Z
Sold Archive,list,Fraying Sanity,WOT,Wilds of Eldraine: Enchanting Tales,19,normal,rare,2,85331,303ecebb-cadc-465a-8ef8-7b314f971f6c,0.49,false,false,near_mint,en,USD,2023-10-28T21:34:58.113Z
Sold Archive,list,Cultivate,C20,Commander 2020,170,normal,common,1,50248,69c90a17-42ad-4f27-ab1b-3790bc0813b3,1.29,false,false,near_mint,en,USD,2023-10-28T21:38:16.575Z
Sold Archive,list,Hindervines,MOC,March of the Machine Commander,301,normal,uncommon,1,81910,bab0c821-965c-4086-b787-f30a6da86ff8,0.35,false,false,near_mint,en,USD,2023-10-28T21:38:16.575Z
Sold Archive,list,Leaf-Crowned Visionary,DMU,Dominaria United,167,normal,rare,1,71679,aa7bd814-9f88-4e01-932d-07ac1abc060e,5.49,false,false,near_mint,en,USD,2023-10-28T21:38:16.575Z
Sold Archive,list,World Shaper,NCC,New Capenna Commander,323,normal,rare,1,68426,db9a0b21-2e9d-4e76-ac97-d11c299d8bd6,3.99,false,false,near_mint,en,USD,2023-10-28T21:38:16.575Z
Sold Archive,list,Woodfall Primus,NCC,New Capenna Commander,322,normal,rare,1,68318,97914abe-71d5-4bd6-87d7-8e7379abf1aa,0.49,false,false,near_mint,en,USD,2023-10-28T21:38:16.575Z
Sold Archive,list,Volcanic Vision,C21,Commander 2021,182,normal,rare,1,58743,f973e1a6-c6f9-47f5-9bf0-b7fa06959bd4,0.49,false,false,near_mint,en,USD,2023-10-28T21:41:40.364Z
Sold Archive,list,Command the Dreadhorde,WAR,War of the Spark,82,normal,rare,1,44322,de7ec307-45e0-4853-85fe-9ce859b188c2,0.69,false,false,near_mint,en,USD,2023-10-28T21:44:51.579Z
Sold Archive,list,Court of Locthwain,WOC,Wilds of Eldraine Commander,23,normal,rare,1,85640,a8e1f698-1c04-4f31-aeaa-b796c5eb5070,2.49,false,false,near_mint,en,USD,2023-10-28T21:44:51.579Z
Sold Archive,list,Feed the Swarm,ZNR,Zendikar Rising,102,normal,common,1,54824,f6b2eba7-862a-4efd-9f65-065fb2070855,0.49,false,false,near_mint,en,USD,2023-10-28T21:44:51.579Z
Sold Archive,list,Phyrexian Arena,CC2,Commander Collection: Black,4,normal,rare,1,61238,b4142d3b-9c17-4a26-949e-3fc3e600fd1c,3.99,false,false,near_mint,en,USD,2023-10-28T21:44:51.579Z
Sold Archive,list,Crux of Fate,C17,Commander 2017,107,normal,rare,1,4348,11721b88-2654-482c-b9d4-80e54efdbf63,3.99,false,false,near_mint,en,USD,2023-10-28T21:44:51.579Z
Sold Archive,list,Lich-Knights' Conquest,WOE,Wilds of Eldraine,96,normal,rare,1,85419,59cd67d3-3327-42ad-9db1-50e2f591818c,1.49,false,false,near_mint,en,USD,2023-10-28T21:44:51.579Z
Sold Archive,list,Gríma Wormtongue,LTR,The Lord of the Rings: Tales of Middle-earth,88,normal,uncommon,1,83283,8e3bd86b-e8ca-4885-a823-78fb967e6caf,0.35,false,false,near_mint,en,USD,2023-10-28T21:44:51.579Z
Sold Archive,list,"Whisper, Blood Liturgist",CMM,Commander Masters,198,normal,uncommon,1,84553,82ce13b0-372d-4664-a888-85f4c72e030d,0.35,false,false,near_mint,en,USD,2023-10-28T21:44:51.579Z
Sold Archive,list,Wave of Rats,NCC,New Capenna Commander,41,normal,rare,1,68128,154dc126-67ca-4759-a424-37f0eb52e1fa,0.49,false,false,near_mint,en,USD,2023-10-28T21:44:51.579Z
Sold Archive,list,Throne of Eldraine,WOC,Wilds of Eldraine Commander,40,normal,rare,1,85471,6bba4159-d507-4bb2-8c71-be7cd42d9277,15.99,false,false,near_mint,en,USD,2023-10-28T21:47:16.532Z
Sold Archive,list,Mirror Box,NEO,Kamigawa: Neon Dynasty,250,normal,rare,1,66460,d507daa3-3f16-4ab1-81ea-794e5bb488fc,2.29,false,false,near_mint,en,USD,2023-10-28T21:47:16.532Z
Sold Archive,list,Jaya's Immolating Inferno,DOM,Dominaria,133,normal,rare,1,2143,48268bb8-1326-451b-9fae-de6605eb6cfd,0.69,false,false,near_mint,en,USD,2023-10-29T17:29:56.571Z
Sold Archive,list,Ancient Silver Dragon,CLB,Commander Legends: Battle for Baldur's Gate,56,normal,mythic,1,69300,ced18935-4ce9-466e-a88d-2b14ff8f989f,29.99,false,false,near_mint,en,USD,2023-11-01T07:00:34.377Z
Sold Archive,list,Greatsword of Tyr,CLB,Commander Legends: Battle for Baldur's Gate,22,normal,common,1,69012,50088a60-642b-47ed-a289-ef0b617b688f,0.39,false,false,near_mint,en,USD,2023-10-28T21:27:26.705Z
Sold Archive,list,Frostboil Snarl,STX,Strixhaven: School of Mages,265,normal,rare,1,58304,c22ba565-da08-4957-93bb-8d266fe0b0d8,0.59,false,false,near_mint,en,USD,2023-11-10T07:48:46.206Z
Sold Archive,list,Gavony Township,C20,Commander 2020,276,normal,rare,1,50142,74d53774-f654-4c86-9261-b676d332e41e,1.99,false,false,near_mint,en,USD,2023-11-10T07:48:46.206Z
Sold Archive,list,Restless Vinestalk,WOE,Wilds of Eldraine,261,normal,rare,1,85789,e5f3161d-3f69-4b06-ab73-c31fc0c1520c,0.49,false,false,near_mint,en,USD,2023-11-10T07:48:46.206Z
Sold Archive,list,Obelisk of Esper,C13,Commander 2013,250,normal,common,1,15136,70b347b1-9277-4ad0-88c8-faacace08827,0.39,false,false,near_mint,en,USD,2023-11-10T07:48:46.206Z
Sold Archive,list,Blot Out the Sky,STX,Strixhaven: School of Mages,167,normal,mythic,2,57967,0141312f-4b68-4c56-b1dc-5b7e6afbb96c,0.99,false,false,near_mint,en,USD,2023-11-10T08:06:49.162Z
Sold Archive,list,"Nissa, Steward of Elements",AKH,Amonkhet,204,normal,mythic,1,5481,c79036a1-2239-4d4f-8b58-6cf9ac4863fc,2.29,false,false,near_mint,en,USD,2023-11-10T08:06:49.162Z
Sold Archive,list,Mercurial Chemister,PLST,The List,RTR-180,normal,rare,1,59030,c7ebace0-4dbf-4dbc-9f5d-2d4d88d753cc,0.49,false,false,near_mint,en,USD,2023-11-10T08:06:49.162Z
Sold Archive,list,Expressive Iteration,STX,Strixhaven: School of Mages,186,normal,uncommon,3,58050,31b770cc-09e7-4c0b-b2a4-462ab4f7200d,1.49,false,false,near_mint,en,USD,2023-11-10T08:06:49.162Z
Sold Archive,list,Velomachus Lorehold,STX,Strixhaven: School of Mages,245,normal,mythic,1,57976,04ea9067-ad50-4c43-ae4d-3f66890cd898,2.49,false,false,near_mint,en,USD,2023-11-10T08:06:49.162Z
Sold Archive,list,Tanazir Quandrix,STX,Strixhaven: School of Mages,240,normal,mythic,1,58063,3bd62ee4-e654-44ba-a650-889782cc9ac3,1.49,false,false,near_mint,en,USD,2023-11-10T08:06:49.162Z
Sold Archive,list,Tanazir Quandrix,STX,Strixhaven: School of Mages,284,normal,mythic,1,58250,a5c7241c-c053-440b-b91c-f7298080d626,2.29,false,false,near_mint,en,USD,2023-11-10T08:06:49.162Z
Sold Archive,list,Shadrix Silverquill,STX,Strixhaven: School of Mages,280,normal,mythic,1,58028,23468e63-2e7a-4e3b-970c-cb57b067d6c1,5.49,false,false,near_mint,en,USD,2023-11-10T08:06:49.162Z
Sold Archive,list,Paranoid Delusions,GTC,Gatecrash,186,normal,common,1,16638,af406038-91ce-41fe-8b6d-55408a96d0a2,0.35,false,false,near_mint,en,USD,2023-11-10T08:06:49.162Z
Sold Archive,list,"Jolene, the Plunder Queen",NCC,New Capenna Commander,73,normal,rare,1,68244,61c217d9-21d5-45ef-938a-138192a901f4,2.99,false,false,near_mint,en,USD,2023-11-10T08:06:49.162Z
Sold Archive,list,"Chishiro, the Shattered Blade",NEC,Neon Dynasty Commander,1,normal,mythic,1,66444,bffa36ac-137d-481c-b1b7-76a88ef15d54,0.99,false,false,near_mint,en,USD,2023-11-10T08:06:49.162Z
Sold Archive,list,Body of Research,STX,Strixhaven: School of Mages,168,normal,mythic,1,58234,98b56823-0076-49cc-b5aa-4accb8e2782e,0.99,false,false,near_mint,en,USD,2023-11-10T08:06:49.162Z
Sold Archive,list,"Wasitora, Nekoru Queen",PLST,The List,C17-49,normal,rare,1,68728,c7e64fad-909d-474b-8f2f-7a8d1e8aa607,0.69,false,false,near_mint,en,USD,2023-11-10T08:06:49.162Z
Sold Archive,list,Dragonlord Ojutai,NCC,New Capenna Commander,337,normal,mythic,1,68346,a9f39d28-08eb-4eff-ae55-abd377877a27,0.99,false,false,near_mint,en,USD,2023-11-10T08:06:49.162Z
Sold Archive,list,Goblin Electromancer,GRN,Guilds of Ravnica,174,normal,common,1,309,0ae987da-e4b5-4b82-843c-6aaa87262fc8,0.39,false,false,near_mint,en,USD,2023-11-10T08:06:49.162Z
Sold Archive,list,Wolfcaller's Howl,PLST,The List,C14-52,normal,rare,1,85950,f4bf2855-f5bf-4216-8123-576d6c5e1628,0.59,false,false,near_mint,en,USD,2023-11-10T10:04:20.781Z
Sold Archive,list,Scavenging Ooze,M14,Magic 2014,195,normal,rare,1,15856,ec30153a-36b5-42f8-beed-9efab09f1051,0.69,false,false,near_mint,en,USD,2023-11-10T10:04:20.781Z
Sold Archive,list,Inscription of Abundance,PZNR,Zendikar Rising Promos,186p,normal,rare,1,55283,bd955dcf-f9af-4a30-9daa-345e2b7c6a48,0.59,false,false,near_mint,en,USD,2023-11-10T10:04:20.781Z
Sold Archive,list,Displaced Dinosaurs,WHO,Doctor Who,100,normal,uncommon,2,87273,43319645-53b0-41f6-be90-9690e86e12d3,14.99,false,false,near_mint,en,USD,2023-11-10T10:04:20.781Z
Sold Archive,list,Wood Elves,MOC,March of the Machine Commander,316,normal,common,1,81671,527cf39d-29d1-4c19-9c49-ebf611ca15d5,0.59,false,false,near_mint,en,USD,2023-11-10T10:04:20.781Z
Sold Archive,list,Bontu's Monument,AKH,Amonkhet,225,normal,uncommon,1,5460,e9b00377-9acc-47c4-ae2f-b396d7050a15,5.49,false,false,near_mint,en,USD,2023-11-10T10:41:30.506Z
Sold Archive,list,Wandering Archaic // Explore the Vastlands,STX,Strixhaven: School of Mages,6,normal,rare,1,58012,18a2bdc8-b705-4eb5-b3a5-ff2e2ab8f312,6.99,false,false,near_mint,en,USD,2023-11-10T10:41:30.506Z
Sold Archive,list,Dingus Staff,WTH,Weatherlight,149,normal,uncommon,1,37148,065b4358-5dee-4f13-bff9-8254bdb92069,0.99,false,false,near_mint,en,USD,2023-11-10T10:41:30.506Z
Sold Archive,list,Coalition Relic,TSR,Time Spiral Remastered,266,normal,rare,1,57793,a9fae620-8fa5-44db-8326-11cb323c626e,1.29,false,false,near_mint,en,USD,2023-11-10T10:41:30.506Z
Sold Archive,list,Mask of Memory,CMR,Commander Legends,324,foil,uncommon,1,55855,ba275c02-8581-46a0-9c7c-8baa0fdb4982,0.99,false,false,near_mint,en,USD,2023-11-10T10:41:30.506Z
Sold Archive,list,Mite Overseer,ONE,Phyrexia: All Will Be One,404,normal,rare,1,78749,a55a5edb-edf3-4f6c-90b8-1780b1e73997,0.79,false,false,near_mint,en,USD,2023-11-10T16:50:42.863Z
Sold Archive,list,Banisher Priest,F14,Friday Night Magic 2014,3,foil,rare,1,15004,d75365b9-1fb0-4ac3-a43a-cf70eb8b37a5,0.49,false,false,near_mint,en,USD,2023-11-10T16:50:42.863Z
Sold Archive,list,Dandân,CHR,Chronicles,18,normal,common,6,39408,bfc43585-55ac-4d58-9e80-b19a7c8c8662,1.29,false,false,near_mint,en,USD,2023-11-11T07:28:49.011Z
Sold Archive,list,Entrancing Melody,XLN,Ixalan,55,normal,rare,1,3957,15732049-7e56-432f-881f-215e45b7a70e,0.49,false,false,near_mint,en,USD,2023-11-11T07:28:49.011Z
Sold Archive,list,Commander's Insight,C21,Commander 2021,23,normal,rare,1,58653,a70d1553-40f4-42ce-a02e-e42525f9d75e,0.59,false,false,near_mint,en,USD,2023-11-11T07:28:49.011Z
Sold Archive,list,Ingenious Prodigy,WOE,Wilds of Eldraine,56,normal,rare,1,85734,cf224968-b676-40dd-83c1-a9ee2ceba574,0.49,false,false,near_mint,en,USD,2023-11-11T07:28:49.011Z
Sold Archive,list,Cyber Conversion,WHO,Doctor Who,38,normal,rare,1,87991,e4ce5aa7-70cb-4ab2-9a25-4363aa2b370f,7.49,false,false,near_mint,en,USD,2023-11-11T07:28:49.011Z
Sold Archive,list,Octopus Umbra,PLST,The List,C18-11,normal,rare,1,55006,85c3cd03-bcf7-452b-bf0c-ff24f06a4f8f,2.29,false,false,near_mint,en,USD,2023-11-11T07:28:49.011Z
Sold Archive,list,Icebreaker Kraken,KHM,Kaldheim,63,normal,rare,1,57145,f1fdb9bb-09a2-4ff7-bcd4-35ea33c1b752,0.59,false,false,near_mint,en,USD,2023-11-11T07:28:49.011Z
Sold Archive,list,Icefall Regent,E01,Archenemy: Nicol Bolas,24,normal,rare,1,4902,b2dc9693-3c27-4afe-84f3-2618a0e4ca1c,0.79,false,false,near_mint,en,USD,2023-11-11T07:28:49.011Z
Sold Archive,list,Ugin's Insight,BFZ,Battle for Zendikar,87,normal,rare,1,10264,f37d5938-9c8f-4203-8f3f-d6e89ced28ef,0.49,false,false,near_mint,en,USD,2023-11-11T07:28:49.011Z
Sold Archive,list,Robe of the Archmagi,CLB,Commander Legends: Battle for Baldur's Gate,91,normal,rare,1,69103,74feb29b-5169-44d7-bded-c2c94718e61f,0.79,false,false,near_mint,en,USD,2023-11-11T07:28:49.011Z
Sold Archive,list,Thought Scour,2X2,Double Masters 2022,351,normal,common,1,70184,4370142f-441b-4e70-bef9-f79e6a877ee9,0.99,false,false,near_mint,en,USD,2023-11-11T07:28:49.011Z
Sold Archive,list,Into the Fire,MOM,March of the Machine,144,normal,rare,1,81135,80f649bb-b163-44ae-801f-8884143c407f,0.49,false,false,near_mint,en,USD,2023-11-11T10:53:16.928Z
Sold Archive,list,"Daretti, Scrap Savant",C14,Commander 2014,33,normal,mythic,1,12823,cda40e31-ba99-4565-ad92-7c687ff44bd9,0.99,false,false,near_mint,en,USD,2023-11-11T10:53:16.928Z
Sold Archive,list,Lightning Diadem,JOU,Journey into Nyx,102,foil,common,1,14547,4ce3f1c6-2e6f-4087-8619-a01fdcc6d4a3,0.49,false,false,near_mint,en,USD,2023-11-11T10:53:16.928Z
Sold Archive,list,Orb of Dragonkind,AFR,Adventures in the Forgotten Realms,381,normal,rare,1,60281,70a7c198-da05-434f-bbef-4b5e8f0597cd,3.49,false,false,near_mint,en,USD,2023-11-11T10:53:16.928Z
Sold Archive,list,Runaway Steam-Kin,GRN,Guilds of Ravnica,115,normal,rare,1,368,d8c9c111-fbc7-44e1-94bd-1ca164370623,1.49,false,false,near_mint,en,USD,2023-11-11T10:53:16.928Z
Sold Archive,list,Fiery Inscription,LTR,The Lord of the Rings: Tales of Middle-earth,126,normal,uncommon,1,83276,8c321159-43e5-40fc-9f0c-4ecc4f6cfd20,0.35,false,false,near_mint,en,USD,2023-11-11T10:53:16.928Z
Sold Archive,list,Turf War,NCC,New Capenna Commander,54,normal,rare,1,68235,5e7fecbd-66f6-44b7-8fe4-b9b5bfce3e2c,0.49,false,false,near_mint,en,USD,2023-11-11T10:53:16.928Z
Sold Archive,list,Shock,STA,Strixhaven Mystical Archive,44,normal,uncommon,2,58120,60eeb025-704c-4a82-90b2-f91202ae30d9,0.35,false,false,near_mint,en,USD,2023-11-12T04:52:59.181Z
Sold Archive,list,Claim the Firstborn,STA,Strixhaven Mystical Archive,37,normal,uncommon,1,58357,e3cb6157-ea56-4921-b803-59e3fbef0b94,0.35,false,false,near_mint,en,USD,2023-11-12T04:52:59.181Z
Sold Archive,list,Grapeshot,STA,Strixhaven Mystical Archive,39,normal,rare,2,58287,b99b45df-9602-4037-a695-09decb5f21d7,0.79,false,false,near_mint,en,USD,2023-11-12T04:55:57.765Z
Sold Archive,list,Urza's Rage,STA,Strixhaven Mystical Archive,47,normal,rare,1,58339,d80e9897-d84c-4992-9e8e-3a00f377c7e5,0.49,false,false,near_mint,en,USD,2023-11-12T04:58:43.690Z
Sold Archive,list,Gods Willing,STA,Strixhaven Mystical Archive,7,normal,rare,1,58107,57e547cd-eba4-4a75-9c4e-8eeb6e00ddc4,0.59,false,false,near_mint,en,USD,2023-11-12T06:26:12.380Z
Sold Archive,list,Negate,STA,Strixhaven Mystical Archive,18,normal,uncommon,1,58116,5bfe3a17-3349-4fcc-a9b5-418faa55cc43,0.79,false,false,near_mint,en,USD,2023-11-12T06:35:39.403Z
Sold Archive,list,Opt,STA,Strixhaven Mystical Archive,19,normal,uncommon,4,58262,ab59ac4f-2a77-4566-85c0-32666447dcf2,0.39,false,false,near_mint,en,USD,2023-11-12T06:35:39.403Z
Sold Archive,list,Bloodsoaked Champion,NCC,New Capenna Commander,243,normal,rare,1,68120,107081ae-dfda-4e54-9963-ac01161cc437,0.49,false,false,near_mint,en,USD,2023-11-13T07:49:33.869Z
Sold Archive,list,Ever After,C20,Commander 2020,133,normal,rare,1,50285,a4e6a08b-e0d6-4d41-b143-e09ac53b6249,0.49,false,false,near_mint,en,USD,2023-11-13T07:49:33.869Z
Sold Archive,list,Graveblade Marauder,NCC,New Capenna Commander,251,normal,rare,1,68134,188692aa-a326-43c9-845b-9fdc17a05d55,0.49,false,false,near_mint,en,USD,2023-11-13T07:49:33.869Z
Sold Archive,list,Ashes to Ashes,DRK,The Dark,39,normal,common,1,40464,825496e5-19c7-4f50-8070-0265a58608dc,0.49,false,false,near_mint,en,USD,2023-11-13T07:49:33.869Z
Sold Archive,list,Bloodbond Vampire,J22,Jumpstart 2022,380,normal,uncommon,1,76167,2937cc19-d0bb-4695-b4c1-5e72000e08b4,0.35,false,false,near_mint,en,USD,2023-11-13T07:49:33.869Z
Sold Archive,list,Beledros Witherbloom,STX,Strixhaven: School of Mages,163,normal,mythic,1,58227,93f786a2-a7b7-4f9e-92e8-9a6a11efe290,14.99,false,false,near_mint,en,USD,2023-11-10T08:06:49.162Z
Sold Archive,list,Dragon's Approach,STX,Strixhaven: School of Mages,97,normal,common,1,57991,0cb504a0-1dfb-49d0-84c3-7bd318d55481,3.49,false,false,near_mint,en,USD,2023-11-11T10:53:16.928Z
Sold Archive,list,Galazeth Prismari,STX,Strixhaven: School of Mages,189,normal,mythic,1,57980,06c9158c-064b-4d12-b860-d2c1450d1897,3.99,false,false,near_mint,en,USD,2023-11-10T08:06:49.162Z
Sold Archive,list,Archmage Emeritus,STX,Strixhaven: School of Mages,37,normal,rare,1,58151,761df6cd-0928-4167-8902-58fdb50181a0,4.99,false,false,near_mint,en,USD,2023-11-11T07:28:49.011Z
Sold Archive,list,Cyberman Patrol,WHO,Doctor Who,174,normal,uncommon,4,87360,566ae475-48cd-42d0-8d96-168529b2180d,1.89,false,false,near_mint,en,USD,2023-10-14T13:51:43.132Z
Sold Archive,list,Lightning Bolt,STA,Strixhaven Mystical Archive,42,normal,rare,2,58091,4eaac4fd-95f5-4f38-b593-0101e79a20f9,2.79,false,false,near_mint,en,USD,2023-11-12T04:55:57.765Z
Sold Archive,list,Breath Weapon,CLB,Commander Legends: Battle for Baldur's Gate,165,normal,common,2,68819,0174e40a-0ef5-4439-91e6-3fc39f482520,0.79,false,false,near_mint,en,USD,2023-10-20T07:59:40.092Z
Sold Archive,list,Witherbloom Apprentice,STX,Strixhaven: School of Mages,247,normal,uncommon,2,58177,7f80a11b-188b-464c-b00d-c9d1cfb8ddee,0.59,false,false,near_mint,en,USD,2023-11-10T08:06:49.162Z
Sold Archive,list,Tend the Pests,STX,Strixhaven: School of Mages,242,normal,uncommon,1,58213,8f43ed93-008d-44db-8204-ef2cc3b7cf8a,0.59,false,false,near_mint,en,USD,2023-11-10T08:06:49.162Z
Sold Archive,list,Despark,STA,Strixhaven Mystical Archive,59,normal,rare,1,58306,c2743ca3-8b4a-429a-9f9b-090d632b6601,0.99,false,false,near_mint,en,USD,2023-11-12T14:20:03.114Z
Sold Archive,list,Village Rites,STA,Strixhaven Mystical Archive,35,normal,uncommon,1,58343,da3de5c0-acda-4116-b0c5-eceb2c19cb2d,0.79,false,false,near_mint,en,USD,2023-11-12T14:13:37.486Z
Sold Archive,list,Cultivate,STA,Strixhaven Mystical Archive,51,normal,uncommon,1,58281,b3896717-1e46-4aa2-88b7-1c4fe76edde1,1.29,false,false,near_mint,en,USD,2023-11-12T14:11:45.746Z
Sold Archive,list,Abundant Harvest,STA,Strixhaven Mystical Archive,48,normal,rare,1,58010,16782095-0b7f-4489-8a97-b74f8efef352,0.59,false,false,near_mint,en,USD,2023-11-12T14:11:45.746Z
Sold Archive,list,Snakeskin Veil,STA,Strixhaven Mystical Archive,57,normal,uncommon,2,58341,d9849b22-1fba-4f6a-bd94-df1bc1764e6b,0.39,false,false,near_mint,en,USD,2023-11-12T14:11:45.746Z
Sold Archive,list,Storm-Kiln Artist,STX,Strixhaven: School of Mages,115,normal,uncommon,2,58405,fa96b8dc-233a-4884-ab84-235cbc7df0b6,1.29,false,false,near_mint,en,USD,2023-11-11T10:53:16.928Z
Sold Archive,list,Gift of Estates,STA,Strixhaven Mystical Archive,6,normal,rare,2,57985,07bc15bf-1923-45d7-988f-9a4adf3982ee,0.89,false,false,near_mint,en,USD,2023-10-06T14:32:36.132Z
Sold Archive,list,Psychic Corrosion,M19,Core Set 2019,68,normal,uncommon,2,1244,285d22fa-1623-463a-83c0-a9aa7c969ce2,4.99,false,false,near_mint,en,USD,2023-10-07T04:47:28.569Z
Sold Archive,list,Chaos Warp,STA,Strixhaven Mystical Archive,36,normal,mythic,1,58135,6d0a3996-5a03-481b-9bda-15c6f6e5f9c4,4.99,false,false,near_mint,en,USD,2023-10-29T11:45:59.064Z
Sold Archive,list,Whirlwind Denial,STA,Strixhaven Mystical Archive,23,normal,uncommon,2,58400,f7a0c25a-8760-44ea-a418-fcd4a9761632,0.35,false,false,near_mint,en,USD,2023-10-06T14:32:36.132Z
Sold Archive,list,Rushed Rebirth,STX,Strixhaven: School of Mages,228,normal,rare,2,57984,07b7c952-5ab7-4546-8369-4d213bf868bf,0.59,false,false,near_mint,en,USD,2023-11-10T08:06:49.162Z
Sold Archive,list,River Song's Diary,WHO,Doctor Who,182,normal,rare,10,87634,96476a30-72b0-4f91-9d2d-85fc196f89c5,3.29,false,false,near_mint,en,USD,2023-10-14T09:01:03.266Z
Sold Archive,list,Cybermen Squadron,WHO,Doctor Who,176,normal,rare,4,87531,7ce660ef-0c6f-413d-8ddd-b755a19ab731,3.49,false,false,near_mint,en,USD,2023-10-14T11:19:18.422Z
Sold Archive,list,Memory Lapse,STA,Strixhaven Mystical Archive,16,normal,rare,3,58235,98c1b465-b6d9-491b-bfc2-c034cc825d27,0.86,false,false,near_mint,en,USD,2023-10-28T21:34:58.113Z
Sold Archive,list,Roil Eruption,ZNR,Zendikar Rising,389,normal,common,2,54552,560c02ec-f21e-405b-8267-7f7ff089904a,0.44,false,false,near_mint,en,USD,2023-10-28T21:41:40.364Z
Zendikar Rising,binder,Disenchant,ZNR,Zendikar Rising,10,normal,common,1,54565,5c37ba56-e22c-4b10-821a-2827c5cd81ad,0.35,false,false,near_mint,en,USD,2023-10-16T15:00:59.418Z
Zendikar Rising,binder,Disenchant,ZNR,Zendikar Rising,10,foil,common,1,54565,5c37ba56-e22c-4b10-821a-2827c5cd81ad,0.49,false,false,near_mint,en,USD,2023-10-16T15:00:59.418Z
Zendikar Rising,binder,Dauntless Unity,ZNR,Zendikar Rising,9,normal,common,2,54701,b12a4d17-68e6-4133-99fd-e501e24e6c6b,0.35,false,false,near_mint,en,USD,2023-10-16T15:00:59.418Z
Zendikar Rising,binder,Cliffhaven Sell-Sword,ZNR,Zendikar Rising,8,normal,common,2,54626,7f334767-4353-4379-a934-fa67075db439,0.35,false,false,near_mint,en,USD,2023-10-16T15:00:59.418Z
Zendikar Rising,binder,Expedition Healer,ZNR,Zendikar Rising,13,normal,common,2,54450,11a00a88-de0e-4012-9ad8-ccb187dff7df,0.35,false,false,near_mint,en,USD,2023-10-16T15:00:59.418Z
Zendikar Rising,binder,Farsight Adept,ZNR,Zendikar Rising,14,normal,common,1,54560,5949bb9a-b4e8-4992-a12d-8e31953aff0d,0.35,false,false,near_mint,en,USD,2023-10-16T15:00:59.418Z
Zendikar Rising,binder,Kor Celebrant,ZNR,Zendikar Rising,22,normal,common,1,54635,87c37e46-a961-4739-8893-f783013e2be6,0.35,false,false,near_mint,en,USD,2023-10-16T15:00:59.418Z
Zendikar Rising,binder,Mesa Lynx,ZNR,Zendikar Rising,28,normal,common,1,54823,f65af09b-656f-4d81-b95d-b4f902e56bb7,0.35,false,false,near_mint,en,USD,2023-10-16T15:00:59.418Z
Zendikar Rising,binder,Practiced Tactics,ZNR,Zendikar Rising,32,normal,common,1,54645,91b448f4-aa0c-42c7-a771-e8dd20e0520c,0.35,false,false,near_mint,en,USD,2023-10-16T15:00:59.418Z
Zendikar Rising,binder,Pressure Point,ZNR,Zendikar Rising,33,normal,common,1,54502,2fe82bbf-9b92-4684-a42d-fbc50c4c5903,0.35,false,false,near_mint,en,USD,2023-10-16T15:00:59.418Z
Zendikar Rising,binder,Prowling Felidar,ZNR,Zendikar Rising,294,normal,common,1,54799,e8df0aed-dd2b-4f1e-8dfe-aec07462b1e1,0.35,false,false,near_mint,en,USD,2023-10-16T15:00:59.418Z
Zendikar Rising,binder,Resolute Strike,ZNR,Zendikar Rising,35,normal,common,1,54615,78b82476-4320-4719-9785-af8d68503234,0.35,false,false,near_mint,en,USD,2023-10-16T15:00:59.418Z
Zendikar Rising,binder,Sea Gate Banneret,ZNR,Zendikar Rising,36,normal,common,1,54591,6ae4634e-1487-4b66-8f70-bcb4b1fa6e77,0.35,false,false,near_mint,en,USD,2023-10-16T15:00:59.418Z
Zendikar Rising,binder,Tazeem Raptor,ZNR,Zendikar Rising,43,normal,common,1,54497,299d60b9-0ba7-40ee-b9d0-ee8f1ea288c9,0.35,false,false,near_mint,en,USD,2023-10-16T15:00:59.418Z
Zendikar Rising,binder,Anticognition,ZNR,Zendikar Rising,45,normal,common,1,54778,db99b872-77c7-4471-9c44-a36d4ff5d33f,0.35,false,false,near_mint,en,USD,2023-10-16T15:03:54.271Z
Zendikar Rising,binder,Bubble Snare,ZNR,Zendikar Rising,47,normal,common,1,54468,1bfba7a0-d5ca-4197-9e58-21f28345f1a6,0.35,false,false,near_mint,en,USD,2023-10-16T15:03:54.271Z
Zendikar Rising,binder,Cascade Seer,ZNR,Zendikar Rising,48,normal,common,1,54452,13105c88-2926-40ad-bc7a-09d515aa36c6,0.35,false,false,near_mint,en,USD,2023-10-16T15:03:54.271Z
Zendikar Rising,binder,Cleric of Chill Depths,ZNR,Zendikar Rising,51,normal,common,1,54710,b4ea262c-ea32-4aca-b96b-58f556a8dffc,0.35,false,false,near_mint,en,USD,2023-10-16T15:03:54.271Z
Zendikar Rising,binder,Deliberate,ZNR,Zendikar Rising,56,normal,common,2,54741,c41c0dd0-fef2-4f3c-8f3c-9c9c521b5442,0.35,false,false,near_mint,en,USD,2023-10-16T15:03:54.271Z
Zendikar Rising,binder,Expedition Diviner,ZNR,Zendikar Rising,57,normal,common,2,54429,090f6e94-fb5f-4861-a465-f11766303676,0.35,false,false,near_mint,en,USD,2023-10-16T15:03:54.271Z
Zendikar Rising,binder,Field Research,ZNR,Zendikar Rising,58,normal,common,1,54680,a48c3a2f-678b-4e70-a53f-258457d88d29,0.35,false,false,near_mint,en,USD,2023-10-16T15:03:54.271Z
Zendikar Rising,binder,Glacial Grasp,ZNR,Zendikar Rising,59,normal,common,1,54519,381d84d6-7b34-44cb-a697-54b835ba1281,0.35,false,false,near_mint,en,USD,2023-10-16T15:03:54.271Z
Zendikar Rising,binder,Risen Riptide,ZNR,Zendikar Rising,73,normal,common,1,54822,f6455009-030c-4a33-a60b-80863d8f8aaf,0.35,false,false,near_mint,en,USD,2023-10-16T15:03:54.271Z
Zendikar Rising,binder,Seafloor Stalker,ZNR,Zendikar Rising,78,foil,common,2,54658,985e9696-6c76-4241-97fc-f166fe2420ce,0.49,false,false,near_mint,en,USD,2023-10-16T15:03:54.271Z
Zendikar Rising,binder,Seafloor Stalker,ZNR,Zendikar Rising,78,normal,common,1,54658,985e9696-6c76-4241-97fc-f166fe2420ce,0.35,false,false,near_mint,en,USD,2023-10-16T15:03:54.271Z
Zendikar Rising,binder,Shell Shield,ZNR,Zendikar Rising,79,foil,common,1,54524,3daede39-8eef-4272-a483-312dbd2dd30f,0.49,false,false,near_mint,en,USD,2023-10-16T15:03:54.271Z
Zendikar Rising,binder,Shell Shield,ZNR,Zendikar Rising,79,normal,common,2,54524,3daede39-8eef-4272-a483-312dbd2dd30f,0.35,false,false,near_mint,en,USD,2023-10-16T15:03:54.271Z
Zendikar Rising,binder,Skyclave Squid,ZNR,Zendikar Rising,296,foil,common,1,54414,04833fcc-cef7-4152-8191-c552288c83e4,0.49,false,false,near_mint,en,USD,2023-10-16T15:03:54.271Z
Zendikar Rising,binder,Skyclave Squid,ZNR,Zendikar Rising,296,normal,common,1,54414,04833fcc-cef7-4152-8191-c552288c83e4,0.35,false,false,near_mint,en,USD,2023-10-16T15:03:54.271Z
Zendikar Rising,binder,Skyclave Squid,ZNR,Zendikar Rising,82,normal,common,1,54555,581ed049-7b5b-47d9-96af-f737631a221f,0.35,false,false,near_mint,en,USD,2023-10-16T15:03:54.271Z
Zendikar Rising,binder,Tazeem Roilmage,ZNR,Zendikar Rising,84,normal,common,1,54601,6f222fb7-375d-4ee2-9ff6-bd71f63ab31a,0.35,false,false,near_mint,en,USD,2023-10-16T15:03:54.271Z
Zendikar Rising,binder,Zulaport Duelist,ZNR,Zendikar Rising,88,normal,common,2,54434,0b4c7268-60c6-4038-8ce9-d9d51bed4577,0.35,false,false,near_mint,en,USD,2023-10-16T15:03:54.271Z
Zendikar Rising,binder,Blood Beckoning,ZNR,Zendikar Rising,92,normal,common,1,54439,0cb88075-14f8-4ac9-b947-5ca1d30938f1,0.35,false,false,near_mint,en,USD,2023-10-16T15:16:33.603Z
Zendikar Rising,binder,Deadly Alliance,ZNR,Zendikar Rising,96,normal,common,3,54407,007a5c8c-ed0b-4844-9393-a3d25d4ffa1d,0.35,false,false,near_mint,en,USD,2023-10-16T15:16:33.603Z
Zendikar Rising,binder,Drana's Silencer,ZNR,Zendikar Rising,99,normal,common,2,54558,59224f9a-deb2-4dd4-b2d4-967232c14254,0.35,false,false,near_mint,en,USD,2023-10-16T15:16:33.603Z
Zendikar Rising,binder,Expedition Skulker,ZNR,Zendikar Rising,101,normal,common,1,54496,2966b1f0-3d30-4d92-87e5-f39ceacefbd2,0.35,false,false,near_mint,en,USD,2023-10-16T15:16:33.603Z
Zendikar Rising,binder,Feed the Swarm,ZNR,Zendikar Rising,102,normal,common,2,54824,f6b2eba7-862a-4efd-9f65-065fb2070855,0.59,false,false,near_mint,en,USD,2023-10-16T15:16:33.603Z
Zendikar Rising,binder,Guul Draz Mucklord,ZNR,Zendikar Rising,104,normal,common,1,54719,b996743e-7f48-49d8-948b-ceb75bddf215,0.35,false,false,near_mint,en,USD,2023-10-16T15:16:33.603Z
Zendikar Rising,binder,Hagra Constrictor,ZNR,Zendikar Rising,105,normal,common,1,54828,f971b71a-af69-43a7-b06c-e80eaaaf4a5f,0.35,false,false,near_mint,en,USD,2023-10-16T15:16:33.603Z
Zendikar Rising,binder,Highborn Vampire,ZNR,Zendikar Rising,107,normal,common,2,54487,24c40082-516e-4381-a4cc-e61c5a9a6cac,0.35,false,false,near_mint,en,USD,2023-10-16T15:16:33.603Z
Zendikar Rising,binder,Malakir Blood-Priest,ZNR,Zendikar Rising,110,foil,common,1,54523,3d14ea81-d303-47db-90b4-7d10588f7ea6,0.49,false,false,near_mint,en,USD,2023-10-16T15:16:33.603Z
Zendikar Rising,binder,Malakir Blood-Priest,ZNR,Zendikar Rising,110,normal,common,1,54523,3d14ea81-d303-47db-90b4-7d10588f7ea6,0.35,false,false,near_mint,en,USD,2023-10-16T15:16:33.603Z
Zendikar Rising,binder,Mind Drain,ZNR,Zendikar Rising,114,normal,common,1,54422,0683d586-a54b-425a-a24d-2efb2342f150,0.35,false,false,near_mint,en,USD,2023-10-16T15:16:33.603Z
Zendikar Rising,binder,Nimana Skitter-Sneak,ZNR,Zendikar Rising,116,normal,common,2,54802,ea080141-6262-4595-8058-b2969b3f016b,0.35,false,false,near_mint,en,USD,2023-10-16T15:16:33.603Z
Zendikar Rising,binder,Oblivion's Hunger,ZNR,Zendikar Rising,119,normal,common,1,54832,faf65512-8228-48f4-ba7b-d861b66d28c9,0.35,false,false,near_mint,en,USD,2023-10-16T15:16:33.603Z
Zendikar Rising,binder,Subtle Strike,ZNR,Zendikar Rising,128,normal,common,1,54442,0d3f531a-ce45-4cba-be24-6db749e38abd,0.35,false,false,near_mint,en,USD,2023-10-16T15:16:33.603Z
Zendikar Rising,binder,Vanquish the Weak,ZNR,Zendikar Rising,131,normal,common,1,54737,c15852d4-2c79-4841-bb65-6661d88fdfab,0.35,false,false,near_mint,en,USD,2023-10-16T15:16:33.603Z
Zendikar Rising,binder,Expedition Champion,ZNR,Zendikar Rising,138,normal,common,1,54503,30084dc1-f501-4b7c-972d-1a3b9137083a,0.35,false,false,near_mint,en,USD,2023-10-16T15:16:33.603Z
Zendikar Rising,binder,Fissure Wizard,ZNR,Zendikar Rising,140,normal,common,1,54671,9fa10a18-5059-46ab-9983-0ea78b507331,0.35,false,false,near_mint,en,USD,2023-10-16T15:16:33.603Z
Zendikar Rising,binder,Grotag Bug-Catcher,ZNR,Zendikar Rising,142,normal,common,2,54563,5b310b01-f9cb-48ce-8af3-5957d3abf098,0.35,false,false,near_mint,en,USD,2023-10-16T15:16:33.603Z
Zendikar Rising,binder,Molten Blast,ZNR,Zendikar Rising,149,normal,common,2,54722,bb1beef2-788b-469b-883b-cf1cca04eeff,0.35,false,false,near_mint,en,USD,2023-10-16T15:16:33.603Z
Zendikar Rising,binder,Pyroclastic Hellion,ZNR,Zendikar Rising,152,normal,common,1,54559,5929c89b-8c61-47f5-a8ec-b64bf41e9d5b,0.35,false,false,near_mint,en,USD,2023-10-16T15:16:33.603Z
Zendikar Rising,binder,Scavenged Blade,ZNR,Zendikar Rising,157,normal,common,2,54509,3280f0d0-de0d-4f87-a6ef-c941cb7c9784,0.35,false,false,near_mint,en,USD,2023-10-16T15:16:33.603Z
Zendikar Rising,binder,Sizzling Barrage,ZNR,Zendikar Rising,162,normal,common,2,54467,1bf5843a-a01f-4d1c-b8fe-c586d5160f6e,0.35,false,false,near_mint,en,USD,2023-10-16T15:16:33.603Z
Zendikar Rising,binder,Sneaking Guide,ZNR,Zendikar Rising,164,normal,common,3,54554,569c9e8c-7808-49d0-82c1-72d5b835f51c,0.35,false,false,near_mint,en,USD,2023-10-16T15:16:33.603Z
Zendikar Rising,binder,Spitfire Lagac,ZNR,Zendikar Rising,167,normal,common,2,54533,47f26493-812f-4c14-91c4-d2ab549a7b8a,0.35,false,false,near_mint,en,USD,2023-10-16T15:16:33.603Z
Zendikar Rising,binder,Tuktuk Rubblefort,ZNR,Zendikar Rising,173,normal,common,1,54411,02eedf9d-e26c-405c-aee5-1b3493dc5e9b,0.35,false,false,near_mint,en,USD,2023-10-16T15:16:33.603Z
Zendikar Rising,binder,Adventure Awaits,ZNR,Zendikar Rising,177,normal,common,1,54776,db50f988-da46-4b9b-9cc5-78497df2df8b,0.35,false,false,near_mint,en,USD,2023-10-16T15:16:33.603Z
Zendikar Rising,binder,Broken Wings,ZNR,Zendikar Rising,181,normal,common,1,54736,c0fc2dfd-85b0-4add-be18-b39549235921,0.35,false,false,near_mint,en,USD,2023-10-16T15:20:37.297Z
Zendikar Rising,binder,Canopy Baloth,ZNR,Zendikar Rising,304,normal,common,2,54765,d52e90d3-d356-4b23-8f5c-a4004b20394c,0.35,false,false,near_mint,en,USD,2023-10-16T15:20:37.297Z
Zendikar Rising,binder,Dauntless Survivor,ZNR,Zendikar Rising,184,normal,common,1,54548,52b1b4a2-52a7-4fcd-aa96-f7d9e459657b,0.35,false,false,near_mint,en,USD,2023-10-16T15:20:37.297Z
Zendikar Rising,binder,Gnarlid Colony,ZNR,Zendikar Rising,185,normal,common,2,54606,7327289d-eed8-44b1-8495-7172e2b49d5f,0.35,false,false,near_mint,en,USD,2023-10-16T15:20:37.297Z
Zendikar Rising,binder,Kazandu Nectarpot,ZNR,Zendikar Rising,306,normal,common,1,54616,796b5899-97e5-4682-aac8-51378f0c904e,0.35,false,false,near_mint,en,USD,2023-10-16T15:20:37.297Z
Zendikar Rising,binder,Kazandu Nectarpot,ZNR,Zendikar Rising,190,foil,common,1,54624,7c9d3f4a-ef83-454e-b8a1-1fc5d5f44be8,0.49,false,false,near_mint,en,USD,2023-10-16T15:20:37.297Z
Zendikar Rising,binder,Kazandu Stomper,ZNR,Zendikar Rising,191,normal,common,1,54698,afdfe5aa-8b15-4a89-a22a-03baf6afa4e7,0.35,false,false,near_mint,en,USD,2023-10-16T15:20:37.297Z
Zendikar Rising,binder,Murasa Brute,ZNR,Zendikar Rising,195,normal,common,1,54812,efe1c5b2-4356-41ae-ab7e-ad9fc835a911,0.35,false,false,near_mint,en,USD,2023-10-16T15:20:37.297Z
Zendikar Rising,binder,Nissa's Zendikon,ZNR,Zendikar Rising,197,normal,common,1,54839,fd37ea0e-ff72-4522-aa5b-d46bff832a34,0.35,false,false,near_mint,en,USD,2023-10-16T15:20:37.297Z
Zendikar Rising,binder,Rabid Bite,ZNR,Zendikar Rising,199,normal,common,1,54813,effe3fab-6d13-4603-8a21-8a3c2a0d9e08,0.35,false,false,near_mint,en,USD,2023-10-16T15:20:37.297Z
Zendikar Rising,binder,Reclaim the Wastes,ZNR,Zendikar Rising,200,normal,common,1,54628,805faf2e-97dc-4b77-bc02-a4cae980f041,0.35,false,false,near_mint,en,USD,2023-10-16T15:20:37.297Z
Zendikar Rising,binder,Scale the Heights,ZNR,Zendikar Rising,202,normal,common,1,54795,e781d6ad-950e-49bf-9645-e2354086ae49,0.35,false,false,near_mint,en,USD,2023-10-16T15:20:37.297Z
Zendikar Rising,binder,Strength of Solidarity,ZNR,Zendikar Rising,206,normal,common,1,54428,090b3da4-c942-480e-9997-bb9c20e8d62d,0.35,false,false,near_mint,en,USD,2023-10-16T15:20:37.297Z
Zendikar Rising,binder,Tajuru Blightblade,ZNR,Zendikar Rising,208,normal,common,1,54627,7f3d6020-6767-406c-bf28-6b3e9ae72f50,0.35,false,false,near_mint,en,USD,2023-10-16T15:20:37.297Z
Zendikar Rising,binder,Tajuru Snarecaster,ZNR,Zendikar Rising,210,normal,common,1,54786,e1894cf9-7d53-4b7e-aaae-8db42bdd8e49,0.35,false,false,near_mint,en,USD,2023-10-16T15:20:37.297Z
Zendikar Rising,binder,Territorial Scythecat,ZNR,Zendikar Rising,213,normal,common,1,54568,5e0f725c-8d1f-47ff-ad81-a5007199a5e2,0.35,false,false,near_mint,en,USD,2023-10-16T15:20:37.297Z
Zendikar Rising,binder,Turntimber Ascetic,ZNR,Zendikar Rising,214,normal,common,2,54708,b33b6922-2584-43e1-98d4-e722e7c9393c,0.35,false,false,near_mint,en,USD,2023-10-16T15:20:37.297Z
Zendikar Rising,binder,Cliffhaven Kitesail,ZNR,Zendikar Rising,243,normal,common,1,54809,eebf8f67-49d0-42de-a5cc-ad13d19d2c55,0.35,false,false,near_mint,en,USD,2023-10-16T15:28:37.815Z
Zendikar Rising,binder,Sea Gate Colossus,ZNR,Zendikar Rising,251,normal,common,2,54699,b04fd8e8-ee8d-4cb7-87ab-955303c46ece,0.35,false,false,near_mint,en,USD,2023-10-16T15:28:37.815Z
Zendikar Rising,binder,Stonework Packbeast,ZNR,Zendikar Rising,255,foil,common,1,54678,a29e17ba-d584-4296-9f43-17467edaa25f,0.49,false,false,near_mint,en,USD,2023-10-16T15:28:37.815Z
Zendikar Rising,binder,Stonework Packbeast,ZNR,Zendikar Rising,255,normal,common,1,54678,a29e17ba-d584-4296-9f43-17467edaa25f,0.35,false,false,near_mint,en,USD,2023-10-16T15:28:37.815Z
Zendikar Rising,binder,Utility Knife,ZNR,Zendikar Rising,256,normal,common,1,54471,1e5c781d-cd89-4671-8fbe-fae82c33357b,0.35,false,false,near_mint,en,USD,2023-10-16T15:28:37.815Z
Zendikar Rising,binder,Attended Healer,ZNR,Zendikar Rising,6,foil,uncommon,1,54595,6ca80b5a-3943-41ca-8cd1-8e3db1b2a1c8,0.49,false,false,near_mint,en,USD,2023-10-16T15:28:37.815Z
Zendikar Rising,binder,Attended Healer,ZNR,Zendikar Rising,6,normal,uncommon,2,54595,6ca80b5a-3943-41ca-8cd1-8e3db1b2a1c8,0.35,false,false,near_mint,en,USD,2023-10-16T15:28:37.815Z
Zendikar Rising,binder,Emeria Captain,ZNR,Zendikar Rising,11,normal,uncommon,1,54581,6490370e-fff5-4f17-b715-74ff8df5bc7c,0.35,false,false,near_mint,en,USD,2023-10-16T15:28:37.815Z
Zendikar Rising,binder,Kabira Takedown // Kabira Plateau,ZNR,Zendikar Rising,19,normal,uncommon,1,54518,366e9845-019d-47cc-adb8-8fbbaad35b6d,0.35,false,false,near_mint,en,USD,2023-10-16T15:28:37.815Z
Zendikar Rising,binder,Kor Blademaster,ZNR,Zendikar Rising,21,normal,uncommon,1,54835,fc6d6049-5599-47eb-ae58-a8eb96927ece,0.35,false,false,near_mint,en,USD,2023-10-16T15:28:37.815Z
Zendikar Rising,binder,Luminarch Aspirant,ZNR,Zendikar Rising,24,foil,rare,1,54841,fe964e7e-e2c5-4263-889d-0a531eb51442,0.49,false,false,near_mint,en,USD,2023-10-16T15:28:37.815Z
Zendikar Rising,binder,Sejiri Shelter // Sejiri Glacier,ZNR,Zendikar Rising,37,normal,uncommon,1,54817,f25d56f9-aa54-4657-9ac9-e93fbba3e715,1.79,false,false,near_mint,en,USD,2023-10-16T15:28:37.815Z
Zendikar Rising,binder,Lullmage's Domination,ZNR,Zendikar Rising,66,normal,uncommon,1,54747,c9944393-348f-4f0e-a0c7-9adcc5a30749,0.35,false,false,near_mint,en,USD,2023-10-16T15:28:37.815Z
Zendikar Rising,binder,Merfolk Windrobber,ZNR,Zendikar Rising,70,normal,uncommon,1,54448,112077b8-1514-4320-a70f-b23f3c7ce18a,0.35,false,false,near_mint,en,USD,2023-10-16T15:28:37.815Z
Zendikar Rising,binder,Umara Wizard // Umara Skyfalls,ZNR,Zendikar Rising,86,foil,uncommon,1,54637,890eee8d-a339-4143-adfa-1b17ec10c099,0.49,false,false,near_mint,en,USD,2023-10-16T15:28:37.815Z
Zendikar Rising,binder,Windrider Wizard,ZNR,Zendikar Rising,87,normal,uncommon,1,54745,c790a86d-db91-4a87-aa3a-3f9fc4d4b662,0.35,false,false,near_mint,en,USD,2023-10-16T15:28:37.815Z
Zendikar Rising,binder,Acquisitions Expert,ZNR,Zendikar Rising,89,normal,uncommon,1,54493,281336c7-ca7c-4c91-bdfb-d253a965cb7c,0.35,false,false,near_mint,en,USD,2023-10-16T15:28:37.815Z
Zendikar Rising,binder,Pelakka Predation // Pelakka Caverns,ZNR,Zendikar Rising,120,normal,uncommon,1,54791,e63f8b20-f45b-4293-9aac-cdc021939be6,0.35,false,false,near_mint,en,USD,2023-10-16T15:28:37.815Z
Zendikar Rising,binder,Blackbloom Rogue // Blackbloom Bog,ZNR,Zendikar Rising,91,normal,uncommon,1,54508,32779721-b021-4bd4-95d1-4a19b78d9faa,0.35,false,false,near_mint,en,USD,2023-10-16T15:28:37.815Z
Zendikar Rising,binder,Zof Consumption // Zof Bloodbog,ZNR,Zendikar Rising,132,normal,uncommon,1,54657,98496d5b-1519-4f0c-8b46-0a43be643dfb,0.35,false,false,near_mint,en,USD,2023-10-16T15:28:37.815Z
Zendikar Rising,binder,Akoum Warrior // Akoum Teeth,ZNR,Zendikar Rising,134,normal,uncommon,1,54771,d8ed0335-daa6-4dbe-a94d-4d56c8cfd093,0.35,false,false,near_mint,en,USD,2023-10-16T15:28:37.815Z
Zendikar Rising,binder,Cinderclasm,ZNR,Zendikar Rising,136,normal,uncommon,1,54551,5516cf97-805f-4a21-a4c6-2d6e55865336,0.35,false,false,near_mint,en,USD,2023-10-16T15:28:37.815Z
Zendikar Rising,binder,Fireblade Charger,ZNR,Zendikar Rising,139,foil,uncommon,1,54749,ca657846-f352-4ac4-b2b3-d0ced6607163,0.49,false,false,near_mint,en,USD,2023-10-16T15:28:37.815Z
Zendikar Rising,binder,Shatterskull Minotaur,ZNR,Zendikar Rising,160,normal,uncommon,1,54668,9d311f5f-ad68-48d4-aa5d-66916034ddb9,0.35,false,false,near_mint,en,USD,2023-10-16T15:28:37.815Z
Zendikar Rising,binder,Song-Mad Treachery // Song-Mad Ruins,ZNR,Zendikar Rising,165,normal,uncommon,1,54613,782ca27f-9f18-476c-b582-89c06fb2e322,0.49,false,false,near_mint,en,USD,2023-10-16T15:28:37.815Z
Zendikar Rising,binder,Khalni Ambush // Khalni Territory,ZNR,Zendikar Rising,192,normal,uncommon,1,54661,99535539-aa73-41ed-86ab-21c97b92620d,0.79,false,false,near_mint,en,USD,2023-10-16T15:28:37.815Z
Zendikar Rising,binder,Murasa Sproutling,ZNR,Zendikar Rising,196,normal,uncommon,2,54821,f53472b7-53da-4833-b7f9-204706dfb721,0.35,false,false,near_mint,en,USD,2023-10-16T15:28:37.815Z
Zendikar Rising,binder,Springmantle Cleric,ZNR,Zendikar Rising,205,normal,uncommon,1,54640,8d822730-6d81-4dbc-a3c3-ce96d29a1078,0.35,false,false,near_mint,en,USD,2023-10-16T15:28:37.815Z
Zendikar Rising,binder,Taunting Arbormage,ZNR,Zendikar Rising,212,normal,uncommon,1,54750,ca6f8996-bf72-4e55-944f-5b8202b6068c,0.35,false,false,near_mint,en,USD,2023-10-16T15:28:37.815Z
Zendikar Rising,binder,Veteran Adventurer,ZNR,Zendikar Rising,218,normal,uncommon,1,54790,e524ddf0-9a2f-4c1c-ae72-4b5b48f55645,0.35,false,false,near_mint,en,USD,2023-10-16T15:28:37.815Z
Zendikar Rising,binder,Moss-Pit Skeleton,ZNR,Zendikar Rising,228,normal,uncommon,1,54651,95a445dc-3aea-4281-a145-0ab3a28ec6c6,0.35,false,false,near_mint,en,USD,2023-10-16T15:28:37.815Z
Zendikar Rising,binder,Lullmage's Familiar,ZNR,Zendikar Rising,227,normal,uncommon,1,54707,b31a81e8-df0e-4540-93c1-c30c31ea9be9,0.35,false,false,near_mint,en,USD,2023-10-16T15:28:37.815Z
Zendikar Rising,binder,Murasa Rootgrazer,ZNR,Zendikar Rising,229,normal,uncommon,1,54793,e70b3b78-9bdc-449b-82a9-c2fc3dd7f120,0.35,false,false,near_mint,en,USD,2023-10-16T15:28:37.815Z
Zendikar Rising,binder,Soaring Thought-Thief,ZNR,Zendikar Rising,236,normal,uncommon,1,54443,0d73c9c4-8955-499f-8f87-6500b35b4977,0.35,false,false,near_mint,en,USD,2023-10-16T15:28:37.815Z
Zendikar Rising,binder,Relic Amulet,ZNR,Zendikar Rising,247,normal,uncommon,1,54432,0ab97a84-fe8c-4986-afd8-3abdcc029f7f,0.35,false,false,near_mint,en,USD,2023-10-16T15:28:37.815Z
Zendikar Rising,binder,Relic Axe,ZNR,Zendikar Rising,248,normal,uncommon,1,54751,ca8705e3-0e44-45c9-bcdf-c24507b038fe,0.35,false,false,near_mint,en,USD,2023-10-16T15:28:37.815Z
Zendikar Rising,binder,Relic Golem,ZNR,Zendikar Rising,249,normal,uncommon,1,54435,0b59c75b-d8f8-4f95-9030-ed73c67d988e,0.35,false,false,near_mint,en,USD,2023-10-16T15:28:37.815Z
Zendikar Rising,binder,"Charix, the Raging Isle",ZNR,Zendikar Rising,386,foil,rare,1,54600,6e23886b-8200-427d-99af-068a0133795d,2.49,false,false,near_mint,en,USD,2023-10-16T15:28:37.815Z
Zendikar Rising,binder,Coralhelm Chronicler,ZNR,Zendikar Rising,54,normal,rare,1,54544,50b54524-8345-4b47-913f-d883a1cbe3a1,0.49,false,false,near_mint,en,USD,2023-10-16T15:28:37.815Z
Zendikar Rising,binder,Kargan Intimidator,ZNR,Zendikar Rising,347,foil,rare,1,54459,18442d4e-931f-4a41-b8c1-51ab3ea696df,0.49,false,false,near_mint,en,USD,2023-10-16T15:28:37.815Z
Zendikar Rising,binder,"Kaza, Roil Chaser",ZNR,Zendikar Rising,225,normal,rare,1,54697,af6bc333-79c0-4de8-9874-80f2254f9ad2,0.49,false,false,near_mint,en,USD,2023-10-16T15:28:37.815Z
Zendikar Rising,binder,Kazandu Mammoth // Kazandu Valley,ZNR,Zendikar Rising,189,normal,rare,1,54501,2f632537-63bf-4490-86e6-e6067b9c1a3b,0.49,false,false,near_mint,en,USD,2023-10-16T15:28:37.815Z
Zendikar Rising,binder,Nighthawk Scavenger,ZNR,Zendikar Rising,341,normal,rare,1,54718,b9522009-4fc9-439a-95ea-5800842c5ee2,1.99,false,false,near_mint,en,USD,2023-10-16T15:28:37.815Z
Zendikar Rising,binder,Nimble Trapfinder,ZNR,Zendikar Rising,72,normal,rare,1,54472,1ee1a550-b7e7-48e0-bd96-a41986dbd879,0.49,false,false,near_mint,en,USD,2023-10-16T15:28:37.815Z
Zendikar Rising,binder,Scourge of the Skyclaves,ZNR,Zendikar Rising,122,normal,mythic,1,54542,4dea7bcc-3ff8-40b0-8264-0cd678d6ff31,0.99,false,false,near_mint,en,USD,2023-10-16T15:28:37.815Z
Zendikar Rising,binder,Skyclave Shade,ZNR,Zendikar Rising,298,normal,rare,1,54418,05347539-de61-4a37-929f-c909e65033f5,0.49,false,false,near_mint,en,USD,2023-10-16T15:28:37.815Z
Zendikar Rising,binder,"Taborax, Hope's Demise",ZNR,Zendikar Rising,129,normal,rare,1,54510,331bf97d-f447-4c68-bfc7-2bb593106d66,0.49,false,false,near_mint,en,USD,2023-10-16T15:28:37.815Z
Zendikar Rising,binder,Tajuru Paragon,ZNR,Zendikar Rising,209,normal,rare,1,54672,a045dd0f-953a-4022-8f29-0758f2b6ccaa,0.49,false,false,near_mint,en,USD,2023-10-16T15:28:37.815Z
Zendikar Rising,binder,Throne of Makindi,ZNR,Zendikar Rising,265,normal,rare,1,54767,d5a0563e-c83b-40df-abf6-51c83bf6792d,0.49,false,false,near_mint,en,USD,2023-10-16T15:28:37.815Z
Zendikar Rising,binder,Valakut Exploration,ZNR,Zendikar Rising,175,normal,rare,1,54461,18cb7bf6-9c7c-4e62-a678-7b75862e2f64,1.99,false,false,near_mint,en,USD,2023-10-16T15:28:37.815Z
Phyrexia: All Will Be One,binder,Furnace Punisher,ONE,Phyrexia: All Will Be One,132,normal,uncommon,1,78594,65e5fc08-7a04-4bba-81ba-990889cae96a,0.35,false,false,near_mint,en,USD,2023-10-20T07:41:48.300Z
Phyrexia: All Will Be One,binder,Hexgold Halberd,ONE,Phyrexia: All Will Be One,136,normal,uncommon,1,78945,f22108ec-28f0-44d3-ba6b-3075f5f6bc65,0.35,false,false,near_mint,en,USD,2023-10-20T07:41:48.300Z
Phyrexia: All Will Be One,binder,Nahiri's Sacrifice,ONE,Phyrexia: All Will Be One,142,normal,uncommon,1,78721,98395039-1353-4fa8-b51d-c4e1cadf9263,0.35,false,false,near_mint,en,USD,2023-10-20T07:41:48.300Z
Phyrexia: All Will Be One,binder,Exuberant Fuseling,ONE,Phyrexia: All Will Be One,129,normal,uncommon,1,78753,a6e8d7b9-ff5e-48ae-9e38-d2b6a45b119b,0.35,false,false,near_mint,en,USD,2023-10-20T07:41:48.300Z
Phyrexia: All Will Be One,binder,Cacophony Scamp,ONE,Phyrexia: All Will Be One,124,normal,uncommon,1,78489,3553dcef-7b99-49d5-b071-06b894696952,0.35,false,false,near_mint,en,USD,2023-10-20T07:41:48.300Z
Phyrexia: All Will Be One,binder,Urabrask's Anointer,ONE,Phyrexia: All Will Be One,293,normal,uncommon,1,78872,d419a3d0-c1ee-4c7a-a88c-a6a8b1f7ab6e,0.35,false,false,near_mint,en,USD,2023-10-20T07:41:48.300Z
Phyrexia: All Will Be One,binder,Molten Rebuke,ONE,Phyrexia: All Will Be One,141,normal,common,1,78867,d2e3291b-de5c-4a10-9915-2cd2d84a815c,0.35,false,false,near_mint,en,USD,2023-10-20T07:41:48.300Z
Phyrexia: All Will Be One,binder,Furnace Strider,ONE,Phyrexia: All Will Be One,133,normal,common,1,78764,aa625ab0-1e79-4497-a5da-98fe1abfd024,0.35,false,false,near_mint,en,USD,2023-10-20T07:41:48.300Z
Phyrexia: All Will Be One,binder,Blazing Crescendo,ONE,Phyrexia: All Will Be One,123,normal,common,1,78878,d6bfc16a-2871-40a4-b279-636b80491a06,0.35,false,false,near_mint,en,USD,2023-10-20T07:41:48.300Z
Phyrexia: All Will Be One,binder,Furnace Punisher,ONE,Phyrexia: All Will Be One,291,normal,uncommon,1,78617,6f66c086-bb19-45d1-8387-17348f2c5c78,0.35,false,false,near_mint,en,USD,2023-10-20T07:41:48.300Z
Phyrexia: All Will Be One,binder,"Slobad, Iron Goblin",ONE,Phyrexia: All Will Be One,149,normal,rare,1,78219,2b7dadf0-7323-403e-b353-33c121bdb0db,0.49,false,false,near_mint,en,USD,2023-10-20T07:41:48.300Z
Phyrexia: All Will Be One,binder,Hexgold Slash,ONE,Phyrexia: All Will Be One,137,foil,common,1,78398,0ec44465-68d4-4dca-a313-7f2ab0ce2e63,0.49,false,false,near_mint,en,USD,2023-10-20T07:41:48.300Z
Phyrexia: All Will Be One,binder,Free from Flesh,ONE,Phyrexia: All Will Be One,131,foil,common,1,78470,2c83600d-ea4d-4219-8dbb-34c4215a2005,0.49,false,false,near_mint,en,USD,2023-10-20T07:41:48.300Z
Phyrexia: All Will Be One,binder,Font of Progress,ONE,Phyrexia: All Will Be One,51,normal,uncommon,1,78453,272c9888-ef13-4d47-a4bc-f5239b357a1b,0.35,false,false,near_mint,en,USD,2023-10-20T07:44:44.467Z
Phyrexia: All Will Be One,binder,Distorted Curiosity,ONE,Phyrexia: All Will Be One,46,normal,uncommon,1,78966,f932ddd3-beb4-4dc8-8c15-e1c9c2276986,0.35,false,false,near_mint,en,USD,2023-10-20T07:44:44.467Z
Phyrexia: All Will Be One,binder,Serum Snare,ONE,Phyrexia: All Will Be One,68,normal,uncommon,1,78868,d326bff1-5370-4817-8370-6da87a061058,0.35,false,false,near_mint,en,USD,2023-10-20T07:44:44.467Z
Phyrexia: All Will Be One,binder,Eye of Malcator,ONE,Phyrexia: All Will Be One,50,normal,common,1,78651,7cc4246b-ff59-44b2-acff-c0bb6e4cd6ac,0.35,false,false,near_mint,en,USD,2023-10-20T07:44:44.467Z
Phyrexia: All Will Be One,binder,Vivisurgeon's Insight,ONE,Phyrexia: All Will Be One,77,normal,common,1,78855,cd244359-781e-4e1d-946d-243664f40c7c,0.35,false,false,near_mint,en,USD,2023-10-20T07:44:44.467Z
Phyrexia: All Will Be One,binder,Malcator's Watcher,ONE,Phyrexia: All Will Be One,58,normal,common,1,78709,95a7e5ff-ba81-4b45-933e-0ac747525ab8,0.35,false,false,near_mint,en,USD,2023-10-20T07:44:44.467Z
Phyrexia: All Will Be One,binder,Meldweb Strider,ONE,Phyrexia: All Will Be One,60,normal,common,1,78834,c5efd9b5-05e5-440f-b28c-658e461cf644,0.35,false,false,near_mint,en,USD,2023-10-20T07:44:44.467Z
Phyrexia: All Will Be One,binder,Thrummingbird,ONE,Phyrexia: All Will Be One,288,normal,uncommon,1,78511,3c9dd552-1020-4e82-ba51-f54b3938b920,0.35,false,false,near_mint,en,USD,2023-10-20T07:44:44.467Z
Phyrexia: All Will Be One,binder,Quicksilver Fisher,ONE,Phyrexia: All Will Be One,287,normal,common,1,78789,b394cdd1-a632-4b57-8356-4e2d9c9620f7,0.35,false,false,near_mint,en,USD,2023-10-20T07:44:44.467Z
Phyrexia: All Will Be One,binder,Gitaxian Raptor,ONE,Phyrexia: All Will Be One,53,normal,common,1,78538,4f5e95f8-c04d-405f-bba4-e83a8f6bf463,0.35,false,false,near_mint,en,USD,2023-10-20T07:44:44.467Z
Phyrexia: All Will Be One,binder,Gitaxian Anatomist,ONE,Phyrexia: All Will Be One,52,normal,common,1,78586,63517062-77da-4b60-aa24-f91553a81bed,0.35,false,false,near_mint,en,USD,2023-10-20T07:44:44.467Z
Phyrexia: All Will Be One,binder,Eye of Malcator,ONE,Phyrexia: All Will Be One,50,foil,common,1,78651,7cc4246b-ff59-44b2-acff-c0bb6e4cd6ac,0.49,false,false,near_mint,en,USD,2023-10-20T07:44:44.467Z
Phyrexia: All Will Be One,binder,Unctus's Retrofitter,ONE,Phyrexia: All Will Be One,76,foil,uncommon,1,78480,30225e40-4bde-4e2e-b0f0-48ed16aebafd,0.49,false,false,near_mint,en,USD,2023-10-20T07:44:44.467Z
Phyrexia: All Will Be One,binder,Paladin of Predation,ONE,Phyrexia: All Will Be One,178,normal,uncommon,1,78631,758dbe61-6dc7-4b08-bdd6-7262257955fc,0.79,false,false,near_mint,en,USD,2023-10-20T07:44:44.467Z
Phyrexia: All Will Be One,binder,Noxious Assault,ONE,Phyrexia: All Will Be One,176,normal,uncommon,1,78712,9649de6c-a9f7-4f0a-8bf7-cacaea60ed54,0.35,false,false,near_mint,en,USD,2023-10-20T07:44:44.467Z
Phyrexia: All Will Be One,binder,Thirsting Roots,ONE,Phyrexia: All Will Be One,185,normal,common,1,78633,75a4a340-453b-471a-82ba-48ebf20b271a,0.49,false,false,near_mint,en,USD,2023-10-20T07:44:44.467Z
Phyrexia: All Will Be One,binder,Evolving Adaptive,ONE,Phyrexia: All Will Be One,167,normal,uncommon,1,78407,13366c60-1200-4ad2-bbf4-77596121fcd2,0.35,false,false,near_mint,en,USD,2023-10-20T07:44:44.467Z
Phyrexia: All Will Be One,binder,Maze's Mantle,ONE,Phyrexia: All Will Be One,174,normal,common,1,78811,bc79106b-9aa2-4add-b9ca-e3c7aafd9821,0.35,false,false,near_mint,en,USD,2023-10-20T07:44:44.467Z
Phyrexia: All Will Be One,binder,Branchblight Stalker,ONE,Phyrexia: All Will Be One,160,normal,common,2,78919,e5290a4c-1f98-4e97-a407-f951e386b8b0,0.35,false,false,near_mint,en,USD,2023-10-20T07:44:44.467Z
Phyrexia: All Will Be One,binder,Carnivorous Canopy,ONE,Phyrexia: All Will Be One,162,normal,common,2,78647,7b43ba43-f7ae-4e00-b797-2360c3ccd839,0.35,false,false,near_mint,en,USD,2023-10-20T07:44:44.467Z
Phyrexia: All Will Be One,binder,Rustvine Cultivator,ONE,Phyrexia: All Will Be One,295,normal,common,3,78857,cd8ef6fc-a81b-4354-aa65-c88590522d30,0.35,false,false,near_mint,en,USD,2023-10-20T07:44:44.467Z
Phyrexia: All Will Be One,binder,Ichorspit Basilisk,ONE,Phyrexia: All Will Be One,170,normal,common,1,78384,0955b64f-6721-4fa6-b161-cae404cb5b9f,0.35,false,false,near_mint,en,USD,2023-10-20T07:44:44.467Z
Phyrexia: All Will Be One,binder,Copper Longlegs,ONE,Phyrexia: All Will Be One,165,normal,common,1,78963,f8855fbf-4f1e-4c44-9653-bbbfc3f2fafd,0.35,false,false,near_mint,en,USD,2023-10-20T07:44:44.467Z
Phyrexia: All Will Be One,binder,Contagious Vorrac,ONE,Phyrexia: All Will Be One,164,normal,common,1,78425,18af2c85-e58f-4043-99d3-e90121348aca,0.35,false,false,near_mint,en,USD,2023-10-20T07:44:44.467Z
Phyrexia: All Will Be One,binder,Porcelain Zealot,ONE,Phyrexia: All Will Be One,30,normal,uncommon,1,78376,0409bacf-b728-473d-bf9b-41fdf364e783,0.35,false,false,near_mint,en,USD,2023-10-20T07:47:56.835Z
Phyrexia: All Will Be One,binder,Annex Sentry,ONE,Phyrexia: All Will Be One,2,normal,uncommon,1,78377,04baad61-1b51-4602-9e33-0de4a9f34793,0.35,false,false,near_mint,en,USD,2023-10-20T07:47:56.835Z
Phyrexia: All Will Be One,binder,Hexgold Hoverwings,ONE,Phyrexia: All Will Be One,14,normal,uncommon,1,78832,c498dbf9-c68c-400c-9349-c3c3fc8efcae,0.35,false,false,near_mint,en,USD,2023-10-20T07:47:56.835Z
Phyrexia: All Will Be One,binder,Bladed Ambassador,ONE,Phyrexia: All Will Be One,5,normal,uncommon,1,78391,0bd8d2b8-4caf-4349-9538-0dfbebf0ce1b,0.35,false,false,near_mint,en,USD,2023-10-20T07:47:56.835Z
Phyrexia: All Will Be One,binder,Apostle of Invasion,ONE,Phyrexia: All Will Be One,3,normal,uncommon,1,78686,8a973487-5def-4771-bb77-5748cbd2f469,0.35,false,false,near_mint,en,USD,2023-10-20T07:47:56.835Z
Phyrexia: All Will Be One,binder,Compleat Devotion,ONE,Phyrexia: All Will Be One,7,normal,common,1,78466,2bb29a69-3e42-4268-8026-f01072d7b56c,0.35,false,false,near_mint,en,USD,2023-10-20T07:47:56.835Z
Phyrexia: All Will Be One,binder,Indoctrination Attendant,ONE,Phyrexia: All Will Be One,16,normal,common,1,78864,d051bfc7-b402-444d-896e-c3a9562cdb0d,0.35,false,false,near_mint,en,USD,2023-10-20T07:47:56.835Z
Phyrexia: All Will Be One,binder,Charge of the Mites,ONE,Phyrexia: All Will Be One,6,normal,common,1,78520,42060b9d-de58-485e-817a-1e64839943aa,0.35,false,false,near_mint,en,USD,2023-10-20T07:47:56.835Z
Phyrexia: All Will Be One,binder,Sinew Dancer,ONE,Phyrexia: All Will Be One,286,normal,common,1,78640,7836bd5e-9df3-4f24-adce-ca7028fea78f,0.35,false,false,near_mint,en,USD,2023-10-20T07:47:56.835Z
Phyrexia: All Will Be One,binder,Hexgold Hoverwings,ONE,Phyrexia: All Will Be One,14,foil,uncommon,1,78832,c498dbf9-c68c-400c-9349-c3c3fc8efcae,0.49,false,false,near_mint,en,USD,2023-10-20T07:47:56.835Z
Phyrexia: All Will Be One,binder,Mite Overseer,ONE,Phyrexia: All Will Be One,404,normal,rare,1,78749,a55a5edb-edf3-4f6c-90b8-1780b1e73997,0.99,false,false,near_mint,en,USD,2023-10-20T07:47:56.835Z
Phyrexia: All Will Be One,binder,Ossification,ONE,Phyrexia: All Will Be One,26,normal,uncommon,1,78396,0da03224-c1af-438f-96c2-b0e41e1070b7,1.49,false,false,near_mint,en,USD,2023-10-20T07:47:56.835Z
Phyrexia: All Will Be One,binder,Blightbelly Rat,ONE,Phyrexia: All Will Be One,85,normal,common,1,78701,9255cd01-a611-4fec-b9ec-b271687740ba,0.35,false,false,near_mint,en,USD,2023-10-20T07:47:56.835Z
Phyrexia: All Will Be One,binder,Pestilent Syphoner,ONE,Phyrexia: All Will Be One,103,normal,common,1,78706,947a1e44-3485-4e24-a34d-6c318584743c,0.35,false,false,near_mint,en,USD,2023-10-20T07:47:56.835Z
Phyrexia: All Will Be One,binder,Sheoldred's Headcleaver,ONE,Phyrexia: All Will Be One,109,normal,common,1,78688,8c6b818f-6912-4ea1-a35a-c8cd7ee9aead,0.35,false,false,near_mint,en,USD,2023-10-20T07:47:56.835Z
Phyrexia: All Will Be One,binder,Duress,ONE,Phyrexia: All Will Be One,92,normal,common,1,78490,3557e601-9b71-4ce9-9047-1a8baa72e574,0.35,false,false,near_mint,en,USD,2023-10-20T07:47:56.835Z
Phyrexia: All Will Be One,binder,Annihilating Glare,ONE,Phyrexia: All Will Be One,80,normal,common,1,78816,be5d0b95-ec12-4e8e-99a0-7aca457f9107,0.35,false,false,near_mint,en,USD,2023-10-20T07:47:56.835Z
Phyrexia: All Will Be One,binder,Blightbelly Rat,ONE,Phyrexia: All Will Be One,289,normal,common,1,78444,20364e49-0948-411a-b58f-b0d12fedce43,0.35,false,false,near_mint,en,USD,2023-10-20T07:47:56.835Z
Phyrexia: All Will Be One,binder,Whisper of the Dross,ONE,Phyrexia: All Will Be One,117,normal,common,1,78561,58d287e8-5297-415a-97d5-02002470c52b,0.35,false,false,near_mint,en,USD,2023-10-20T07:47:56.835Z
Phyrexia: All Will Be One,binder,Anoint with Affliction,ONE,Phyrexia: All Will Be One,81,normal,common,1,78961,f7dc55a8-290f-4666-90ce-aa632e87c5e7,0.35,false,false,near_mint,en,USD,2023-10-20T07:47:56.835Z
Phyrexia: All Will Be One,binder,Infectious Inquiry,ONE,Phyrexia: All Will Be One,97,normal,common,1,78386,0a10f284-b043-4307-bdc7-6dad47cc9221,0.35,false,false,near_mint,en,USD,2023-10-20T07:47:56.835Z
Phyrexia: All Will Be One,binder,Bilious Skulldweller,ONE,Phyrexia: All Will Be One,83,normal,uncommon,1,78900,dfb81cb1-ac56-4803-a962-359854a447df,0.35,false,false,near_mint,en,USD,2023-10-20T07:47:56.835Z
Phyrexia: All Will Be One,binder,Maze Skullbomb,ONE,Phyrexia: All Will Be One,231,normal,common,1,78403,1073aee2-aea6-473d-97c6-248778d79d80,0.35,false,false,near_mint,en,USD,2023-10-20T07:47:56.835Z
Phyrexia: All Will Be One,binder,Furnace Skullbomb,ONE,Phyrexia: All Will Be One,228,normal,common,1,78853,cb530f9d-cf35-48a7-8711-f74b3d9a35a7,0.35,false,false,near_mint,en,USD,2023-10-20T07:47:56.835Z
Phyrexia: All Will Be One,binder,Ichorplate Golem,ONE,Phyrexia: All Will Be One,230,normal,uncommon,1,78920,e555abb1-ffd4-4143-9be8-ec8a758f5c2a,0.35,false,false,near_mint,en,USD,2023-10-20T07:47:56.835Z
Phyrexia: All Will Be One,binder,Charforger,ONE,Phyrexia: All Will Be One,199,normal,uncommon,1,78525,45db6b46-c4b4-4684-8a49-53a64ffc82f2,0.35,false,false,near_mint,en,USD,2023-10-20T07:47:56.835Z
Phyrexia: All Will Be One,binder,Cinderslash Ravager,ONE,Phyrexia: All Will Be One,200,normal,uncommon,1,78935,eee24300-fff8-4405-9629-9f62b4a839ef,0.35,false,false,near_mint,en,USD,2023-10-20T07:47:56.835Z
Phyrexia: All Will Be One,binder,Slaughter Singer,ONE,Phyrexia: All Will Be One,216,normal,uncommon,1,78532,4a37aa46-bcf3-48a5-9f74-05e4878ad96f,0.35,false,false,near_mint,en,USD,2023-10-20T07:47:56.835Z
Phyrexia: All Will Be One,binder,Bladehold War-Whip,ONE,Phyrexia: All Will Be One,197,normal,uncommon,1,78551,563e9ba5-e0ec-4fb3-8301-689aa145cc19,0.35,false,false,near_mint,en,USD,2023-10-20T07:47:56.835Z
Phyrexia: All Will Be One,binder,Necrogen Rotpriest,ONE,Phyrexia: All Will Be One,212,normal,uncommon,1,78681,87519b36-1d95-4020-a61d-6afb75555e3e,0.35,false,false,near_mint,en,USD,2023-10-20T07:47:56.835Z
Phyrexia: All Will Be One,binder,"Kaya, Intangible Slayer",ONE,Phyrexia: All Will Be One,205,normal,rare,1,78602,6865b8c7-b260-48e8-a905-64cbf06b7e57,0.49,false,false,near_mint,en,USD,2023-10-20T07:47:56.835Z
Phyrexia: All Will Be One,binder,"Ovika, Enigma Goliath",ONE,Phyrexia: All Will Be One,213,normal,rare,1,78783,b298cf34-7aa5-4f97-a86c-7f28d2113b87,0.49,false,false,near_mint,en,USD,2023-10-20T07:47:56.835Z
Commander Legends: Battle for Baldur’s Gate,binder,Predatory Impetus,CLB,Commander Legends: Battle for Baldur's Gate,249,normal,common,3,68817,0077099d-aafa-46b3-ab64-e1915a9dda70,0.35,false,false,near_mint,en,USD,2023-10-20T07:59:40.092Z
Commander Legends: Battle for Baldur’s Gate,binder,Circle of the Land Druid,CLB,Commander Legends: Battle for Baldur's Gate,220,normal,common,1,68900,1e84fc74-5b33-423a-82c7-983320fce7a3,0.35,false,false,near_mint,en,USD,2023-10-20T07:59:40.092Z
Commander Legends: Battle for Baldur’s Gate,binder,Jade Orb of Dragonkind,CLB,Commander Legends: Battle for Baldur's Gate,236,normal,common,1,68889,1b32bae4-65e4-4bdb-8bc5-b98a5aac1568,0.35,false,false,near_mint,en,USD,2023-10-20T07:59:40.092Z
Commander Legends: Battle for Baldur’s Gate,binder,Poison the Blade,CLB,Commander Legends: Battle for Baldur's Gate,248,normal,common,2,68977,3de4bf10-a502-4748-9118-5459684542a7,0.35,false,false,near_mint,en,USD,2023-10-20T07:59:40.092Z
Commander Legends: Battle for Baldur’s Gate,binder,"Wilson, Refined Grizzly",CLB,Commander Legends: Battle for Baldur's Gate,261,normal,uncommon,2,69337,dfe0daf8-43da-484b-baa1-76f8313c5a0c,0.35,false,false,near_mint,en,USD,2023-10-20T07:59:40.092Z
Commander Legends: Battle for Baldur’s Gate,binder,Hardy Outlander,CLB,Commander Legends: Battle for Baldur's Gate,235,normal,uncommon,1,68992,44498893-3ff8-4d1e-abdf-4579e0c67020,0.35,false,false,near_mint,en,USD,2023-10-20T07:59:40.092Z
Commander Legends: Battle for Baldur’s Gate,binder,Carefree Swinemaster,CLB,Commander Legends: Battle for Baldur's Gate,219,normal,common,1,69218,ad8d2b97-72b9-4bde-ad31-fd9562512d30,0.35,false,false,near_mint,en,USD,2023-10-20T07:59:40.092Z
Commander Legends: Battle for Baldur’s Gate,binder,Ambitious Dragonborn,CLB,Commander Legends: Battle for Baldur's Gate,213,normal,common,1,69057,5e56a516-d71a-49c4-a929-9a8973125d3c,0.35,false,false,near_mint,en,USD,2023-10-20T07:59:40.092Z
Commander Legends: Battle for Baldur’s Gate,binder,"Wilson, Refined Grizzly",CLB,Commander Legends: Battle for Baldur's Gate,411,normal,uncommon,1,69389,fb3ebc0c-ae58-46c9-addc-a91d32201a95,0.35,false,false,near_mint,en,USD,2023-10-20T07:59:40.092Z
Commander Legends: Battle for Baldur’s Gate,binder,Avenging Hunter,CLB,Commander Legends: Battle for Baldur's Gate,215,normal,common,1,69373,f4072640-0f9b-4f0a-84cc-eda415cc92e7,1.29,false,false,near_mint,en,USD,2023-10-20T07:59:40.092Z
Commander Legends: Battle for Baldur’s Gate,binder,Nefarious Imp,CLB,Commander Legends: Battle for Baldur's Gate,137,normal,common,2,68849,0dc61b93-b87a-47f4-b5b5-eedb1db48288,0.35,false,false,near_mint,en,USD,2023-10-20T07:59:40.092Z
Commander Legends: Battle for Baldur’s Gate,binder,Murder,CLB,Commander Legends: Battle for Baldur's Gate,134,normal,common,2,69261,bdef7fea-2bd0-42a2-96f6-6def18bd7f0c,0.35,false,false,near_mint,en,USD,2023-10-20T07:59:40.092Z
Commander Legends: Battle for Baldur’s Gate,binder,Vicious Battlerager,CLB,Commander Legends: Battle for Baldur's Gate,155,normal,common,2,68906,20f939d8-3d41-4d8b-baea-7f022104c704,0.35,false,false,near_mint,en,USD,2023-10-20T07:59:40.092Z
Commander Legends: Battle for Baldur’s Gate,binder,Underdark Explorer,CLB,Commander Legends: Battle for Baldur's Gate,154,normal,common,1,69192,a2bf9736-b5f5-4fd4-8406-9f57fefd86e7,0.35,false,false,near_mint,en,USD,2023-10-20T07:59:40.092Z
Commander Legends: Battle for Baldur’s Gate,binder,Atrocious Experiment,CLB,Commander Legends: Battle for Baldur's Gate,115,normal,common,1,69352,e6098b4a-a92f-4477-8122-5913ac9247f8,0.35,false,false,near_mint,en,USD,2023-10-20T07:59:40.092Z
Commander Legends: Battle for Baldur’s Gate,binder,Sigil of Myrkul,CLB,Commander Legends: Battle for Baldur's Gate,147,normal,uncommon,1,68918,24fdf8bd-1893-4599-936a-fe0d6a87545f,0.35,false,false,near_mint,en,USD,2023-10-20T07:59:40.092Z
Commander Legends: Battle for Baldur’s Gate,binder,Chain Devil,CLB,Commander Legends: Battle for Baldur's Gate,120,normal,common,1,68971,3b434c1d-792e-4ca7-aea0-938e85fe167c,0.35,false,false,near_mint,en,USD,2023-10-20T07:59:40.092Z
Commander Legends: Battle for Baldur’s Gate,binder,Hezrou // Demonic Stench,CLB,Commander Legends: Battle for Baldur's Gate,131,normal,common,1,68841,0c2f40e7-82b0-4847-994d-9326a88c4965,0.35,false,false,near_mint,en,USD,2023-10-20T07:59:40.092Z
Commander Legends: Battle for Baldur’s Gate,binder,Mold Folk,CLB,Commander Legends: Battle for Baldur's Gate,133,normal,common,1,69152,8c5da403-d791-4ad4-a949-e8a56459cac1,0.35,false,false,near_mint,en,USD,2023-10-20T07:59:40.092Z
Commander Legends: Battle for Baldur’s Gate,binder,Candlekeep Sage,CLB,Commander Legends: Battle for Baldur's Gate,60,normal,common,1,69091,6f706ac3-0ad8-44ac-a99e-21c04075951d,0.35,false,false,near_mint,en,USD,2023-10-20T07:59:40.092Z
Commander Legends: Battle for Baldur’s Gate,binder,Draconic Lore,CLB,Commander Legends: Battle for Baldur's Gate,64,normal,common,1,69030,557f2aa6-0b82-4f60-9617-610b613c2a48,0.35,false,false,near_mint,en,USD,2023-10-20T07:59:40.092Z
Commander Legends: Battle for Baldur’s Gate,binder,Stunning Strike,CLB,Commander Legends: Battle for Baldur's Gate,97,normal,common,1,69039,582dffab-2851-4498-ad69-c4d072617f32,0.35,false,false,near_mint,en,USD,2023-10-20T07:59:40.092Z
Commander Legends: Battle for Baldur’s Gate,binder,Young Blue Dragon // Sand Augury,CLB,Commander Legends: Battle for Baldur's Gate,106,normal,common,1,69034,56b0f66b-dca9-4a01-9394-20a513c2b225,0.35,false,false,near_mint,en,USD,2023-10-20T07:59:40.092Z
Commander Legends: Battle for Baldur’s Gate,binder,Winter Eladrin,CLB,Commander Legends: Battle for Baldur's Gate,104,normal,common,1,69358,e9afba96-2ec7-45f2-9ddd-31ec27a423ca,0.35,false,false,near_mint,en,USD,2023-10-20T07:59:40.092Z
Commander Legends: Battle for Baldur’s Gate,binder,Tymora's Invoker,CLB,Commander Legends: Battle for Baldur's Gate,101,normal,common,1,69223,af5535db-696f-4c43-a8b9-c8e521b62c9c,0.35,false,false,near_mint,en,USD,2023-10-20T07:59:40.092Z
Commander Legends: Battle for Baldur’s Gate,binder,Oceanus Dragon,CLB,Commander Legends: Battle for Baldur's Gate,87,normal,common,2,68983,3fda8b66-fdf1-43e9-9d65-60b991348aac,0.35,false,false,near_mint,en,USD,2023-10-20T07:59:40.092Z
Commander Legends: Battle for Baldur’s Gate,binder,Gray Harbor Merfolk,CLB,Commander Legends: Battle for Baldur's Gate,75,normal,common,2,68888,1b211832-907e-43d6-81af-c58fdd427303,0.35,false,false,near_mint,en,USD,2023-10-20T07:59:40.092Z
Commander Legends: Battle for Baldur’s Gate,binder,Dragonborn Looter,CLB,Commander Legends: Battle for Baldur's Gate,65,normal,common,2,69035,570e8aaa-5273-42f4-b151-51976ab7730c,0.35,false,false,near_mint,en,USD,2023-10-20T07:59:40.092Z
Commander Legends: Battle for Baldur’s Gate,binder,Cone of Cold,CLB,Commander Legends: Battle for Baldur's Gate,61,normal,uncommon,1,69302,d010948a-d3f8-4ce3-9c9b-6e905a3f7087,0.35,false,false,near_mint,en,USD,2023-10-20T07:59:40.092Z
Commander Legends: Battle for Baldur’s Gate,binder,Mystery Key,CLB,Commander Legends: Battle for Baldur's Gate,85,normal,uncommon,1,69143,8894a0f5-2e1d-474f-9400-bdaa91b19fda,0.35,false,false,near_mint,en,USD,2023-10-20T07:59:40.092Z
Commander Legends: Battle for Baldur’s Gate,binder,Sword Coast Sailor,CLB,Commander Legends: Battle for Baldur's Gate,98,normal,uncommon,1,69093,704f8ab7-63fd-4963-bacd-0076fffb34a1,0.35,false,false,near_mint,en,USD,2023-10-20T07:59:40.092Z
Commander Legends: Battle for Baldur’s Gate,binder,Sailors' Bane,CLB,Commander Legends: Battle for Baldur's Gate,93,normal,uncommon,1,69310,d175a716-5b69-401b-9902-684a30810288,0.35,false,false,near_mint,en,USD,2023-10-20T07:59:40.092Z
Commander Legends: Battle for Baldur’s Gate,binder,"Alora, Merry Thief",CLB,Commander Legends: Battle for Baldur's Gate,381,normal,uncommon,1,69205,a7777a4f-0fc6-4231-b2a4-503f3820c0f6,0.35,false,false,near_mint,en,USD,2023-10-20T07:59:40.092Z
Commander Legends: Battle for Baldur’s Gate,binder,Pack Attack,CLB,Commander Legends: Battle for Baldur's Gate,190,normal,common,1,69343,e2ef30c5-a6a6-4cd9-805f-dc6f66f28997,0.35,false,false,near_mint,en,USD,2023-10-20T07:59:40.092Z
Commander Legends: Battle for Baldur’s Gate,binder,Insufferable Balladeer,CLB,Commander Legends: Battle for Baldur's Gate,184,normal,common,2,68843,0c7f401e-1403-49f8-a39e-1eed05b41c34,0.35,false,false,near_mint,en,USD,2023-10-20T07:59:40.092Z
Commander Legends: Battle for Baldur’s Gate,binder,Bhaal's Invoker,CLB,Commander Legends: Battle for Baldur's Gate,163,normal,common,2,68982,3fd3e535-8412-4f79-a2b1-dfda9db1c496,0.35,false,false,near_mint,en,USD,2023-10-20T07:59:40.092Z
Commander Legends: Battle for Baldur’s Gate,binder,Earth Tremor,CLB,Commander Legends: Battle for Baldur's Gate,171,normal,common,1,69243,b5f700c6-7591-481d-b223-21f5b820e831,0.35,false,false,near_mint,en,USD,2023-10-20T07:59:40.092Z
Commander Legends: Battle for Baldur’s Gate,binder,Javelin of Lightning,CLB,Commander Legends: Battle for Baldur's Gate,185,normal,common,1,68865,13d2f660-97f9-404b-82bb-37e396602580,0.35,false,false,near_mint,en,USD,2023-10-20T07:59:40.092Z
Commander Legends: Battle for Baldur’s Gate,binder,Nemesis Phoenix,CLB,Commander Legends: Battle for Baldur's Gate,189,normal,uncommon,1,68875,1743840f-fe99-4cb4-a558-1763b605b35f,0.35,false,false,near_mint,en,USD,2023-10-20T07:59:40.092Z
Commander Legends: Battle for Baldur’s Gate,binder,Fireball,CLB,Commander Legends: Battle for Baldur's Gate,397,normal,uncommon,1,67516,82a97aae-d8a7-4451-a47e-ea878dea6e4c,0.35,false,false,near_mint,en,USD,2023-10-20T07:59:40.092Z
Commander Legends: Battle for Baldur’s Gate,binder,Amethyst Dragon // Explosive Crystal,CLB,Commander Legends: Battle for Baldur's Gate,160,normal,uncommon,1,69038,57adbd6e-88ec-4472-a9c9-90b679fa881f,0.35,false,false,near_mint,en,USD,2023-10-20T07:59:40.092Z
Commander Legends: Battle for Baldur’s Gate,binder,Elturel Survivors,CLB,Commander Legends: Battle for Baldur's Gate,172,normal,rare,1,69345,e376b59a-5702-4706-b713-01cab4e253cc,0.69,false,false,near_mint,en,USD,2023-10-20T07:59:40.092Z
Commander Legends: Battle for Baldur’s Gate,binder,Caves of Chaos Adventurer,CLB,Commander Legends: Battle for Baldur's Gate,167,normal,rare,1,68835,09abb6df-2aa1-4999-b550-db2892faa8c7,1.49,false,false,near_mint,en,USD,2023-10-20T07:59:40.092Z
Commander Legends: Battle for Baldur’s Gate,binder,Greatsword of Tyr,CLB,Commander Legends: Battle for Baldur's Gate,22,normal,common,2,69012,50088a60-642b-47ed-a289-ef0b617b688f,0.49,false,false,near_mint,en,USD,2023-10-20T07:59:40.092Z
Commander Legends: Battle for Baldur’s Gate,binder,Wyrm's Crossing Patrol,CLB,Commander Legends: Battle for Baldur's Gate,51,normal,common,3,69367,f00a57fc-b4a6-48fa-a20c-864c10099e4b,0.35,false,false,near_mint,en,USD,2023-10-20T07:59:40.092Z
Commander Legends: Battle for Baldur’s Gate,binder,Blessed Hippogriff // Tyr's Blessing,CLB,Commander Legends: Battle for Baldur's Gate,11,normal,common,2,69240,b4590e53-ca8d-4896-a8cf-6af1e4bc456f,0.35,false,false,near_mint,en,USD,2023-10-20T07:59:40.092Z
Commander Legends: Battle for Baldur’s Gate,binder,Icewind Stalwart,CLB,Commander Legends: Battle for Baldur's Gate,27,normal,common,1,69222,aeb153e2-345d-4993-9f2d-f0d0ddfbc8a7,0.35,false,false,near_mint,en,USD,2023-10-20T07:59:40.092Z
Commander Legends: Battle for Baldur’s Gate,binder,Recruitment Drive,CLB,Commander Legends: Battle for Baldur's Gate,38,normal,common,1,69224,afbd2822-d161-41df-9f48-abecd5da19c4,0.35,false,false,near_mint,en,USD,2023-10-20T07:59:40.092Z
Commander Legends: Battle for Baldur’s Gate,binder,You're Confronted by Robbers,CLB,Commander Legends: Battle for Baldur's Gate,53,normal,common,1,69383,f76e5d23-a45f-4100-8638-fce33f290fc6,0.35,false,false,near_mint,en,USD,2023-10-20T07:59:40.092Z
Commander Legends: Battle for Baldur’s Gate,binder,Flaming Fist,CLB,Commander Legends: Battle for Baldur's Gate,18,normal,common,1,69361,ec122c9f-5513-4ba7-ae04-3c2060121d73,0.35,false,false,near_mint,en,USD,2023-10-20T07:59:40.092Z
Commander Legends: Battle for Baldur’s Gate,binder,Guardian Naga // Banishing Coils,CLB,Commander Legends: Battle for Baldur's Gate,23,normal,common,1,68879,18da890e-0f8d-41e9-a29f-24cb5393c464,0.35,false,false,near_mint,en,USD,2023-10-20T07:59:40.092Z
Commander Legends: Battle for Baldur’s Gate,binder,Flaming Fist Officer,CLB,Commander Legends: Battle for Baldur's Gate,19,normal,common,1,69176,98722a04-0674-4083-b6f5-51bb88a99814,0.35,false,false,near_mint,en,USD,2023-10-20T07:59:40.092Z
Commander Legends: Battle for Baldur’s Gate,binder,Githzerai Monk,CLB,Commander Legends: Battle for Baldur's Gate,20,normal,uncommon,1,68990,43a088ea-c397-4bdd-8779-59561ff73ec2,0.35,false,false,near_mint,en,USD,2023-10-20T07:59:40.092Z
Commander Legends: Battle for Baldur’s Gate,binder,Veteran Soldier,CLB,Commander Legends: Battle for Baldur's Gate,48,normal,uncommon,1,68980,3f4f074e-914e-4924-8b5e-b80b247bc341,0.35,false,false,near_mint,en,USD,2023-10-20T07:59:40.092Z
Commander Legends: Battle for Baldur’s Gate,binder,Bane's Invoker,CLB,Commander Legends: Battle for Baldur's Gate,7,normal,common,1,68908,2164a728-131f-41ce-9346-8036c86543e2,0.35,false,false,near_mint,en,USD,2023-10-20T07:59:40.092Z
Commander Legends: Battle for Baldur’s Gate,binder,Crystal Dragon // Rob the Hoard,CLB,Commander Legends: Battle for Baldur's Gate,13,normal,uncommon,2,68964,384ec8b7-472e-4026-9632-349ab9df2b27,0.35,false,false,near_mint,en,USD,2023-10-20T07:59:40.092Z
Commander Legends: Battle for Baldur’s Gate,binder,"Abdel Adrian, Gorion's Ward",CLB,Commander Legends: Battle for Baldur's Gate,2,normal,uncommon,1,68967,396f9198-67b6-45d8-91b4-dc853bff9623,0.35,false,false,near_mint,en,USD,2023-10-20T07:59:40.092Z
Commander Legends: Battle for Baldur’s Gate,binder,Flaming Fist,CLB,Commander Legends: Battle for Baldur's Gate,18,foil,common,1,69361,ec122c9f-5513-4ba7-ae04-3c2060121d73,0.49,false,false,near_mint,en,USD,2023-10-20T07:59:40.092Z
Commander Legends: Battle for Baldur’s Gate,binder,Nimblewright Schematic,CLB,Commander Legends: Battle for Baldur's Gate,330,normal,common,2,68953,34282856-c0f1-4845-bfc8-537466c6a5bb,0.35,false,false,near_mint,en,USD,2023-10-20T07:59:40.092Z
Commander Legends: Battle for Baldur’s Gate,binder,Trailblazer's Torch,CLB,Commander Legends: Battle for Baldur's Gate,340,normal,common,2,68842,0c4f76ae-e93b-4ca1-ac62-753707f6319e,0.35,false,false,near_mint,en,USD,2023-10-20T07:59:40.092Z
Commander Legends: Battle for Baldur’s Gate,binder,Universal Solvent,CLB,Commander Legends: Battle for Baldur's Gate,342,normal,common,1,69342,e142122f-3a04-436e-a958-dc2224b4fc6d,0.35,false,false,near_mint,en,USD,2023-10-20T07:59:40.092Z
Commander Legends: Battle for Baldur’s Gate,binder,Marching Duodrone,CLB,Commander Legends: Battle for Baldur's Gate,321,normal,common,1,69131,822e46fc-1ebc-4151-bfd3-333fa6b77816,0.35,false,false,near_mint,en,USD,2023-10-20T07:59:40.092Z
Commander Legends: Battle for Baldur’s Gate,binder,Dire Mimic,CLB,Commander Legends: Battle for Baldur's Gate,310,normal,common,1,69088,6e29bae1-0643-4781-9edc-50a8e6d1a3a1,0.35,false,false,near_mint,en,USD,2023-10-20T07:59:40.092Z
Commander Legends: Battle for Baldur’s Gate,binder,Prophetic Prism,CLB,Commander Legends: Battle for Baldur's Gate,335,normal,common,1,68890,1b837b21-9165-4965-a7b5-c59811647951,0.35,false,false,near_mint,en,USD,2023-10-20T07:59:40.092Z
Commander Legends: Battle for Baldur’s Gate,binder,Lantern of Revealing,CLB,Commander Legends: Battle for Baldur's Gate,318,normal,common,1,68941,2f43d21a-4400-4770-95a9-ce074ee68232,0.35,false,false,near_mint,en,USD,2023-10-20T07:59:40.092Z
Commander Legends: Battle for Baldur’s Gate,binder,Gate Colossus,CLB,Commander Legends: Battle for Baldur's Gate,315,normal,uncommon,1,69048,5b2318e7-250d-4a30-8b45-55d4c1db68e9,0.35,false,false,near_mint,en,USD,2023-10-20T07:59:40.092Z
Commander Legends: Battle for Baldur’s Gate,binder,Faceless One,CLB,Commander Legends: Battle for Baldur's Gate,1,normal,special,1,68919,25564fba-5765-457b-8dd3-f26b877221b8,0.35,false,false,near_mint,en,USD,2023-10-20T07:59:40.092Z
Commander Legends: Battle for Baldur’s Gate,binder,Treasure Keeper,CLB,Commander Legends: Battle for Baldur's Gate,341,normal,uncommon,1,69244,b68ab416-3394-4cb6-bfc6-33e62964dd1c,0.35,false,false,near_mint,en,USD,2023-10-20T07:59:40.092Z
Commander Legends: Battle for Baldur’s Gate,binder,Fire Diamond,CLB,Commander Legends: Battle for Baldur's Gate,313,normal,common,1,69045,5a561484-438b-4ce9-911e-97078ac5b0fa,0.35,false,false,near_mint,en,USD,2023-10-20T07:59:40.092Z
Commander Legends: Battle for Baldur’s Gate,binder,Fraying Line,CLB,Commander Legends: Battle for Baldur's Gate,314,normal,rare,2,69105,75bf7702-c97d-4b88-b815-769c4906e014,0.49,false,false,near_mint,en,USD,2023-10-20T07:59:40.092Z
Kamigawa: Neon Dynasty,binder,Ogre-Head Helm,NEO,Kamigawa: Neon Dynasty,155,normal,rare,1,66678,3a0d5f7d-4e8a-42ad-8875-610004bd9796,0.49,false,false,near_mint,en,USD,2023-10-20T13:56:40.937Z
Kamigawa: Neon Dynasty,binder,Brute Suit,NEO,Kamigawa: Neon Dynasty,241,normal,common,1,66866,363cb43a-e358-4380-a42f-9b095ca522c6,0.35,false,false,near_mint,en,USD,2023-10-20T14:01:53.523Z
Kamigawa: Neon Dynasty,binder,Ecologist's Terrarium,NEO,Kamigawa: Neon Dynasty,246,normal,common,2,66855,1d981026-b2df-4d8d-a9b4-296b011d9925,0.35,false,false,near_mint,en,USD,2023-10-20T14:01:53.523Z
Kamigawa: Neon Dynasty,binder,Ninja's Kunai,NEO,Kamigawa: Neon Dynasty,252,normal,common,1,66901,af6ae567-c77a-416a-b609-4df3d0dd2e18,0.35,false,false,near_mint,en,USD,2023-10-20T14:01:53.523Z
Kamigawa: Neon Dynasty,binder,Network Terminal,NEO,Kamigawa: Neon Dynasty,251,normal,common,1,66917,d61e596f-97ef-4eb3-af42-ddfe50d07667,0.35,false,false,near_mint,en,USD,2023-10-20T14:01:53.523Z
Kamigawa: Neon Dynasty,binder,Golem's Heart,SOM,Scars of Mirrodin,161,normal,uncommon,1,20871,647ecb81-2d23-40f3-8570-0b86e2ed1c5e,0.35,false,false,near_mint,en,USD,2023-10-20T14:01:53.523Z
Kamigawa: Neon Dynasty,binder,Searchlight Companion,NEO,Kamigawa: Neon Dynasty,258,normal,common,1,66850,0b79b30e-e7aa-490e-b130-de7533e6e13b,0.35,false,false,near_mint,en,USD,2023-10-20T14:01:53.523Z
Kamigawa: Neon Dynasty,binder,Walking Skyscraper,NEO,Kamigawa: Neon Dynasty,263,normal,uncommon,1,66577,958af4ba-f29e-47ef-995e-3985982c75ad,0.35,false,false,near_mint,en,USD,2023-10-20T14:01:53.523Z
Kamigawa: Neon Dynasty,binder,Papercraft Decoy,NEO,Kamigawa: Neon Dynasty,253,normal,common,1,66863,3453084c-42cc-4241-b244-c79e704f96c8,0.35,false,false,near_mint,en,USD,2023-10-20T14:01:53.523Z
Kamigawa: Neon Dynasty,binder,Kaito's Pursuit,NEO,Kamigawa: Neon Dynasty,103,normal,common,2,66920,dd73fa5a-be0f-49a4-a921-afefbc8fa9c5,0.35,false,false,near_mint,en,USD,2023-10-20T14:01:53.523Z
Kamigawa: Neon Dynasty,binder,Reckoner Shakedown,NEO,Kamigawa: Neon Dynasty,119,normal,common,1,66911,cf57666f-366b-43bf-95c7-39c1f7f061e2,0.35,false,false,near_mint,en,USD,2023-10-20T14:01:53.523Z
Kamigawa: Neon Dynasty,binder,Debt to the Kami,NEO,Kamigawa: Neon Dynasty,92,normal,common,1,66908,c1a7e728-ba01-4e3d-b269-9e2dd85a1d1b,0.35,false,false,near_mint,en,USD,2023-10-20T14:01:53.523Z
Kamigawa: Neon Dynasty,binder,Lethal Exploit,NEO,Kamigawa: Neon Dynasty,107,normal,common,1,66409,8d8edf8f-c2bd-4fd1-8abf-d3162e068b17,0.35,false,false,near_mint,en,USD,2023-10-20T14:01:53.523Z
Kamigawa: Neon Dynasty,binder,Life of Toshiro Umezawa // Memory of Toshiro,NEO,Kamigawa: Neon Dynasty,108,normal,uncommon,2,66481,f7f4adf7-b871-417b-8904-7f024ca21486,0.35,false,false,near_mint,en,USD,2023-10-20T14:01:53.523Z
Kamigawa: Neon Dynasty,binder,The Long Reach of Night // Animus of Night's Reach,NEO,Kamigawa: Neon Dynasty,109,normal,uncommon,1,66694,4ec18bf7-bd80-408d-acc4-ffaaf7ef6b5b,0.35,false,false,near_mint,en,USD,2023-10-20T14:01:53.523Z
Kamigawa: Neon Dynasty,binder,Okiba Reckoner Raid // Nezumi Road Captain,NEO,Kamigawa: Neon Dynasty,117,normal,common,3,66534,4f0582b4-d951-4450-b158-4a34109e48cd,0.35,false,false,near_mint,en,USD,2023-10-20T14:01:53.523Z
Kamigawa: Neon Dynasty,binder,Chainflail Centipede,NEO,Kamigawa: Neon Dynasty,90,normal,common,1,66857,24b8efe0-2f7b-4ada-a1b9-9c5f9e6a114d,0.35,false,false,near_mint,en,USD,2023-10-20T14:01:53.523Z
Kamigawa: Neon Dynasty,binder,Mukotai Ambusher,NEO,Kamigawa: Neon Dynasty,342,normal,common,1,66673,357594c7-a9a6-468d-b262-e5f7d5e35f54,0.35,false,false,near_mint,en,USD,2023-10-20T14:01:53.523Z
Kamigawa: Neon Dynasty,binder,Mukotai Ambusher,NEO,Kamigawa: Neon Dynasty,112,normal,common,1,66639,0adf3293-c1e0-447c-8231-26fa9476a262,0.35,false,false,near_mint,en,USD,2023-10-20T14:01:53.523Z
Kamigawa: Neon Dynasty,binder,Nezumi Prowler,NEO,Kamigawa: Neon Dynasty,116,normal,uncommon,1,66451,ca911e9a-bd04-4531-a81e-3485e9cbe89e,0.35,false,false,near_mint,en,USD,2023-10-20T14:01:53.523Z
Kamigawa: Neon Dynasty,binder,Nezumi Bladeblesser,NEO,Kamigawa: Neon Dynasty,318,normal,common,1,66517,317bdf0d-df7d-4ca2-8131-060ba7cf2602,0.35,false,false,near_mint,en,USD,2023-10-20T14:01:53.523Z
Kamigawa: Neon Dynasty,binder,Nezumi Bladeblesser,NEO,Kamigawa: Neon Dynasty,115,normal,common,1,66580,9a03d3f5-b32b-4814-b485-25f24e51609c,0.35,false,false,near_mint,en,USD,2023-10-20T14:01:53.523Z
Kamigawa: Neon Dynasty,binder,Inkrise Infiltrator,NEO,Kamigawa: Neon Dynasty,341,normal,common,1,66625,f66aaba3-4a28-4fcf-926a-34bbbf0dbeb4,0.35,false,false,near_mint,en,USD,2023-10-20T14:01:53.523Z
Kamigawa: Neon Dynasty,binder,Inkrise Infiltrator,NEO,Kamigawa: Neon Dynasty,100,normal,common,2,66606,cbb6e447-5f40-4039-8a17-257b4a55382c,0.35,false,false,near_mint,en,USD,2023-10-20T14:01:53.523Z
Kamigawa: Neon Dynasty,binder,Dokuchi Shadow-Walker,NEO,Kamigawa: Neon Dynasty,339,normal,common,1,66382,6d35bcc7-2280-4061-9a6c-e67038cfb114,0.35,false,false,near_mint,en,USD,2023-10-20T14:05:38.042Z
Kamigawa: Neon Dynasty,binder,Dokuchi Shadow-Walker,NEO,Kamigawa: Neon Dynasty,94,normal,common,2,66399,81496a81-c986-4749-a28c-45341764e28f,0.35,false,false,near_mint,en,USD,2023-10-20T14:05:38.042Z
Kamigawa: Neon Dynasty,binder,Enthusiastic Mechanaut,NEO,Kamigawa: Neon Dynasty,218,normal,uncommon,1,66434,ac00521f-1b7d-478d-afe8-6761ea512d8d,0.39,false,false,near_mint,en,USD,2023-10-20T14:05:38.042Z
Kamigawa: Neon Dynasty,binder,"Naomi, Pillar of Order",NEO,Kamigawa: Neon Dynasty,229,normal,uncommon,1,66357,4400fd66-1a24-47fb-bc94-37e0aae0e610,0.35,false,false,near_mint,en,USD,2023-10-20T14:05:38.042Z
Kamigawa: Neon Dynasty,binder,Oni-Cult Anvil,NEO,Kamigawa: Neon Dynasty,230,normal,uncommon,1,66601,c84db1e2-855c-4169-a9cc-a54c73c14e0c,0.35,false,false,near_mint,en,USD,2023-10-20T14:05:38.042Z
Kamigawa: Neon Dynasty,binder,Born to Drive,NEO,Kamigawa: Neon Dynasty,6,normal,uncommon,1,66627,ffdfad1f-d316-4023-9c79-8c24f1cd31d0,0.35,false,false,near_mint,en,USD,2023-10-20T14:05:38.042Z
Kamigawa: Neon Dynasty,binder,The Fall of Lord Konda // Fragment of Konda,NEO,Kamigawa: Neon Dynasty,12,normal,uncommon,2,66532,4d784409-df6d-45d4-8f8b-6e3fd57a8fde,0.35,false,false,near_mint,en,USD,2023-10-20T14:05:38.042Z
Kamigawa: Neon Dynasty,binder,Era of Enlightenment // Hand of Enlightenment,NEO,Kamigawa: Neon Dynasty,11,normal,common,3,66390,74f43827-2b9b-4fc9-a6e2-c682dfbf14f7,0.35,false,false,near_mint,en,USD,2023-10-20T14:05:38.042Z
Kamigawa: Neon Dynasty,binder,Befriending the Moths // Imperial Moth,NEO,Kamigawa: Neon Dynasty,4,normal,common,4,66406,8ad44884-ae0d-40ae-87a9-bad043d4e9ad,0.35,false,false,near_mint,en,USD,2023-10-20T14:05:38.042Z
Kamigawa: Neon Dynasty,binder,Michiko's Reign of Truth // Portrait of Michiko,NEO,Kamigawa: Neon Dynasty,29,normal,uncommon,2,66389,74f12c23-5c15-4ae6-8f4d-c5e6c1878817,0.35,false,false,near_mint,en,USD,2023-10-20T14:05:38.042Z
Kamigawa: Neon Dynasty,binder,Light the Way,NEO,Kamigawa: Neon Dynasty,24,normal,common,1,66522,3a2fd960-c4ec-4dfa-a61d-f8577b9d3519,0.35,false,false,near_mint,en,USD,2023-10-20T14:05:38.042Z
Kamigawa: Neon Dynasty,binder,Repel the Vile,NEO,Kamigawa: Neon Dynasty,33,normal,common,1,66763,9a37d5b4-af3a-48b0-895f-91b652108ef6,0.35,false,false,near_mint,en,USD,2023-10-20T14:05:38.042Z
Kamigawa: Neon Dynasty,binder,Wanderer's Intervention,NEO,Kamigawa: Neon Dynasty,41,normal,common,1,66684,43708ec9-a85a-4244-86b4-67b30b41d854,0.35,false,false,near_mint,en,USD,2023-10-20T14:05:38.042Z
Kamigawa: Neon Dynasty,binder,Lucky Offering,NEO,Kamigawa: Neon Dynasty,27,normal,common,1,66660,24bbdeb0-9165-4874-a853-d19c20c250ef,0.35,false,false,near_mint,en,USD,2023-10-20T14:05:38.042Z
Kamigawa: Neon Dynasty,binder,Ancestral Katana,NEO,Kamigawa: Neon Dynasty,1,normal,common,1,66463,d9b1ed43-ee6c-43a2-ba94-5bf71c63e070,0.35,false,false,near_mint,en,USD,2023-10-20T14:05:38.042Z
Kamigawa: Neon Dynasty,binder,Dragonfly Suit,NEO,Kamigawa: Neon Dynasty,9,normal,common,2,66691,4900862f-90f4-450b-a775-219da4ce67ef,0.35,false,false,near_mint,en,USD,2023-10-20T14:05:38.042Z
Kamigawa: Neon Dynasty,binder,Hotshot Mechanic,NEO,Kamigawa: Neon Dynasty,16,normal,uncommon,1,66373,5a70e8fa-b71d-441e-b049-dacb09a9a7af,0.35,false,false,near_mint,en,USD,2023-10-20T14:05:38.042Z
Kamigawa: Neon Dynasty,binder,"Norika Yamazaki, the Poet",NEO,Kamigawa: Neon Dynasty,311,normal,uncommon,1,66518,344df5c2-a963-42e3-b61b-1712f15e1eb9,0.35,false,false,near_mint,en,USD,2023-10-20T14:05:38.042Z
Kamigawa: Neon Dynasty,binder,Seven-Tail Mentor,NEO,Kamigawa: Neon Dynasty,313,normal,common,4,66509,267efff1-cbe6-40b0-959e-72b81cbda1d0,0.35,false,false,near_mint,en,USD,2023-10-20T14:05:38.042Z
Kamigawa: Neon Dynasty,binder,Seven-Tail Mentor,NEO,Kamigawa: Neon Dynasty,36,normal,common,1,66582,9d77d1e6-c804-46f7-ba00-6df6bca2ae08,0.35,false,false,near_mint,en,USD,2023-10-20T14:05:38.042Z
Kamigawa: Neon Dynasty,binder,Kitsune Ace,NEO,Kamigawa: Neon Dynasty,22,normal,common,1,66838,ef1d446a-8607-45b8-a01f-dad17bab76e7,0.35,false,false,near_mint,en,USD,2023-10-20T14:05:38.042Z
Kamigawa: Neon Dynasty,binder,Mothrider Patrol,NEO,Kamigawa: Neon Dynasty,30,normal,common,1,66845,f657f2dc-adc8-4a66-b081-a71b3a127389,0.35,false,false,near_mint,en,USD,2023-10-20T14:05:38.042Z
Kamigawa: Neon Dynasty,binder,Eiganjo Exemplar,NEO,Kamigawa: Neon Dynasty,10,normal,common,1,66680,3b0a9cc0-bb6d-47f7-b0d5-3956c46a1b3a,0.35,false,false,near_mint,en,USD,2023-10-20T14:05:38.042Z
Kamigawa: Neon Dynasty,binder,Imperial Subduer,NEO,Kamigawa: Neon Dynasty,310,normal,common,1,66356,41e7420e-55d0-4f4b-84bb-e5b86616cbb3,0.35,false,false,near_mint,en,USD,2023-10-20T14:05:38.042Z
Kamigawa: Neon Dynasty,binder,Imperial Subduer,NEO,Kamigawa: Neon Dynasty,19,normal,common,1,66327,13246172-7554-4edc-b6db-23dc91e4290a,0.35,false,false,near_mint,en,USD,2023-10-20T14:05:38.042Z
Kamigawa: Neon Dynasty,binder,Sunblade Samurai,NEO,Kamigawa: Neon Dynasty,315,normal,common,1,66588,a32e2ad3-c5fb-4072-aabf-6cb9538db3ca,0.35,false,false,near_mint,en,USD,2023-10-20T14:05:38.042Z
Kamigawa: Neon Dynasty,binder,Sunblade Samurai,NEO,Kamigawa: Neon Dynasty,39,normal,common,1,66617,e6c577bb-5e21-4a3e-b0a7-713a4ff7dce6,0.35,false,false,near_mint,en,USD,2023-10-20T14:05:38.042Z
Kamigawa: Neon Dynasty,binder,Mobilizer Mech,NEO,Kamigawa: Neon Dynasty,65,normal,uncommon,1,66608,cf4bb9de-ba7c-4916-b8ed-e2e644c06b58,0.35,false,false,near_mint,en,USD,2023-10-20T14:10:58.450Z
Kamigawa: Neon Dynasty,binder,Awakened Awareness,NEO,Kamigawa: Neon Dynasty,47,normal,uncommon,1,66537,51378e10-2f17-445b-97e9-5c373234ba52,0.35,false,false,near_mint,en,USD,2023-10-20T14:10:58.450Z
Kamigawa: Neon Dynasty,binder,Tamiyo's Compleation,NEO,Kamigawa: Neon Dynasty,83,normal,common,1,66436,aee62e43-6a82-4749-972b-e21802642abf,0.35,false,false,near_mint,en,USD,2023-10-20T14:10:58.450Z
Kamigawa: Neon Dynasty,binder,Short Circuit,NEO,Kamigawa: Neon Dynasty,78,normal,common,1,66730,74fe0fb5-e994-41b1-a73d-4e68f7afdf34,0.35,false,false,near_mint,en,USD,2023-10-20T14:10:58.450Z
Kamigawa: Neon Dynasty,binder,Anchor to Reality,NEO,Kamigawa: Neon Dynasty,45,normal,uncommon,1,66541,58141ad0-32ea-4e07-a133-ff7812d58c0e,0.35,false,false,near_mint,en,USD,2023-10-20T14:10:58.450Z
Kamigawa: Neon Dynasty,binder,Essence Capture,NEO,Kamigawa: Neon Dynasty,52,normal,uncommon,1,66624,f39bf1fa-b530-4353-a683-843466227109,0.35,false,false,near_mint,en,USD,2023-10-20T14:10:58.450Z
Kamigawa: Neon Dynasty,binder,Disruption Protocol,NEO,Kamigawa: Neon Dynasty,51,normal,common,1,66631,053ab598-06a4-43ae-b9fd-c291bd05642c,0.35,false,false,near_mint,en,USD,2023-10-20T14:10:58.450Z
Kamigawa: Neon Dynasty,binder,Spell Pierce,NEO,Kamigawa: Neon Dynasty,80,normal,common,1,66596,beb42273-935b-4bda-849e-c163606cf89e,0.49,false,false,near_mint,en,USD,2023-10-20T14:10:58.450Z
Kamigawa: Neon Dynasty,binder,Thirst for Knowledge,NEO,Kamigawa: Neon Dynasty,85,normal,uncommon,1,66723,6b927837-8252-4ea7-b2d0-ab624de65bd7,0.35,false,false,near_mint,en,USD,2023-10-20T14:10:58.450Z
Kamigawa: Neon Dynasty,binder,Suit Up,NEO,Kamigawa: Neon Dynasty,81,normal,common,2,66696,50870bfd-7779-4a1c-b18f-57fac7e193b1,0.35,false,false,near_mint,en,USD,2023-10-20T14:10:58.450Z
Kamigawa: Neon Dynasty,binder,Reality Heist,NEO,Kamigawa: Neon Dynasty,75,normal,uncommon,1,66544,5bc954d7-322a-45b8-9e25-6e9a97fbde61,0.35,false,false,near_mint,en,USD,2023-10-20T14:10:58.450Z
Kamigawa: Neon Dynasty,binder,The Modern Age // Vector Glider,NEO,Kamigawa: Neon Dynasty,66,normal,common,4,66475,ee60a8e9-3201-4a7e-8aa4-2c5e1042c8a5,0.35,false,false,near_mint,en,USD,2023-10-20T14:10:58.450Z
Kamigawa: Neon Dynasty,binder,Behold the Unspeakable // Vision of the Unspeakable,NEO,Kamigawa: Neon Dynasty,48,normal,uncommon,1,66468,e4d52701-e0dc-474e-b08f-88147200d210,0.35,false,false,near_mint,en,USD,2023-10-20T14:10:58.450Z
Kamigawa: Neon Dynasty,binder,Moonfolk Puzzlemaker,NEO,Kamigawa: Neon Dynasty,68,normal,common,1,66802,c9fa6d4c-78dc-4b40-9ce8-a0e593d4001f,0.35,false,false,near_mint,en,USD,2023-10-20T14:10:58.450Z
Kamigawa: Neon Dynasty,binder,Acquisition Octopus,NEO,Kamigawa: Neon Dynasty,44,normal,uncommon,1,66750,8e971a72-31db-4b7e-b9b9-9f45e8c3f87e,0.35,false,false,near_mint,en,USD,2023-10-20T14:10:58.450Z
Kamigawa: Neon Dynasty,binder,Armguard Familiar,NEO,Kamigawa: Neon Dynasty,46,normal,common,1,66388,7497f147-146d-4a76-b670-bd84e07352b3,0.35,false,false,near_mint,en,USD,2023-10-20T14:10:58.450Z
Kamigawa: Neon Dynasty,binder,Network Disruptor,NEO,Kamigawa: Neon Dynasty,71,normal,common,1,66542,5a37719a-2a87-4870-8f25-12544ca2f2cf,0.35,false,false,near_mint,en,USD,2023-10-20T14:10:58.450Z
Kamigawa: Neon Dynasty,binder,Saiba Trespassers,NEO,Kamigawa: Neon Dynasty,77,normal,common,1,66598,c3dd7f1a-5d43-4218-a9d8-7cc4f6a18ecd,0.35,false,false,near_mint,en,USD,2023-10-20T14:10:58.450Z
Kamigawa: Neon Dynasty,binder,Skyswimmer Koi,NEO,Kamigawa: Neon Dynasty,79,normal,common,1,66819,db50259b-8ca8-4fbe-8ae3-6b0312d70980,0.35,false,false,near_mint,en,USD,2023-10-20T14:10:58.450Z
Kamigawa: Neon Dynasty,binder,Replication Specialist,NEO,Kamigawa: Neon Dynasty,76,normal,uncommon,2,66690,475bb3b5-b648-460c-b0ea-89ecfe0ff226,0.35,false,false,near_mint,en,USD,2023-10-20T14:10:58.450Z
Kamigawa: Neon Dynasty,binder,Silumgar Sorcerer,PLST,The List,DTK-76,normal,uncommon,1,64875,792b065f-cdb2-4862-a46e-3d02779a87bf,0.35,false,false,near_mint,en,USD,2023-10-20T14:10:58.450Z
Kamigawa: Neon Dynasty,binder,Futurist Operative,NEO,Kamigawa: Neon Dynasty,333,normal,uncommon,1,66359,47bad5c1-5804-4fba-91d9-3a49951f6e06,0.35,false,false,near_mint,en,USD,2023-10-20T14:10:58.450Z
Kamigawa: Neon Dynasty,binder,Moon-Circuit Hacker,NEO,Kamigawa: Neon Dynasty,334,normal,common,2,66552,75c43923-7280-4ccb-810b-e8c38dd8a26f,0.79,false,false,near_mint,en,USD,2023-10-20T14:10:58.450Z
Kamigawa: Neon Dynasty,binder,Moonsnare Specialist,NEO,Kamigawa: Neon Dynasty,335,normal,common,1,66844,f5e2fdd4-b953-4e9a-b511-52199a34214e,0.35,false,false,near_mint,en,USD,2023-10-20T14:10:58.450Z
Kamigawa: Neon Dynasty,binder,Guardians of Oboro,NEO,Kamigawa: Neon Dynasty,317,normal,common,1,66578,95dbd59e-a2f0-4031-b6c6-1b59fb7cb067,0.35,false,false,near_mint,en,USD,2023-10-20T14:10:58.450Z
Kamigawa: Neon Dynasty,binder,Guardians of Oboro,NEO,Kamigawa: Neon Dynasty,56,normal,common,1,66618,e9c44d4e-742f-4e4f-9bf4-921075bc427c,0.35,false,false,near_mint,en,USD,2023-10-20T14:10:58.450Z
Kamigawa: Neon Dynasty,binder,The Shattered States Era // Nameless Conqueror,NEO,Kamigawa: Neon Dynasty,162,normal,common,3,66365,517392f6-d3fd-4c59-8317-2a3595ab7562,0.35,false,false,near_mint,en,USD,2023-10-20T14:10:58.450Z
Kamigawa: Neon Dynasty,binder,Explosive Entry,NEO,Kamigawa: Neon Dynasty,139,normal,common,1,66890,7ba639ff-fe82-4ac3-9fb4-eac168bef053,0.35,false,false,near_mint,en,USD,2023-10-20T14:10:58.450Z
Kamigawa: Neon Dynasty,binder,Ambitious Assault,NEO,Kamigawa: Neon Dynasty,133,normal,common,1,66913,d00d618d-abad-475b-b938-e111282ea1c3,0.35,false,false,near_mint,en,USD,2023-10-20T14:10:58.450Z
Kamigawa: Neon Dynasty,binder,Kindled Fury,NEO,Kamigawa: Neon Dynasty,151,normal,common,1,66876,58c8bdce-73a3-4266-b3d6-61dbf4534ea3,0.35,false,false,near_mint,en,USD,2023-10-20T14:10:58.450Z
Kamigawa: Neon Dynasty,binder,Kami's Flare,NEO,Kamigawa: Neon Dynasty,150,normal,common,1,66907,bef5d58e-b490-4682-9a44-12cd61a94c0f,0.35,false,false,near_mint,en,USD,2023-10-20T14:10:58.450Z
Kamigawa: Neon Dynasty,binder,Voltage Surge,NEO,Kamigawa: Neon Dynasty,171,normal,common,1,66879,5a9b7141-45b9-4629-a4e4-b50f93929717,0.35,false,false,near_mint,en,USD,2023-10-20T14:10:58.450Z
Kamigawa: Neon Dynasty,binder,Crackling Emergence,NEO,Kamigawa: Neon Dynasty,136,normal,common,1,66886,6f77f987-ebb7-4105-a67c-0987f50fc676,0.35,false,false,near_mint,en,USD,2023-10-20T14:10:58.450Z
Kamigawa: Neon Dynasty,binder,Akki War Paint,NEO,Kamigawa: Neon Dynasty,132,normal,common,1,66478,f110698e-a343-4eff-ba23-ed7ac5a3f87b,0.35,false,false,near_mint,en,USD,2023-10-20T14:10:58.450Z
Kamigawa: Neon Dynasty,binder,Gift of Wrath,NEO,Kamigawa: Neon Dynasty,143,normal,common,1,66868,3c33f6d9-be29-4698-96f9-d393a2c8ad68,0.35,false,false,near_mint,en,USD,2023-10-20T14:10:58.450Z
Kamigawa: Neon Dynasty,binder,Towashi Songshaper,NEO,Kamigawa: Neon Dynasty,167,normal,common,1,66928,f7ff9be1-765f-4001-a0ac-39c8099924eb,0.35,false,false,near_mint,en,USD,2023-10-20T14:10:58.450Z
Kamigawa: Neon Dynasty,binder,Unstoppable Ogre,NEO,Kamigawa: Neon Dynasty,169,normal,common,1,66385,719f20d9-2baa-49b3-8c6a-89f21a07d538,0.35,false,false,near_mint,en,USD,2023-10-20T14:10:58.450Z
Kamigawa: Neon Dynasty,binder,Twinshot Sniper,NEO,Kamigawa: Neon Dynasty,168,normal,uncommon,1,66322,08a86009-4637-4b6c-9d36-367151583668,0.35,false,false,near_mint,en,USD,2023-10-20T14:10:58.450Z
Kamigawa: Neon Dynasty,binder,Kami of Industry,NEO,Kamigawa: Neon Dynasty,149,normal,common,1,66809,d3d00e61-3007-43da-960b-823e9ead2acf,0.35,false,false,near_mint,en,USD,2023-10-20T14:10:58.450Z
Kamigawa: Neon Dynasty,binder,Sokenzan Smelter,NEO,Kamigawa: Neon Dynasty,164,normal,uncommon,1,66392,758724f9-93c9-4178-ae40-3fefc75a010e,0.35,false,false,near_mint,en,USD,2023-10-20T14:10:58.450Z
Kamigawa: Neon Dynasty,binder,Reinforced Ronin,NEO,Kamigawa: Neon Dynasty,323,normal,uncommon,2,66775,a69eec2f-eec0-491f-944c-ca944d9d320b,0.49,false,false,near_mint,en,USD,2023-10-20T14:10:58.450Z
Kamigawa: Neon Dynasty,binder,"Heiko Yamazaki, the General",NEO,Kamigawa: Neon Dynasty,321,normal,uncommon,1,66603,c91040c0-f025-4843-8c0e-3ac1b76c8582,0.35,false,false,near_mint,en,USD,2023-10-20T14:10:58.450Z
Kamigawa: Neon Dynasty,binder,Peerless Samurai,NEO,Kamigawa: Neon Dynasty,322,normal,common,1,66507,247c362c-bf21-4bca-89d4-54eb60806f10,0.35,false,false,near_mint,en,USD,2023-10-20T14:10:58.450Z
Kamigawa: Neon Dynasty,binder,Akki Ronin,NEO,Kamigawa: Neon Dynasty,319,normal,common,1,66847,fa16ee8e-d33a-40e9-9956-e345f0511819,0.35,false,false,near_mint,en,USD,2023-10-20T14:10:58.450Z
Kamigawa: Neon Dynasty,binder,Blossom Prancer,NEO,Kamigawa: Neon Dynasty,175,normal,uncommon,1,66808,d26abdf2-efd7-40e5-bfc6-d75fcadd26f8,0.35,false,false,near_mint,en,USD,2023-10-20T14:10:58.450Z
Kamigawa: Neon Dynasty,binder,Azusa's Many Journeys // Likeness of the Seeker,NEO,Kamigawa: Neon Dynasty,172,normal,uncommon,2,66470,e8a51d2a-1582-4bad-995c-e7fe9f810149,0.35,false,false,near_mint,en,USD,2023-10-20T14:10:58.450Z
Kamigawa: Neon Dynasty,binder,Dokuchi Silencer,NEO,Kamigawa: Neon Dynasty,340,normal,uncommon,1,66843,f5103a49-806f-48de-ba44-e252bb6dd035,0.35,false,false,near_mint,en,USD,2023-10-20T14:22:03.339Z
Kamigawa: Neon Dynasty,binder,Dokuchi Silencer,NEO,Kamigawa: Neon Dynasty,95,normal,uncommon,1,66770,a24d5664-e214-466d-bb53-4e8f6f75a009,0.35,false,false,near_mint,en,USD,2023-10-20T14:22:03.339Z
Kamigawa: Neon Dynasty,binder,Silver-Fur Master,NEO,Kamigawa: Neon Dynasty,236,normal,uncommon,1,66452,cacc36d9-4c4b-43b2-a8b4-d265deb1e6b2,0.49,false,false,near_mint,en,USD,2023-10-20T14:22:03.339Z
Kamigawa: Neon Dynasty,binder,Tales of Master Seshiro // Seshiro's Living Legacy,NEO,Kamigawa: Neon Dynasty,210,normal,common,2,66697,512bc867-3a86-4da2-93f0-dd76d6a6f30d,0.35,false,false,near_mint,en,USD,2023-10-20T14:22:03.339Z
Kamigawa: Neon Dynasty,binder,Boseiju Reaches Skyward // Branch of Boseiju,NEO,Kamigawa: Neon Dynasty,177,normal,uncommon,1,66325,1144014b-f13b-4397-97ed-a8de46371a2c,0.35,false,false,near_mint,en,USD,2023-10-20T14:22:03.339Z
Kamigawa: Neon Dynasty,binder,Fade into Antiquity,NEO,Kamigawa: Neon Dynasty,182,normal,common,1,66874,55174ab7-9f2e-42e5-a61b-57458cfd33f3,0.35,false,false,near_mint,en,USD,2023-10-20T14:22:03.339Z
Kamigawa: Neon Dynasty,binder,Commune with Spirits,NEO,Kamigawa: Neon Dynasty,180,normal,common,1,66899,a35ff4dd-bad3-4496-82b3-8253f48af06d,0.35,false,false,near_mint,en,USD,2023-10-20T14:22:03.339Z
Kamigawa: Neon Dynasty,binder,Favor of Jukai,NEO,Kamigawa: Neon Dynasty,184,normal,common,1,66851,1013266a-81f4-4441-8dcf-2764d14afceb,0.35,false,false,near_mint,en,USD,2023-10-20T14:22:03.339Z
Kamigawa: Neon Dynasty,binder,Historian's Wisdom,NEO,Kamigawa: Neon Dynasty,192,normal,uncommon,1,66574,941f91bb-f5a3-4cca-85b5-b610502460bb,0.35,false,false,near_mint,en,USD,2023-10-20T14:22:03.339Z
Kamigawa: Neon Dynasty,binder,Harmonious Emergence,NEO,Kamigawa: Neon Dynasty,190,normal,common,1,66910,c92ff968-b436-4313-8375-8a3bb41f9892,0.35,false,false,near_mint,en,USD,2023-10-20T14:22:03.339Z
Kamigawa: Neon Dynasty,binder,Roaring Earth,NEO,Kamigawa: Neon Dynasty,204,normal,uncommon,1,66749,8cbdd88e-c532-4fc0-a1fe-8aa0c26d1092,0.35,false,false,near_mint,en,USD,2023-10-20T14:22:03.339Z
Kamigawa: Neon Dynasty,binder,Geothermal Kami,NEO,Kamigawa: Neon Dynasty,186,normal,common,1,66370,559d7162-39fc-4d99-8c5f-b40a765b883a,0.35,false,false,near_mint,en,USD,2023-10-20T14:22:03.339Z
Kamigawa: Neon Dynasty,binder,Jukai Preserver,NEO,Kamigawa: Neon Dynasty,195,normal,common,1,66924,e66120a5-95a3-4d15-873c-cfba221a2299,0.35,false,false,near_mint,en,USD,2023-10-20T14:22:03.339Z
Kamigawa: Neon Dynasty,binder,Jukai Trainee,NEO,Kamigawa: Neon Dynasty,326,normal,common,1,66853,164e663f-6a67-4a10-a737-33ea533a9316,0.35,false,false,near_mint,en,USD,2023-10-20T14:22:03.339Z
Kamigawa: Neon Dynasty,binder,Jukai Trainee,NEO,Kamigawa: Neon Dynasty,196,normal,common,1,66897,8be526cd-1480-4661-a05b-e004d7b4656c,0.35,false,false,near_mint,en,USD,2023-10-20T14:22:03.339Z
Kamigawa: Neon Dynasty,binder,Fang of Shigeki,NEO,Kamigawa: Neon Dynasty,347,normal,common,1,66576,94c8e2d5-2706-4137-bfdc-d65f1cd33bda,0.35,false,false,near_mint,en,USD,2023-10-20T14:22:03.339Z
Kamigawa: Neon Dynasty,binder,Fang of Shigeki,NEO,Kamigawa: Neon Dynasty,183,normal,common,1,66512,2dd0fef1-209f-4de5-a736-8f9bca2faa0a,0.35,false,false,near_mint,en,USD,2023-10-20T14:22:03.339Z
Kamigawa: Neon Dynasty,binder,Coiling Stalker,NEO,Kamigawa: Neon Dynasty,346,normal,common,1,66563,8297592c-3036-434a-9dbb-5f0af804dd13,0.35,false,false,near_mint,en,USD,2023-10-20T14:22:03.339Z
Kamigawa: Neon Dynasty,binder,Coiling Stalker,NEO,Kamigawa: Neon Dynasty,179,normal,common,1,66549,6eba24f6-8a9c-4398-b2ab-3924b107c7b7,0.35,false,false,near_mint,en,USD,2023-10-20T14:22:03.339Z
Kamigawa: Neon Dynasty,binder,Heir of the Ancient Fang,NEO,Kamigawa: Neon Dynasty,325,normal,common,2,66538,54509524-92b9-41a3-8aba-a8955a7dfa1a,0.35,false,false,near_mint,en,USD,2023-10-20T14:22:03.339Z
Kamigawa: Neon Dynasty,binder,Heir of the Ancient Fang,NEO,Kamigawa: Neon Dynasty,191,normal,common,1,66611,d45daa56-6ad8-4df7-9d81-3193fd32e574,0.35,false,false,near_mint,en,USD,2023-10-20T14:22:03.339Z
Kamigawa: Neon Dynasty,binder,Kappa Tech-Wrecker,NEO,Kamigawa: Neon Dynasty,348,normal,uncommon,1,66442,b9017ff4-d63f-4dd2-9157-c93fe4866bef,0.35,false,false,near_mint,en,USD,2023-10-20T14:22:03.339Z
Kamigawa: Neon Dynasty,binder,Kappa Tech-Wrecker,NEO,Kamigawa: Neon Dynasty,198,normal,uncommon,1,66459,d3a7bc69-4500-4e7e-94e4-67b85597bd82,0.35,false,false,near_mint,en,USD,2023-10-20T14:22:03.339Z
Wilds of Eldraine,binder,Three Bowls of Porridge,WOE,Wilds of Eldraine,253,foil,uncommon,1,85624,a508e040-d1e5-46aa-8404-1adc18f0f8bd,0.49,false,false,near_mint,en,USD,2023-10-30T07:17:53.049Z
Wilds of Eldraine,binder,Three Bowls of Porridge,WOE,Wilds of Eldraine,253,normal,uncommon,1,85624,a508e040-d1e5-46aa-8404-1adc18f0f8bd,0.35,false,false,near_mint,en,USD,2023-10-30T07:17:53.049Z
Wilds of Eldraine,binder,"Ruby, Daring Tracker",WOE,Wilds of Eldraine,212,normal,uncommon,1,85870,ffb5786b-6825-4ebf-a1e1-80011340adbb,0.35,false,false,near_mint,en,USD,2023-10-30T07:17:53.049Z
Wilds of Eldraine,binder,"Greta, Sweettooth Scourge",WOE,Wilds of Eldraine,205,normal,uncommon,1,85321,2cfd365e-34d1-4224-b925-119000311934,0.35,false,false,near_mint,en,USD,2023-10-30T07:17:53.049Z
Wilds of Eldraine,binder,"Johann, Apprentice Sorcerer",WOE,Wilds of Eldraine,207,normal,uncommon,1,85681,b88a762d-19ed-451d-a3a9-b3e7eea40f67,0.35,false,false,near_mint,en,USD,2023-10-30T07:17:53.049Z
Wilds of Eldraine,binder,"Obyra, Dreaming Duelist",WOE,Wilds of Eldraine,210,normal,uncommon,1,85449,63ce03ee-279b-4955-98e3-9ce1990f8b7b,0.35,false,false,near_mint,en,USD,2023-10-30T07:17:53.049Z
Wilds of Eldraine,binder,Expel the Interlopers,WOE,Wilds of Eldraine,13,normal,rare,1,85259,1094eef0-6c57-4bfa-a584-f708b87354fb,0.49,false,false,near_mint,en,USD,2023-10-30T07:17:53.049Z
Wilds of Eldraine,binder,Heartflame Duelist // Heartflame Slash,WOE,Wilds of Eldraine,290,normal,rare,1,85838,f54b25e1-193a-41fb-9d24-3147cb381dbe,0.49,false,false,near_mint,en,USD,2023-10-30T07:17:53.049Z
Wilds of Eldraine,binder,Dawn of Hope,WOT,Wilds of Eldraine: Enchanting Tales,2,normal,rare,1,85773,de36ecaa-62e0-4f1c-b07f-837a786dc897,0.49,false,false,near_mint,en,USD,2023-10-30T07:17:53.049Z
Wilds of Eldraine,binder,Wolfcaller's Howl,PLST,The List,C14-52,normal,rare,1,85950,f4bf2855-f5bf-4216-8123-576d6c5e1628,0.69,false,false,near_mint,en,USD,2023-10-30T07:17:53.049Z
Wilds of Eldraine,binder,Feral Encounter,WOE,Wilds of Eldraine,169,normal,rare,1,85772,de21251f-40bf-4f7e-9e85-9033207a788f,0.49,false,false,near_mint,en,USD,2023-10-30T07:17:53.049Z
Wilds of Eldraine,binder,Sentinel of Lost Lore,WOE,Wilds of Eldraine,184,normal,rare,1,85825,f109a5bf-1472-4b87-b3d3-70db0e123693,0.49,false,false,near_mint,en,USD,2023-10-30T07:17:53.049Z
Wilds of Eldraine,binder,Raging Battle Mouse,WOE,Wilds of Eldraine,143,normal,rare,1,85385,4d0ab162-540e-4999-902c-9dacd6687aca,0.49,false,false,near_mint,en,USD,2023-10-30T07:17:53.049Z
Wilds of Eldraine,binder,Bitter Chill,WOE,Wilds of Eldraine,44,normal,uncommon,1,85543,888e3c71-e21d-4e77-b1b6-09769f9cd3d6,0.35,false,false,near_mint,en,USD,2023-10-30T07:17:53.049Z
Wilds of Eldraine,binder,Hatching Plans,WOT,Wilds of Eldraine: Enchanting Tales,20,normal,uncommon,1,85802,e8ebcbfb-1522-4ff5-b23a-f3ea9e08ad9b,0.35,false,false,near_mint,en,USD,2023-10-30T07:17:53.049Z
Wilds of Eldraine,binder,Water Wings,WOE,Wilds of Eldraine,77,normal,common,1,85390,4ea4993c-d1ba-4b33-955b-e0874fd2132f,0.35,false,false,near_mint,en,USD,2023-10-30T07:17:53.049Z
Wilds of Eldraine,binder,Succumb to the Cold,WOE,Wilds of Eldraine,72,normal,uncommon,1,85703,c14d9fc0-bfbf-4359-93bf-5e53466965d6,0.35,false,false,near_mint,en,USD,2023-10-30T07:17:53.049Z
Wilds of Eldraine,binder,Misleading Motes,WOE,Wilds of Eldraine,61,normal,common,3,85383,4c6c7a43-c3d1-450e-834a-54e1b9def1cd,0.35,false,false,near_mint,en,USD,2023-10-30T07:17:53.049Z
Wilds of Eldraine,binder,Spell Stutter,WOE,Wilds of Eldraine,69,normal,common,1,85298,24447e36-a42f-40a9-ad44-e904b6f9b276,0.35,false,false,near_mint,en,USD,2023-10-30T07:17:53.049Z
Wilds of Eldraine,binder,Beluna's Gatekeeper // Entry Denied,WOE,Wilds of Eldraine,43,normal,common,1,85423,5c1d410e-4237-4963-b015-54d26730e63d,0.35,false,false,near_mint,en,USD,2023-10-30T07:17:53.049Z
Wilds of Eldraine,binder,Obyra's Attendants // Desperate Parry,WOE,Wilds of Eldraine,63,normal,common,1,85215,0001e77a-7fff-49d2-a55c-42f6fdf6db08,0.35,false,false,near_mint,en,USD,2023-10-30T07:17:53.049Z
Wilds of Eldraine,binder,Picklock Prankster // Free the Fae,WOE,Wilds of Eldraine,64,normal,uncommon,1,85433,5ebac73a-1ecf-4e6d-87b1-ea560bfeb064,0.35,false,false,near_mint,en,USD,2023-10-30T07:17:53.049Z
Wilds of Eldraine,binder,Diminisher Witch,WOE,Wilds of Eldraine,46,normal,common,2,85453,646d604f-b187-4122-bd4b-67634654b6f1,0.35,false,false,near_mint,en,USD,2023-10-30T07:17:53.049Z
Wilds of Eldraine,binder,Icewrought Sentry,WOE,Wilds of Eldraine,55,normal,uncommon,2,85535,859419d3-cd15-4362-98b3-a7ff98e29692,0.35,false,false,near_mint,en,USD,2023-10-30T07:17:53.049Z
Wilds of Eldraine,binder,Phyrexian Unlife,WOT,Wilds of Eldraine: Enchanting Tales,11,normal,rare,2,85858,fdbbcb80-bd9f-4b45-af55-c1264e73d602,0.49,false,false,near_mint,en,USD,2023-10-30T07:17:53.049Z
Wilds of Eldraine,binder,Tenacious Tomeseeker,WOE,Wilds of Eldraine,74,normal,uncommon,2,85710,c40be735-0780-459b-8dd2-a298575beaab,0.35,false,false,near_mint,en,USD,2023-10-30T07:21:52.345Z
Wilds of Eldraine,binder,Merfolk Coralsmith,WOE,Wilds of Eldraine,60,normal,common,1,85634,a7f6a79c-aa2f-47d2-a929-1606a61f9341,0.35,false,false,near_mint,en,USD,2023-10-30T07:21:52.345Z
Wilds of Eldraine,binder,Splashy Spellcaster,WOE,Wilds of Eldraine,70,normal,uncommon,1,85493,73ebd7f0-a54d-43a8-a5ee-9d6835308794,0.35,false,false,near_mint,en,USD,2023-10-30T07:21:52.345Z
Wilds of Eldraine,binder,Chancellor of Tales,WOE,Wilds of Eldraine,45,normal,uncommon,1,85841,f67bd5ef-305b-4bf7-990b-3014778b14a0,0.35,false,false,near_mint,en,USD,2023-10-30T07:21:52.345Z
Wilds of Eldraine,binder,Bespoke Battlegarb,WOE,Wilds of Eldraine,122,normal,common,1,85615,a28ecd59-9166-473c-bafc-cb3c54c21388,0.35,false,false,near_mint,en,USD,2023-10-30T07:21:52.345Z
Wilds of Eldraine,binder,Twisted Fealty,WOE,Wilds of Eldraine,154,normal,uncommon,1,85347,382d6085-79b9-48f7-8949-9f44dde2c753,0.35,false,false,near_mint,en,USD,2023-10-30T07:21:52.345Z
Wilds of Eldraine,binder,Cut In,WOE,Wilds of Eldraine,125,normal,common,1,85562,8ea4d40a-7657-4ff8-9fc2-915b99432275,0.35,false,false,near_mint,en,USD,2023-10-30T07:21:52.345Z
Wilds of Eldraine,binder,Witch's Mark,WOE,Wilds of Eldraine,158,normal,common,1,85235,0685afcb-06f6-4d18-b8c2-510764558dc1,0.35,false,false,near_mint,en,USD,2023-10-30T07:21:52.345Z
Wilds of Eldraine,binder,Gnawing Crescendo,WOE,Wilds of Eldraine,131,normal,common,1,85301,254fc64a-9734-44a6-8869-ab03512f1a99,0.35,false,false,near_mint,en,USD,2023-10-30T07:21:52.345Z
Wilds of Eldraine,binder,Kindled Heroism,WOE,Wilds of Eldraine,138,normal,common,1,85297,22a6d05e-e566-4a85-bcf8-9d0fbea3dd14,0.35,false,false,near_mint,en,USD,2023-10-30T07:21:52.345Z
Wilds of Eldraine,binder,Witchstalker Frenzy,WOE,Wilds of Eldraine,159,normal,uncommon,1,85454,649025a7-79d1-4d7c-b1db-d46bcf5a1ae2,0.35,false,false,near_mint,en,USD,2023-10-30T07:21:52.345Z
Wilds of Eldraine,binder,Grand Ball Guest,WOE,Wilds of Eldraine,134,normal,common,1,85751,d6e75228-16af-42b0-8441-ed253a660cc9,0.35,false,false,near_mint,en,USD,2023-10-30T07:21:52.345Z
Wilds of Eldraine,binder,Hearth Elemental // Stoke Genius,WOE,Wilds of Eldraine,136,normal,uncommon,2,85641,a8f5f102-cc75-4cee-a117-4bdaaf86c2e9,0.35,false,false,near_mint,en,USD,2023-10-30T07:21:52.345Z
Wilds of Eldraine,binder,Edgewall Pack,WOE,Wilds of Eldraine,126,normal,common,1,85648,acda9d02-00fc-49e2-a9f3-176e9c0a8c5f,0.35,false,false,near_mint,en,USD,2023-10-30T07:21:52.345Z
Wilds of Eldraine,binder,Picnic Ruiner // Stolen Goodies,WOE,Wilds of Eldraine,232,normal,uncommon,1,85459,66485c3e-3b21-4db4-ac12-af04e35b49b1,0.35,false,false,near_mint,en,USD,2023-10-30T07:21:52.345Z
Wilds of Eldraine,binder,Harried Spearguard,WOE,Wilds of Eldraine,135,normal,common,3,85288,1db79785-4f55-445f-93f2-14c6e4606fc5,0.35,false,false,near_mint,en,USD,2023-10-30T07:21:52.345Z
Wilds of Eldraine,binder,Two-Headed Hunter // Twice the Rage,WOE,Wilds of Eldraine,155,normal,uncommon,2,85481,70c12e75-7e65-4706-b976-e47835910928,0.35,false,false,near_mint,en,USD,2023-10-30T07:21:52.345Z
Wilds of Eldraine,binder,Skewer Slinger,WOE,Wilds of Eldraine,149,normal,common,2,85799,e78e50ca-d27b-45db-91fa-7fef3cad16d0,0.35,false,false,near_mint,en,USD,2023-10-30T07:21:52.345Z
Wilds of Eldraine,binder,Merry Bards,WOE,Wilds of Eldraine,140,normal,common,2,85658,b0058b9b-e919-45eb-9da0-690f62aa252e,0.35,false,false,near_mint,en,USD,2023-10-30T07:21:52.345Z
Wilds of Eldraine,binder,Minecart Daredevil // Ride the Rails,WOE,Wilds of Eldraine,141,normal,common,1,85421,5b2a02f3-3921-4f40-9ffa-70bc08b052e1,0.35,false,false,near_mint,en,USD,2023-10-30T07:21:52.345Z
Wilds of Eldraine,binder,Boundary Lands Ranger,WOE,Wilds of Eldraine,123,normal,uncommon,1,85727,ccdcbb1d-702e-4832-8eed-7ed3deffefe3,0.35,false,false,near_mint,en,USD,2023-10-30T07:21:52.345Z
Wilds of Eldraine,binder,Belligerent of the Ball,WOE,Wilds of Eldraine,120,normal,uncommon,1,85460,6658398a-46a5-4f41-9b1b-4a47f2822cf8,0.35,false,false,near_mint,en,USD,2023-10-30T07:21:52.345Z
Wilds of Eldraine,binder,Bestial Bloodline,WOE,Wilds of Eldraine,162,normal,common,1,85402,55b9b8e5-1ed8-4be0-aad5-041a599c6841,0.35,false,false,near_mint,en,USD,2023-10-30T07:21:52.345Z
Wilds of Eldraine,binder,Night of the Sweets' Revenge,WOE,Wilds of Eldraine,178,normal,uncommon,1,85310,27f53bed-7075-4303-aa9e-fcca0a266e19,0.35,false,false,near_mint,en,USD,2023-10-30T07:21:52.345Z
Wilds of Eldraine,binder,Titanic Growth,WOE,Wilds of Eldraine,191,normal,common,2,85371,46917de3-5e98-4dd6-8950-fc10338515df,0.35,false,false,near_mint,en,USD,2023-10-30T07:21:52.345Z
Wilds of Eldraine,binder,Curse of the Werefox,WOE,Wilds of Eldraine,167,normal,common,3,85547,89148458-1fd6-48ef-a2d9-7b434c9723ec,0.35,false,false,near_mint,en,USD,2023-10-30T07:21:52.345Z
Wilds of Eldraine,binder,Commune with Nature,WOE,Wilds of Eldraine,166,normal,common,3,85396,5224eec3-2941-4d16-a713-099e34e93eee,0.35,false,false,near_mint,en,USD,2023-10-30T07:21:52.345Z
Wilds of Eldraine,binder,Spider Food,WOE,Wilds of Eldraine,186,normal,common,1,85689,b9fd720b-e9c2-4e82-917e-bab6c544afb0,0.35,false,false,near_mint,en,USD,2023-10-30T07:21:52.345Z
Wilds of Eldraine,binder,Brave the Wilds,WOE,Wilds of Eldraine,165,normal,common,1,85526,821b9e86-d108-42e5-b642-c5e07ab16c37,0.35,false,false,near_mint,en,USD,2023-10-30T07:21:52.345Z
Wilds of Eldraine,binder,Return from the Wilds,WOE,Wilds of Eldraine,181,normal,common,1,85583,9597d9ea-d9b2-4009-8e7c-02caa3585bc5,0.35,false,false,near_mint,en,USD,2023-10-30T07:26:28.978Z
Wilds of Eldraine,binder,Redtooth Genealogist,WOE,Wilds of Eldraine,179,normal,common,2,85600,99c81440-66eb-4443-a83f-e2f15cb68a3e,0.35,false,false,near_mint,en,USD,2023-10-30T07:26:28.978Z
Wilds of Eldraine,binder,Hamlet Glutton,WOE,Wilds of Eldraine,173,normal,common,1,85623,a4ec5544-c138-44bb-a807-5798313c9a50,0.35,false,false,near_mint,en,USD,2023-10-30T07:26:28.978Z
Wilds of Eldraine,binder,Agatha's Champion,WOE,Wilds of Eldraine,160,normal,uncommon,1,85574,92652c41-1239-4299-a486-11fe1a96e912,0.35,false,false,near_mint,en,USD,2023-10-30T07:26:28.978Z
Wilds of Eldraine,binder,Troublemaker Ouphe,WOE,Wilds of Eldraine,194,normal,common,1,85518,7f7b2fc0-d3f6-4c4d-a163-986a372e5b12,0.35,false,false,near_mint,en,USD,2023-10-30T07:26:28.978Z
Wilds of Eldraine,binder,Tempest Hart // Scan the Clouds,WOE,Wilds of Eldraine,238,normal,uncommon,1,85401,559bacc8-facc-4d93-90b5-8ac21d3246f5,0.35,false,false,near_mint,en,USD,2023-10-30T07:26:28.978Z
Wilds of Eldraine,binder,Toadstool Admirer,WOE,Wilds of Eldraine,192,normal,common,1,85821,f0a6349a-beff-4abd-b005-86d27c1e2957,0.35,false,false,near_mint,en,USD,2023-10-30T07:26:28.978Z
Wilds of Eldraine,binder,Rootrider Faun,WOE,Wilds of Eldraine,182,normal,common,2,85388,4e87db5a-1a70-42df-83a2-c0f71fe8533a,0.35,false,false,near_mint,en,USD,2023-10-30T07:26:28.978Z
Wilds of Eldraine,binder,Ferocious Werefox // Guard Change,WOE,Wilds of Eldraine,170,normal,common,2,85646,ac1907e8-0713-47dd-ac42-bf1323c5bec0,0.35,false,false,near_mint,en,USD,2023-10-30T07:26:28.978Z
Wilds of Eldraine,binder,Provisions Merchant,WOE,Wilds of Eldraine,321,normal,uncommon,1,85610,a015282d-bcd4-44ab-ae26-41e4e3b23fc0,0.35,false,false,near_mint,en,USD,2023-10-30T07:26:28.978Z
Wilds of Eldraine,binder,Hollow Scavenger // Bakery Raid,WOE,Wilds of Eldraine,174,normal,common,1,85244,0ad345b6-7077-4dd2-b515-c774a3185fe4,0.35,false,false,near_mint,en,USD,2023-10-30T07:26:28.978Z
Wilds of Eldraine,binder,Territorial Witchstalker,WOE,Wilds of Eldraine,189,normal,common,1,85300,2515d53d-7a50-4da3-980d-91d91fea2020,0.35,false,false,near_mint,en,USD,2023-10-30T07:26:28.978Z
Wilds of Eldraine,binder,Knightly Valor,WOT,Wilds of Eldraine: Enchanting Tales,8,normal,uncommon,1,85529,844b8b36-6c45-445c-92a3-f1058669d66a,0.35,false,false,near_mint,en,USD,2023-10-30T07:26:28.978Z
Wilds of Eldraine,binder,Griffin Aerie,WOT,Wilds of Eldraine: Enchanting Tales,5,normal,uncommon,1,85659,b0c1cd62-aa6e-4120-ba70-1f12c8efe389,0.35,false,false,near_mint,en,USD,2023-10-30T07:26:28.978Z
Wilds of Eldraine,binder,Hopeful Vigil,WOE,Wilds of Eldraine,17,normal,common,1,85741,d382fd32-b1f5-4ec7-9d42-fc2915ed3bc9,0.35,false,false,near_mint,en,USD,2023-10-30T07:26:28.978Z
Wilds of Eldraine,binder,Cooped Up,WOE,Wilds of Eldraine,8,normal,common,1,85552,8acb8758-09c5-4e19-ada1-904e36ece1fc,0.35,false,false,near_mint,en,USD,2023-10-30T07:26:28.978Z
Wilds of Eldraine,binder,Return Triumphant,WOE,Wilds of Eldraine,26,normal,common,1,85836,f5209c13-9591-48eb-8d6c-112b3bdd429a,0.35,false,false,near_mint,en,USD,2023-10-30T07:26:28.978Z
Wilds of Eldraine,binder,Archon's Glory,WOE,Wilds of Eldraine,2,normal,common,2,85796,e71768e7-4ef7-4fb2-838b-eb3a7f662d38,0.35,false,false,near_mint,en,USD,2023-10-30T07:26:28.978Z
Wilds of Eldraine,binder,Break the Spell,WOE,Wilds of Eldraine,5,normal,common,2,85843,f7094fc0-1d26-429c-9b49-37718c4a5c80,0.35,false,false,near_mint,en,USD,2023-10-30T07:26:28.978Z
Wilds of Eldraine,binder,Gallant Pie-Wielder,WOE,Wilds of Eldraine,15,normal,uncommon,1,85779,e053d330-d0a2-4468-afba-42bf165b8fbf,0.35,false,false,near_mint,en,USD,2023-10-30T07:26:28.978Z
Wilds of Eldraine,binder,Frostbridge Guard,WOE,Wilds of Eldraine,14,normal,common,1,85686,b9dec431-a20e-4c1c-9855-904779756509,0.35,false,false,near_mint,en,USD,2023-10-30T07:26:28.978Z
Wilds of Eldraine,binder,Tuinvale Guide,WOE,Wilds of Eldraine,36,normal,common,1,85220,01334fed-781e-4864-83fd-d37f787a778b,0.35,false,false,near_mint,en,USD,2023-10-30T07:26:28.978Z
Wilds of Eldraine,binder,Slumbering Keepguard,WOE,Wilds of Eldraine,29,normal,common,1,85754,d7f41ae2-ebc6-439f-95af-c34818a3f4e6,0.35,false,false,near_mint,en,USD,2023-10-30T07:26:28.978Z
Wilds of Eldraine,binder,Cursed Courtier,WOE,Wilds of Eldraine,9,normal,uncommon,3,85356,3d2d5a71-d6e1-4c96-9a53-0e370047a56e,0.35,false,false,near_mint,en,USD,2023-10-30T07:26:28.978Z
Wilds of Eldraine,binder,Stockpiling Celebrant,WOE,Wilds of Eldraine,32,normal,common,2,85225,0214ebc6-c59f-4170-8dd2-ce07caa6e6ad,0.35,false,false,near_mint,en,USD,2023-10-30T07:26:28.978Z
Wilds of Eldraine,binder,Besotted Knight // Betroth the Beast,WOE,Wilds of Eldraine,4,normal,common,1,85416,5980a930-c7f8-45e1-a18a-87734d9ed09e,0.35,false,false,near_mint,en,USD,2023-10-30T07:26:28.978Z
Wilds of Eldraine,binder,Charmed Clothier,WOE,Wilds of Eldraine,6,normal,common,1,85597,994f4473-dfc9-45cd-8528-945db3aa6a9a,0.35,false,false,near_mint,en,USD,2023-10-30T07:26:28.978Z
Wilds of Eldraine,binder,Protective Parents,WOE,Wilds of Eldraine,24,normal,common,1,85467,68cc9653-80ef-4606-a0ec-6d4228fdb118,0.35,false,false,near_mint,en,USD,2023-10-30T07:26:28.978Z
Wilds of Eldraine,binder,Shrouded Shepherd // Cleave Shadows,WOE,Wilds of Eldraine,236,normal,uncommon,1,85644,ab03c342-2bf4-41bf-8bb8-472d978d238a,0.35,false,false,near_mint,en,USD,2023-10-30T07:26:28.978Z
Wilds of Eldraine,binder,Dark Tutelage,WOT,Wilds of Eldraine: Enchanting Tales,28,normal,uncommon,2,85616,a2b11a54-b38c-4e22-8b6d-dfc6c037db0e,0.35,false,false,near_mint,en,USD,2023-10-30T07:26:28.978Z
Wilds of Eldraine,binder,The Witch's Vanity,WOE,Wilds of Eldraine,119,normal,uncommon,1,85374,47ca4926-b5ac-405a-8b58-f8db6df400ff,0.35,false,false,near_mint,en,USD,2023-10-30T07:26:28.978Z
Wilds of Eldraine,binder,Hopeless Nightmare,WOE,Wilds of Eldraine,95,normal,common,1,85320,2c2ee817-9ca9-4f09-bc71-7994c19a9470,0.35,false,false,near_mint,en,USD,2023-10-30T07:26:28.978Z
Wilds of Eldraine,binder,Taken by Nightmares,WOE,Wilds of Eldraine,112,normal,uncommon,2,85846,f858d83d-a13e-4ffa-a91d-d695e5e5d71a,0.35,false,false,near_mint,en,USD,2023-10-30T07:26:28.978Z
Wilds of Eldraine,binder,Rowan's Grim Search,WOE,Wilds of Eldraine,104,normal,common,1,85286,1be6786e-0569-42dd-b03c-82da7b32a14f,0.35,false,false,near_mint,en,USD,2023-10-30T07:26:28.978Z
Wilds of Eldraine,binder,Rat Out,WOE,Wilds of Eldraine,103,normal,common,1,85831,f2c42755-bf91-4c75-95c6-d2a60ba3492a,0.35,false,false,near_mint,en,USD,2023-10-30T07:26:28.978Z
Wilds of Eldraine,binder,Feed the Cauldron,WOE,Wilds of Eldraine,91,normal,common,1,85250,0cfd18a5-e06a-4cb5-b78e-de18ec641321,0.35,false,false,near_mint,en,USD,2023-10-30T07:26:28.978Z
Wilds of Eldraine,binder,Candy Grapple,WOE,Wilds of Eldraine,83,normal,common,1,85276,190d97bc-dbef-496d-9bd1-b785bdf8a964,0.35,false,false,near_mint,en,USD,2023-10-30T07:26:28.978Z
Wilds of Eldraine,binder,Ego Drain,WOE,Wilds of Eldraine,86,normal,uncommon,2,85566,8faf36da-bbad-4d6e-a530-502d47a2dd23,0.35,false,false,near_mint,en,USD,2023-10-30T07:26:28.978Z
Wilds of Eldraine,binder,Back for Seconds,WOE,Wilds of Eldraine,80,normal,uncommon,2,85457,660845b5-96fa-4484-822b-aa0508801306,0.35,false,false,near_mint,en,USD,2023-10-30T07:26:28.978Z
Wilds of Eldraine,binder,High Fae Negotiator,WOE,Wilds of Eldraine,94,normal,uncommon,3,85823,f0fc77e7-154d-4433-93b3-1a1dee34791b,0.35,false,false,near_mint,en,USD,2023-10-30T07:26:28.978Z
Wilds of Eldraine,binder,Wicked Visitor,WOE,Wilds of Eldraine,118,normal,common,1,85785,e26ec4b8-0012-48c4-9ccb-0f062df0c250,0.35,false,false,near_mint,en,USD,2023-10-30T07:26:28.978Z
Wilds of Eldraine,binder,Sweettooth Witch,WOE,Wilds of Eldraine,111,normal,common,1,85629,a6bdb984-06f8-4bca-a943-17fe5db97682,0.35,false,false,near_mint,en,USD,2023-10-30T07:26:28.978Z
Wilds of Eldraine,binder,Scream Puff,WOE,Wilds of Eldraine,105,normal,common,2,85712,c62d0ae9-5a82-40bf-b8bb-9c2e2d55d458,0.35,false,false,near_mint,en,USD,2023-10-30T07:26:28.978Z
Wilds of Eldraine,binder,Barrow Naughty,WOE,Wilds of Eldraine,81,normal,common,2,85464,67da5ad8-4de2-4bd4-8b95-f2657e1fdee5,0.35,false,false,near_mint,en,USD,2023-10-30T07:26:28.978Z
Wilds of Eldraine,binder,Lord Skitter's Butcher,WOE,Wilds of Eldraine,99,normal,uncommon,1,85295,21b31d2b-ef66-4e16-a75e-4e27eb5ebfe9,0.35,false,false,near_mint,en,USD,2023-10-30T07:27:19.460Z
Wilds of Eldraine,binder,Conceited Witch // Price of Beauty,WOE,Wilds of Eldraine,84,normal,common,2,85848,f8a0c0f6-fef9-42c5-934d-a2855c11b440,0.35,false,false,near_mint,en,USD,2023-10-30T07:27:19.460Z
Wilds of Eldraine,binder,Mintstrosity,WOE,Wilds of Eldraine,100,normal,common,1,85756,d902f154-6fe8-4b97-aa67-4d4696abf887,0.35,false,false,near_mint,en,USD,2023-10-30T07:27:19.460Z
Wilds of Eldraine,binder,Ashiok's Reaper,WOE,Wilds of Eldraine,79,normal,uncommon,1,85527,83957fe0-6500-420c-9b7a-2448a1c1d3b3,0.35,false,false,near_mint,en,USD,2023-10-30T07:27:19.460Z
Wilds of Eldraine,binder,Soul-Guide Lantern,WOE,Wilds of Eldraine,251,normal,uncommon,2,85264,13571173-29e7-4915-af5f-05f13b463061,0.35,false,false,near_mint,en,USD,2023-10-30T07:30:59.899Z
[SOLD] Claim Sales October 2024,list,Wildfire Devils,C21,Commander 2021,183,normal,rare,1,58737,f2181ef5-963a-4e3b-805d-b3a04f4bef5e,0.59,false,false,near_mint,en,USD,2024-09-28T09:02:12.029Z
[SOLD] Claim Sales October 2024,list,"Rionya, Fire Dancer",C21,Commander 2021,55,normal,rare,1,58664,b1e92b9c-4234-436d-a741-37c5e45859e5,6.49,false,false,near_mint,en,USD,2024-09-28T09:02:12.029Z
[SOLD] Claim Sales October 2024,list,Guttersnipe,IMA,Iconic Masters,131,normal,uncommon,1,3494,cc9923ad-67a3-4d2a-be67-3b8063e2f3b3,0.35,false,false,near_mint,en,USD,2024-09-28T09:02:12.029Z
[SOLD] Claim Sales October 2024,list,Blasphemous Act,NCC,New Capenna Commander,264,normal,rare,1,68113,0b98a8ac-9255-416d-b86a-46621c4bea4f,4.49,false,false,near_mint,en,USD,2024-09-28T09:02:12.029Z
[SOLD] Claim Sales October 2024,list,Apex of Power,C21,Commander 2021,158,normal,mythic,1,58555,458cb0db-6311-42eb-8e2b-b12895536a8a,0.99,false,false,near_mint,en,USD,2024-09-28T09:02:12.029Z
[SOLD] Claim Sales October 2024,list,Volcanic Vision,DTK,Dragons of Tarkir,167,normal,rare,1,11647,979da13b-9be6-49cc-a62c-67eeea289612,0.59,false,false,near_mint,en,USD,2024-09-28T09:02:12.029Z
[SOLD] Claim Sales October 2024,list,Into the Fire,MOM,March of the Machine,364,foil,rare,1,81144,87d33ee0-fdfa-417d-b4d6-77d4d25233d3,0.49,false,false,near_mint,en,USD,2024-09-28T09:02:12.029Z
[SOLD] Claim Sales October 2024,list,Aria of Flame,MH1,Modern Horizons,118,normal,rare,1,44816,95a96eb1-f87c-4b1d-82c7-f239bcbc62b8,0.99,false,false,near_mint,en,USD,2024-09-28T09:02:12.029Z
[SOLD] Claim Sales October 2024,list,Pyromancer's Swath,FUT,Future Sight,104,normal,rare,1,26233,456c4d8b-1dec-42ca-af89-4c40545261bb,1.49,false,false,near_mint,en,USD,2024-09-28T09:02:12.029Z
[SOLD] Claim Sales October 2024,list,Overmaster,DMR,Dominaria Remastered,132,foil,rare,1,77835,28e812a8-66cf-4005-a647-780d49aa74a4,1.49,false,false,near_mint,en,USD,2024-09-28T09:02:12.029Z
[SOLD] Claim Sales October 2024,list,Slagstorm,MBS,Mirrodin Besieged,75,normal,rare,1,20066,9e318b03-2aad-462b-a2a9-8b6bdf0e93d6,0.69,false,false,near_mint,en,USD,2024-09-28T09:02:12.029Z
[SOLD] Claim Sales October 2024,list,Creative Technique,C21,Commander 2021,49,normal,rare,1,58693,ce4f0474-48dc-4310-a016-0ec21bc29efb,2.29,false,false,near_mint,en,USD,2024-09-28T09:02:12.029Z
[SOLD] Claim Sales October 2024,list,Trumpeting Carnosaur,LCI,The Lost Caverns of Ixalan,171,normal,rare,1,89012,edc035ca-f0a3-4814-9405-d6dc6f048315,2.49,false,false,near_mint,en,USD,2024-09-28T09:02:12.029Z
[SOLD] Claim Sales October 2024,list,Carnelian Orb of Dragonkind,CLB,Commander Legends: Battle for Baldur's Gate,166,normal,common,1,69355,e7e41166-bdaa-4aed-986a-7be1d043240c,0.35,false,false,near_mint,en,USD,2024-09-28T09:02:12.029Z
[SOLD] Claim Sales October 2024,list,Orb of Dragonkind,AFR,Adventures in the Forgotten Realms,157,normal,rare,1,60344,9a1c2cdd-353c-4747-bf0e-b995dd37ffca,2.79,false,false,near_mint,en,USD,2024-09-28T09:02:12.029Z
[SOLD] Claim Sales October 2024,list,Knollspine Dragon,PLST,The List,SHM-98,normal,rare,1,48360,ed0b7440-c3d8-452a-a3ec-b9d9b991ccec,0.59,false,false,near_mint,en,USD,2024-09-28T09:02:12.029Z
[SOLD] Claim Sales October 2024,list,"Ganax, Astral Hunter",CLB,Commander Legends: Battle for Baldur's Gate,176,normal,uncommon,1,69188,9f5bb319-29b2-4a7c-82e9-f8b5e47909a1,0.49,false,false,near_mint,en,USD,2024-09-28T09:02:12.029Z
[SOLD] Claim Sales October 2024,list,Taurean Mauler,AFC,Forgotten Realms Commander,143,normal,rare,1,60907,ed75b280-c7c5-404f-bbad-c19dff3e6975,3.99,false,false,near_mint,en,USD,2024-09-28T09:02:12.029Z
[SOLD] Claim Sales October 2024,list,Sandwurm Convergence,AKH,Amonkhet,183,normal,rare,1,5502,e47bd2c5-e3db-4fde-a695-9e67a7e937be,0.69,false,false,near_mint,en,USD,2024-09-28T09:21:55.208Z
[SOLD] Claim Sales October 2024,list,Hydra Broodmaster,JOU,Journey into Nyx,128,normal,rare,1,14521,6b465289-676d-4c34-84d3-ce8daf0fd40e,0.59,false,false,near_mint,en,USD,2024-09-28T09:21:55.208Z
[SOLD] Claim Sales October 2024,list,Fog,MIR,Mirage,216,normal,common,1,38374,6d822598-2f0f-45fa-9643-0368e2c0e18b,0.59,false,false,near_mint,en,USD,2024-09-28T09:21:55.208Z
[SOLD] Claim Sales October 2024,list,Tranquility,TMP,Tempest,261,normal,common,1,36738,160b8060-e755-4a96-9193-b76550d4a6ba,0.35,false,false,near_mint,en,USD,2024-09-28T09:21:55.208Z
[SOLD] Claim Sales October 2024,list,Nylea's Intervention,THB,Theros Beyond Death,188,normal,rare,1,46874,daa2f963-9d16-4224-b24e-b6a79f2b9d75,1.49,false,false,near_mint,en,USD,2024-09-28T09:21:55.208Z
[SOLD] Claim Sales October 2024,list,Fractal Harness,C21,Commander 2021,61,normal,rare,1,58670,b7fdad91-fa92-42b6-ad44-f4a3819212f2,2.49,false,false,near_mint,en,USD,2024-09-28T09:21:55.208Z
[SOLD] Claim Sales October 2024,list,Jadelight Ranger,PLST,The List,RIX-136,normal,rare,1,54916,3b945b4d-5240-4779-9187-e3b18903bf59,1.29,false,false,near_mint,en,USD,2024-09-28T09:21:55.208Z
[SOLD] Claim Sales October 2024,list,Up the Beanstalk,WOE,Wilds of Eldraine,195,normal,uncommon,1,85323,2d5e991f-23b2-4db0-a452-7755125b1fd2,2.29,false,false,near_mint,en,USD,2024-09-28T09:21:55.208Z
[SOLD] Claim Sales October 2024,list,Jade Orb of Dragonkind,CLB,Commander Legends: Battle for Baldur's Gate,236,normal,common,1,68889,1b32bae4-65e4-4bdb-8bc5-b98a5aac1568,0.35,false,false,near_mint,en,USD,2024-09-28T09:21:55.208Z
[SOLD] Claim Sales October 2024,list,Majestic Genesis,CLB,Commander Legends: Battle for Baldur's Gate,240,normal,mythic,1,69359,eaadb067-4a77-4d6e-931d-447bd0c06594,1.99,false,false,near_mint,en,USD,2024-09-28T09:21:55.208Z
[SOLD] Claim Sales October 2024,list,Leyline Immersion,MAT,March of the Machine: The Aftermath,21,normal,rare,1,82474,197f5adc-e14b-4c84-896f-ef5f01f7ff57,0.99,false,false,near_mint,en,USD,2024-09-28T09:21:55.208Z
[SOLD] Claim Sales October 2024,list,Ilysian Caryatid,J22,Jumpstart 2022,676,normal,common,1,76818,e931e8ec-78c1-473c-b772-d359842d8350,0.35,false,false,near_mint,en,USD,2024-09-28T09:21:55.208Z
[SOLD] Claim Sales October 2024,list,Entish Restoration,LTR,The Lord of the Rings: Tales of Middle-earth,163,normal,uncommon,1,83513,cd4dbf80-187b-40e3-9e0b-526f78d9a34e,2.29,false,false,near_mint,en,USD,2024-09-28T09:21:55.208Z
[SOLD] Claim Sales October 2024,list,Death's Presence,MIC,Midnight Hunt Commander,137,normal,rare,1,63714,fd24d5dc-a4c5-4821-92f6-52d1840be66a,0.49,false,false,near_mint,en,USD,2024-09-28T09:21:55.208Z
[SOLD] Claim Sales October 2024,list,Devoted Druid,PLST,The List,UMA-162,normal,uncommon,1,69792,37d1a353-df3b-4c73-9561-44cf8243f773,0.99,false,false,near_mint,en,USD,2024-09-28T09:21:55.208Z
[SOLD] Claim Sales October 2024,list,Identity Thief,NCC,New Capenna Commander,224,normal,rare,1,68333,a32e1511-2495-454a-9a04-4f3c0d9a75d0,0.49,false,false,near_mint,en,USD,2024-09-28T09:31:43.918Z
[SOLD] Claim Sales October 2024,list,Splashy Spellcaster,WOE,Wilds of Eldraine,70,normal,uncommon,1,85493,73ebd7f0-a54d-43a8-a5ee-9d6835308794,0.35,false,false,near_mint,en,USD,2024-09-28T09:31:43.918Z
[SOLD] Claim Sales October 2024,list,Ingenious Mastery,STX,Strixhaven: School of Mages,44,normal,rare,1,58030,2386d020-a9ae-4d54-b5e4-f2cb5a7298cc,0.49,false,false,near_mint,en,USD,2024-09-28T09:31:43.918Z
[SOLD] Claim Sales October 2024,list,"Jacob Hauken, Inspector // Hauken's Insight",VOW,Innistrad: Crimson Vow,332,normal,mythic,1,64396,c0f0004e-ee4c-4372-be5d-a5102f45210e,0.99,false,false,near_mint,en,USD,2024-09-28T09:31:43.918Z
[SOLD] Claim Sales October 2024,list,Aqueous Form,CMR,Commander Legends,56,normal,common,1,56189,c859f7cb-ac12-490e-b769-6f019791f2a5,0.49,false,false,near_mint,en,USD,2024-09-28T09:31:43.918Z
[SOLD] Claim Sales October 2024,list,Folio of Fancies,ELD,Throne of Eldraine,46,normal,rare,1,46292,6afc67d1-1018-4a15-ab5f-377fd11dcd3d,2.29,false,false,near_mint,en,USD,2024-09-28T09:31:43.918Z
[SOLD] Claim Sales October 2024,list,Defiler of Dreams,DMU,Dominaria United,46,normal,rare,1,71591,881cc4a3-252b-4155-a34f-63d4b4f44442,0.49,false,false,near_mint,en,USD,2024-09-28T09:31:43.918Z
[SOLD] Claim Sales October 2024,list,"Talrand, Sky Summoner",C21,Commander 2021,131,normal,rare,1,58644,9f4e8d4c-79f8-4313-bdb4-2062d8f5299b,0.49,false,false,near_mint,en,USD,2024-09-28T09:31:43.918Z
[SOLD] Claim Sales October 2024,list,"Octavia, Living Thesis",C21,Commander 2021,29,normal,rare,1,58730,eb5e63cc-eb4f-40c6-b298-99cb8fe8585f,0.49,false,false,near_mint,en,USD,2024-09-28T09:31:43.918Z
[SOLD] Claim Sales October 2024,list,Micromancer,DMU,Dominaria United,431,normal,uncommon,1,71359,3287e20f-a161-4522-8a72-3f2b914019b5,0.35,false,false,near_mint,en,USD,2024-09-28T09:31:43.918Z
[SOLD] Claim Sales October 2024,list,Reality Ripple,MIR,Mirage,87,normal,common,1,38503,c5b94eed-2a45-4a6b-a06b-a2021b174bc5,0.35,false,false,near_mint,en,USD,2024-09-28T09:31:43.918Z
[SOLD] Claim Sales October 2024,list,Mystical Dispute,PR23,Regional Championship Qualifiers 2023,1,normal,rare,1,73392,b6175fea-1de4-4d82-b86c-3c3140a3c286,1.49,false,false,near_mint,en,USD,2024-09-28T09:31:43.918Z
[SOLD] Claim Sales October 2024,list,Archaeomancer,M14,Magic 2014,43,normal,common,1,16008,32d0ae8f-3d46-4692-a23c-c461f8aa6a58,0.49,false,false,near_mint,en,USD,2024-09-28T09:31:43.918Z
[SOLD] Claim Sales October 2024,list,Mirrorhall Mimic // Ghastly Mimicry,VOW,Innistrad: Crimson Vow,68,normal,rare,1,64291,823ad188-bd56-476d-9853-bed90bfad582,1.79,false,false,near_mint,en,USD,2024-09-28T09:31:43.918Z
[SOLD] Claim Sales October 2024,list,Peregrine Drake,DMR,Dominaria Remastered,65,normal,common,1,77937,611c8fa2-b53f-483b-9efa-759ac59dc30f,0.39,false,false,near_mint,en,USD,2024-09-28T09:31:43.918Z
[SOLD] Claim Sales October 2024,list,Tribute Mage,MH1,Modern Horizons,73,normal,uncommon,1,44861,6c180888-6acd-401b-815a-6ed434482681,1.79,false,false,near_mint,en,USD,2024-09-28T09:31:43.918Z
[SOLD] Claim Sales October 2024,list,"Venser, Shaper Savant",V13,From the Vault: Twenty,15,foil,mythic,1,15772,b4fd3241-ac43-45fc-ac06-e441daee1b31,1.99,false,false,near_mint,en,USD,2024-09-28T09:31:43.918Z
[SOLD] Claim Sales October 2024,list,Herald of Secret Streams,LCC,The Lost Caverns of Ixalan Commander,158,normal,rare,1,88983,e6e1f2ab-e437-444e-9edb-73278d9c7616,4.99,false,false,near_mint,en,USD,2024-09-28T09:31:43.918Z
[SOLD] Claim Sales October 2024,list,Preordain,J22,Jumpstart 2022,63,normal,common,1,76710,c95460ec-153d-4fe0-a261-f9840a174308,4.49,false,false,near_mint,en,USD,2024-09-28T09:31:43.918Z
[SOLD] Claim Sales October 2024,list,"Charix, the Raging Isle",ZNR,Zendikar Rising,386,foil,rare,1,54600,6e23886b-8200-427d-99af-068a0133795d,2.49,false,false,near_mint,en,USD,2024-09-28T09:31:43.918Z
[SOLD] Claim Sales October 2024,list,The Enigma Jewel // Locus of Enlightenment,LCI,The Lost Caverns of Ixalan,55,normal,mythic,1,88377,2e98970d-06a8-4c91-ba47-4a02c5b949f2,0.99,false,false,near_mint,en,USD,2024-09-28T09:31:43.918Z
[SOLD] Claim Sales October 2024,list,"Iymrith, Desert Doom",AFR,Adventures in the Forgotten Realms,62,normal,mythic,1,60423,c3e6025d-d273-4ae4-9929-5e588612f1b3,1.49,false,false,near_mint,en,USD,2024-09-28T09:31:43.918Z
[SOLD] Claim Sales October 2024,list,Remand,MM2,Modern Masters 2015,55,normal,uncommon,1,11162,dc595c63-af05-4c05-80e8-e1a90df26b0f,0.39,false,false,near_mint,en,USD,2024-09-28T09:31:43.918Z
[SOLD] Claim Sales October 2024,list,Psychic Barrier,NPH,New Phyrexia,43,normal,common,1,19842,1cba7d67-5c6c-4738-8907-7cce503e3180,0.35,false,false,near_mint,en,USD,2024-09-28T09:31:43.918Z
[SOLD] Claim Sales October 2024,list,Power Word Kill,GDY,Game Day Promos,1,normal,rare,1,67575,36c71043-1c11-4377-ab33-41d19927143a,0.35,false,false,near_mint,en,USD,2024-10-04T07:46:48.777Z
[SOLD] Claim Sales October 2024,list,Crypt Incursion,DGM,Dragon's Maze,23,normal,common,1,16442,c3b71cc5-0a81-4cab-bae3-49335c04aaaa,0.35,false,false,near_mint,en,USD,2024-10-04T07:46:48.777Z
[SOLD] Claim Sales October 2024,list,Ophiomancer,CC2,Commander Collection: Black,3,normal,rare,1,61137,0ef8d3a2-5c6b-41e2-aa7d-81e4a5d04421,2.79,false,false,near_mint,en,USD,2024-10-04T07:46:48.777Z
[SOLD] Claim Sales October 2024,list,Snake // Zombie,CC2,Commander Collection: Black,9,normal,common,1,61140,13e4832d-8530-4b85-b738-51d0c18f28ec,1.99,false,false,near_mint,en,USD,2024-10-04T07:46:48.777Z
[SOLD] Claim Sales October 2024,list,Phyrexian Arena,ONE,Phyrexia: All Will Be One,283,foil,rare,1,78507,3b18d219-efde-4cc0-b955-cb71ead88023,5.99,false,false,near_mint,en,USD,2024-10-04T07:46:48.777Z
[SOLD] Claim Sales October 2024,list,Living Death,A25,Masters 25,96,normal,rare,1,2620,8e2be583-2fa4-4ffe-9d89-c48a43d78a4e,4.99,false,false,near_mint,en,USD,2024-10-04T07:46:48.777Z
[SOLD] Claim Sales October 2024,list,Sifter of Skulls,OGW,Oath of the Gatewatch,77,normal,rare,1,9305,be57a5aa-44f1-483f-9274-aa68f5a2bf1f,1.29,false,false,near_mint,en,USD,2024-10-04T07:46:48.777Z
[SOLD] Claim Sales October 2024,list,Painful Quandary,BRO,The Brothers' War,111,normal,rare,1,75745,bed5e030-874f-4a00-8544-78ba04033f53,2.29,false,false,near_mint,en,USD,2024-10-04T07:46:48.777Z
[SOLD] Claim Sales October 2024,list,Reassembling Skeleton,M11,Magic 2011,112,normal,uncommon,1,21277,a2ec6120-2de0-4166-be85-2d773fa7ebbb,0.49,false,false,near_mint,en,USD,2024-10-04T07:46:48.777Z
[SOLD] Claim Sales October 2024,list,Stab Wound,WOT,Wilds of Eldraine: Enchanting Tales,36,normal,uncommon,1,85227,02e5953c-420f-4f5e-bee1-2e49662e1f5b,0.35,false,false,near_mint,en,USD,2024-10-04T07:46:48.777Z
[SOLD] Claim Sales October 2024,list,Curse of Wizardry,DCI,DCI Promos,47,foil,rare,1,22204,d0f1c170-03d1-42a7-91e4-0ac537af1328,0.49,false,false,near_mint,en,USD,2024-10-04T07:46:48.777Z
[SOLD] Claim Sales October 2024,list,Defiler of Flesh,DMU,Dominaria United,90,normal,rare,1,71492,61a4dd11-6166-4a54-95c0-728c623d0fbc,0.59,false,false,near_mint,en,USD,2024-10-04T07:46:48.777Z
[SOLD] Claim Sales October 2024,list,Bloodflow Connoisseur,UMA,Ultimate Masters,86,normal,common,1,43416,1a788fb3-fc21-47b2-b387-ceff438969af,0.35,false,false,near_mint,en,USD,2024-10-04T07:46:48.777Z
[SOLD] Claim Sales October 2024,list,Plaguecrafter,PLST,The List,GRN-82,normal,uncommon,1,48619,0972aad9-c7a1-42e2-8d2f-aecbb5fd33b5,0.39,false,false,near_mint,en,USD,2024-10-04T07:46:48.777Z
[SOLD] Claim Sales October 2024,list,Syphon Mind,CLB,Commander Legends: Battle for Baldur's Gate,772,normal,common,1,69432,187502d9-c751-4967-adff-09d7a300d935,0.79,false,false,near_mint,en,USD,2024-10-04T07:46:48.777Z
[SOLD] Claim Sales October 2024,list,Netherborn Altar,PLST,The List,C20-45,normal,rare,1,86082,f5bee7ce-c5f9-4ea3-ac17-66218d61518a,0.69,false,false,near_mint,en,USD,2024-10-04T07:46:48.777Z
[SOLD] Claim Sales October 2024,list,Dusk // Dawn,NCC,New Capenna Commander,198,normal,rare,1,68424,db0a5840-cbf7-4899-932b-8bdcbbf2e5f8,0.49,false,false,near_mint,en,USD,2024-10-04T08:07:27.463Z
[SOLD] Claim Sales October 2024,list,Starfield Mystic,M20,Core Set 2020,39,normal,rare,1,45422,80382963-a9d7-4c2d-8671-8dd3fdd4dbdc,0.99,false,false,near_mint,en,USD,2024-10-04T08:07:27.463Z
[SOLD] Claim Sales October 2024,list,Spirit of the Labyrinth,BNG,Born of the Gods,27,normal,rare,1,14933,f44e5128-e146-4e46-b313-a40d82719d1d,1.49,false,false,near_mint,en,USD,2024-10-04T08:07:27.463Z
[SOLD] Claim Sales October 2024,list,Priest of Ancient Lore,AFR,Adventures in the Forgotten Realms,35,normal,common,1,60381,b10caff0-701a-48d8-a943-f947482e795a,0.35,false,false,near_mint,en,USD,2024-10-04T08:07:27.463Z
[SOLD] Claim Sales October 2024,list,Inspiring Overseer,SNC,Streets of New Capenna,18,foil,common,1,67694,35d9da1d-8678-4252-b0f8-9960795642f0,1.49,false,false,near_mint,en,USD,2024-10-04T08:07:27.463Z
[SOLD] Claim Sales October 2024,list,Spirited Companion,NEO,Kamigawa: Neon Dynasty,38,normal,common,1,66375,5aa91a9e-2fe2-43bc-aa9c-cfb8a71829ff,0.35,false,false,near_mint,en,USD,2024-10-04T08:07:27.463Z
[SOLD] Claim Sales October 2024,list,The Wanderer,WAR,War of the Spark,37,normal,uncommon,1,44367,d0f0e463-9eed-4348-af7c-fde5f0d8188c,0.35,false,false,near_mint,en,USD,2024-10-04T08:07:27.463Z
[SOLD] Claim Sales October 2024,list,Secure the Wastes,DTK,Dragons of Tarkir,36,normal,rare,1,11778,915d2f5f-b228-4190-ade9-52e2a8056847,1.99,false,false,near_mint,en,USD,2024-10-04T08:07:27.463Z
[SOLD] Claim Sales October 2024,list,Unbreakable Formation,CLB,Commander Legends: Battle for Baldur's Gate,710,normal,rare,1,69426,123ae9bd-896c-4f50-afe3-880cea85eee0,0.59,false,false,near_mint,en,USD,2024-10-04T08:07:27.463Z
[SOLD] Claim Sales October 2024,list,Windborn Muse,DMR,Dominaria Remastered,278,normal,rare,1,77884,44c1649d-85c9-4f69-8850-2e4df6f8fc9c,0.59,false,false,near_mint,en,USD,2024-10-04T08:07:27.463Z
[SOLD] Claim Sales October 2024,list,Rumor Gatherer,SNC,Streets of New Capenna,463,normal,uncommon,1,68017,ce5a0c6a-6aac-44bc-88c0-52f589980679,0.69,false,false,near_mint,en,USD,2024-10-04T08:07:27.463Z
[SOLD] Claim Sales October 2024,list,Eidolon of Rhetoric,JOU,Journey into Nyx,10,normal,uncommon,1,14639,c3bc8b9e-4d22-41ba-b593-d383fd301ef9,1.29,false,false,near_mint,en,USD,2024-10-04T08:07:27.463Z
[SOLD] Claim Sales October 2024,list,Tithe Taker,RNA,Ravnica Allegiance,27,normal,rare,1,43837,bd26b7b1-992d-4b8c-bc33-51aab5abdf98,0.49,false,false,near_mint,en,USD,2024-10-04T08:07:27.463Z
[SOLD] Claim Sales October 2024,list,Tocatli Honor Guard,XLN,Ixalan,42,normal,rare,1,3970,a3fc3501-e7bd-4589-98c5-4476258842ea,0.49,false,false,near_mint,en,USD,2024-10-04T08:07:27.463Z
[SOLD] Claim Sales October 2024,list,"Thalia, Guardian of Thraben",VOW,Innistrad: Crimson Vow,318,normal,rare,1,64444,e4c7cbfc-e655-4f82-8bde-fbc95461361e,1.29,false,false,near_mint,en,USD,2024-10-04T08:07:27.463Z
[SOLD] Claim Sales October 2024,list,Leonin Arbiter,PLST,The List,C17-64,normal,rare,1,78311,1ab76a98-ce06-47eb-a496-6f98efaad503,0.49,false,false,near_mint,en,USD,2024-10-04T08:07:27.463Z
[SOLD] Claim Sales October 2024,list,Rosie Cotton of South Lane,LTR,The Lord of the Rings: Tales of Middle-earth,27,normal,uncommon,1,83198,75338f49-1f02-4333-87e4-5779ef14e688,0.35,false,false,near_mint,en,USD,2024-10-04T08:07:27.463Z
[SOLD] Claim Sales October 2024,list,River Song's Diary,WHO,Doctor Who,182,normal,rare,1,87634,96476a30-72b0-4f91-9d2d-85fc196f89c5,0.99,false,false,near_mint,en,USD,2024-10-04T08:20:35.480Z
[SOLD] Claim Sales October 2024,list,Helm of Awakening,VIS,Visions,145,normal,uncommon,1,38028,41bba882-39b8-42db-9a01-54c6712b8019,1.99,false,false,near_mint,en,USD,2024-10-04T08:20:35.480Z
[SOLD] Claim Sales October 2024,list,Swiftfoot Boots,C20,Commander 2020,254,normal,uncommon,1,50164,5819a8bc-1e4f-4274-b1ee-e583337acdf8,3.49,false,false,near_mint,en,USD,2024-10-04T08:20:35.480Z
[SOLD] Claim Sales October 2024,list,Blackblade Reforged,DMC,Dominaria United Commander,178,normal,rare,1,71316,240448cd-c308-49ae-9e4b-0c35adc59fba,0.99,false,false,near_mint,en,USD,2024-10-04T08:20:35.480Z
[SOLD] Claim Sales October 2024,list,Patchwork Automaton,NEO,Kamigawa: Neon Dynasty,254,normal,uncommon,1,66734,7a4e1580-dd26-4f4b-ac98-3e6fa7b879d5,0.99,false,false,near_mint,en,USD,2024-10-04T08:20:35.480Z
[SOLD] Claim Sales October 2024,list,God-Pharaoh's Statue,WAR,War of the Spark,238,normal,uncommon,1,44166,7dce06ba-c1e1-45ec-82a7-fc10b0fa8870,1.29,false,false,near_mint,en,USD,2024-10-04T08:20:35.480Z
[SOLD] Claim Sales October 2024,list,Solemn Simulacrum,WHO,Doctor Who,246,normal,rare,1,87047,0bd72802-8eab-4700-9bd2-d3997c17438f,1.29,false,false,near_mint,en,USD,2024-10-04T08:20:35.480Z
[SOLD] Claim Sales October 2024,list,Fist of Suns,PLST,The List,C17-211,normal,rare,1,78331,6c79912e-f858-44aa-8ff8-269edae06cc9,3.49,false,false,near_mint,en,USD,2024-10-04T08:20:35.480Z
[SOLD] Claim Sales October 2024,list,Soulherder,MH1,Modern Horizons,214,normal,uncommon,1,44720,ea23111b-ccc1-4d5c-a9d2-9db14c728820,1.79,false,false,near_mint,en,USD,2024-10-04T08:29:47.925Z
[SOLD] Claim Sales October 2024,list,"Vadrik, Astral Archmage",MID,Innistrad: Midnight Hunt,325,normal,rare,1,63508,f7e4a483-727d-45f4-bf20-47d94d37e0d0,0.49,false,false,near_mint,en,USD,2024-10-04T08:29:47.925Z
[SOLD] Claim Sales October 2024,list,"Yorion, Sky Nomad",IKO,Ikoria: Lair of Behemoths,232,normal,rare,1,49845,275426c4-c14e-47d0-a9d4-24da7f6f6911,0.69,false,false,near_mint,en,USD,2024-10-04T08:29:47.925Z
[SOLD] Claim Sales October 2024,list,Deathbringer Liege,2X2,Double Masters 2022,200,normal,rare,1,70611,f72d5f2f-7e54-4538-9f0a-eed464a74016,0.49,false,false,near_mint,en,USD,2024-10-04T08:29:47.925Z
[SOLD] Claim Sales October 2024,list,Summons of Saruman,LTC,Tales of Middle-earth Commander,70,normal,rare,1,83506,cbb1bc1f-b1d6-4639-b892-9b1ff6ed65fb,0.59,false,false,near_mint,en,USD,2024-10-04T08:29:47.925Z
[SOLD] Claim Sales October 2024,list,Vindicate,MH2,Modern Horizons 2,322,normal,rare,1,59848,e4978ecd-3c2e-49e2-98e0-0172887e4319,2.29,false,false,near_mint,en,USD,2024-10-04T08:30:57.465Z
[SOLD] Claim Sales October 2024,list,Quintorius Kand,LCI,The Lost Caverns of Ixalan,307,normal,mythic,1,88427,3dfc085d-4c11-416c-ae00-d41d32f32bb4,2.29,false,false,near_mint,en,USD,2024-10-04T08:30:57.465Z
[SOLD] Claim Sales October 2024,list,Daemogoth Titan,STX,Strixhaven: School of Mages,174,foil,rare,1,58308,c2f18828-ade7-4b99-97b2-e34bc2fdb68c,0.99,false,false,near_mint,en,USD,2024-10-04T08:35:49.689Z
[SOLD] Claim Sales October 2024,list,Ethereal Absolution,RNA,Ravnica Allegiance,170,normal,rare,1,43695,0872d0ff-1060-44cc-9ed0-a6aa496440c8,0.69,false,false,near_mint,en,USD,2024-10-04T08:35:49.689Z
[SOLD] Claim Sales October 2024,list,Drana's Emissary,BFZ,Battle for Zendikar,210,normal,uncommon,1,10141,99e82d47-9bbb-4bf9-a935-2c0b27b64a84,0.35,false,false,near_mint,en,USD,2024-10-04T08:35:49.689Z
[SOLD] Claim Sales October 2024,list,Drana and Linvala,MOM,March of the Machine,305,normal,rare,1,81033,29a5fe67-beaa-4ee3-b22c-0b8aed6f6f4d,6.49,false,false,near_mint,en,USD,2024-10-04T08:35:49.689Z
[SOLD] Claim Sales October 2024,list,Thrakkus the Butcher,CLB,Commander Legends: Battle for Baldur's Gate,295,normal,uncommon,1,68912,2255d1e4-f387-4187-8c10-7d0009f6ec79,0.35,false,false,near_mint,en,USD,2024-10-04T08:35:49.689Z
[SOLD] Claim Sales October 2024,list,"Lozhan, Dragons' Legacy",CLB,Commander Legends: Battle for Baldur's Gate,281,normal,uncommon,1,69397,fe604232-19da-4331-a6f2-ddb004f1dd90,0.35,false,false,near_mint,en,USD,2024-10-04T08:35:49.689Z
[SOLD] Claim Sales October 2024,list,Zur the Enchanter,2X2,Double Masters 2022,297,normal,rare,1,70436,aeb0160a-dfdc-4b1f-865e-ef905aee65d5,0.99,false,false,near_mint,en,USD,2024-10-04T08:35:49.689Z
[SOLD] Claim Sales October 2024,list,"Liesa, Shroud of Dusk",CMR,Commander Legends,286,normal,rare,1,55936,e32453a1-1fd9-4bda-aaa8-7c287e4c2587,0.79,false,false,near_mint,en,USD,2024-10-04T08:35:49.689Z
[SOLD] Claim Sales October 2024,list,Adarkar Wastes,DMU,Dominaria United,243,normal,rare,1,71230,08ae1037-6f70-41a9-b75e-98fa9a2152c8,1.99,false,false,near_mint,en,USD,2024-10-04T08:48:18.659Z
[SOLD] Claim Sales October 2024,list,Alchemist's Refuge,PLST,The List,AVR-225,foil,rare,1,47422,69147ffe-4ba5-40ee-a3ee-bf332ea660f2,2.49,false,false,near_mint,en,USD,2024-10-04T08:48:18.659Z
[SOLD] Claim Sales October 2024,list,Opal Palace,40K,"Warhammer 40,000 Commander",286,normal,common,1,72560,eb4e0145-c339-4c60-aacf-67d8e785df49,0.39,false,false,near_mint,en,USD,2024-10-04T08:48:18.659Z
[SOLD] Claim Sales October 2024,list,Mystic Monastery,KTK,Khans of Tarkir,236,normal,uncommon,1,13162,bae51d77-e06b-4e5a-9543-a17dd0b2a333,0.49,false,false,near_mint,en,USD,2024-10-04T08:48:18.659Z
[SOLD] Claim Sales October 2024,list,Sarkhan the Masterless,WAR,War of the Spark,143,normal,rare,1,44261,2bb96971-5bf1-4ae3-98f4-7cd7a614bf97,0.49,false,false,near_mint,en,USD,2024-10-07T07:59:57.398Z
[SOLD] Claim Sales October 2024,list,Mordenkainen,AFR,Adventures in the Forgotten Realms,64,normal,mythic,1,60193,2fa5e4c7-12fa-4ec4-bd4b-752e367306c7,2.49,false,false,near_mint,en,USD,2024-10-07T08:00:20.500Z
[SOLD] Claim Sales October 2024,list,"Ob Nixilis, the Hate-Twisted",WAR,War of the Spark,100,normal,uncommon,1,44304,14916e2d-73af-4747-a927-d2d4cb3e32db,0.59,false,false,near_mint,en,USD,2024-10-07T08:00:32.446Z
[SOLD] Claim Sales October 2024,list,Mountain,NEO,Kamigawa: Neon Dynasty,300,normal,common,1,66489,7d75969d-c932-4b4e-8135-61968228bc32,1.49,false,false,near_mint,en,USD,2024-10-09T09:06:05.430Z
[SOLD] Claim Sales October 2024,list,Tishana's Tidebinder,LCI,The Lost Caverns of Ixalan,81,normal,rare,1,88691,907b3d1d-8c85-4707-80b5-c4d832df9846,9.99,false,false,near_mint,en,USD,2024-10-25T07:32:01.333Z
[SOLD] Claim Sales October 2024,list,Island,NEO,Kamigawa: Neon Dynasty,296,normal,common,1,66487,7132999f-6e2d-4689-8131-7b12076a348d,3.99,false,false,near_mint,en,USD,2024-10-25T07:32:15.087Z
[SOLD] Claim Sales October 2024,list,Forest,NEO,Kamigawa: Neon Dynasty,302,normal,common,1,66492,c8179106-e5d7-457a-9250-70df980b38ce,2.29,false,false,near_mint,en,USD,2024-10-25T07:35:47.483Z
[SOLD] Claim Sales October 2024,list,Plains,NEO,Kamigawa: Neon Dynasty,293,normal,common,1,66493,ca8fb179-7e81-4b20-8b81-ea1aa97afe58,2.99,false,false,near_mint,en,USD,2024-10-25T07:45:47.519Z
Dominaria United,binder,Meria's Outrider,DMU,Dominaria United,138,normal,common,1,71417,48aa964f-99b5-4b6b-b158-42f39514c910,0.35,false,false,near_mint,en,USD,2024-12-26T12:07:55.202Z
Dominaria United,binder,Sacred Peaks,DMU,Dominaria United,254,normal,common,1,71319,24957d64-ad17-4d4f-8a00-3cdd83e1ce88,0.35,false,false,near_mint,en,USD,2024-12-26T12:07:55.202Z
Dominaria United,binder,Artillery Blast,DMU,Dominaria United,6,normal,common,1,71251,0d4d7293-657f-48ac-931b-fb6a44128e6d,0.35,false,false,near_mint,en,USD,2024-12-26T12:07:55.202Z
Dominaria United,binder,Smash to Dust,DMU,Dominaria United,144,normal,common,1,71541,747881c7-3788-4dd6-b78d-b2a5ded20e14,0.35,false,false,near_mint,en,USD,2024-12-26T12:07:55.202Z
Dominaria United,binder,Shield-Wall Sentinel,DMU,Dominaria United,238,normal,common,1,71564,7e57e1d7-da1d-4a2b-867f-85b8331b7bbc,0.35,false,false,near_mint,en,USD,2024-12-26T12:07:55.202Z
Dominaria United,binder,"Baird, Argivian Recruiter",DMU,Dominaria United,195,normal,uncommon,2,71306,1f643d78-d8d8-4645-9357-a68ebd0d3517,0.35,false,false,near_mint,en,USD,2024-12-26T12:07:55.202Z
Dominaria United,binder,Protect the Negotiators,DMU,Dominaria United,62,normal,uncommon,1,71726,bb6db604-8bbe-4719-88bd-f3cad8c4725d,0.39,false,false,near_mint,en,USD,2024-12-26T12:07:55.202Z
Dominaria United,binder,"Tura Kennerüd, Skyknight",DMU,Dominaria United,224,normal,uncommon,1,71758,c839d302-bf85-4a30-a49a-dbbd48695b5c,0.35,false,false,near_mint,en,USD,2024-12-26T12:07:55.202Z
Dominaria United,binder,"Raff, Weatherlight Stalwart",DMU,Dominaria United,311,normal,uncommon,1,71392,3d1ed3b1-9c7d-44ff-8f0a-2a7a08313863,0.35,false,false,near_mint,en,USD,2024-12-26T12:07:55.202Z
Dominaria United,binder,"Squee, Dubious Monarch",DMU,Dominaria United,146,normal,rare,1,71391,3cd907ed-9c68-4bd6-af92-6244909fdf8b,0.99,false,false,near_mint,en,USD,2024-12-26T12:07:55.202Z
Dominaria United,binder,Relic of Legends,DMU,Dominaria United,236,foil,uncommon,1,71498,64a2809e-c441-416c-90ff-6fb1e246dff3,3.99,false,false,near_mint,en,USD,2024-12-26T12:07:55.202Z
Dominaria United,binder,Llanowar Stalker,DMU,Dominaria United,171,normal,common,1,71813,e2d714d8-0e9b-4761-a0ef-3429b4e2f5b7,0.35,false,false,near_mint,en,USD,2024-12-26T12:13:12.696Z
Dominaria United,binder,Argivian Phalanx,DMU,Dominaria United,5,normal,common,1,71694,afbadc37-1b4f-4237-a3c0-772bafb18aa0,0.35,false,false,near_mint,en,USD,2024-12-26T12:13:12.696Z
Dominaria United,binder,Talas Lookout,DMU,Dominaria United,68,normal,common,1,71234,0a4b9afe-aeb7-4c56-8a22-96e19a7a938c,0.35,false,false,near_mint,en,USD,2024-12-26T12:13:12.696Z
Dominaria United,binder,Viashino Branchrider,DMU,Dominaria United,150,normal,common,1,71304,1f08749e-05e0-4fb4-a4ae-35e7187584ab,0.35,false,false,near_mint,en,USD,2024-12-26T12:13:12.696Z
Dominaria United,binder,Yotia Declares War,DMU,Dominaria United,153,normal,uncommon,1,71385,3bd9e99a-ae8c-4323-aa86-b19288c877d4,0.35,false,false,near_mint,en,USD,2024-12-26T12:13:12.696Z
Dominaria United,binder,Inscribed Tablet,DMU,Dominaria United,232,normal,uncommon,1,71509,699d8655-d250-4ab6-92c5-376979bbabc7,0.35,false,false,near_mint,en,USD,2024-12-26T12:13:12.696Z
Dominaria United,binder,Frostfist Strider,DMU,Dominaria United,51,normal,uncommon,2,71400,40141353-c0d6-4529-b26a-34dfccbcf231,0.35,false,false,near_mint,en,USD,2024-12-26T12:13:12.696Z
Dominaria United,binder,"Zar Ojanen, Scion of Efrava",DMU,Dominaria United,326,normal,uncommon,1,71654,a15e0c8b-3609-4a59-8e9b-bf2ce93d775f,0.35,false,false,near_mint,en,USD,2024-12-26T12:13:12.696Z
Dominaria United,binder,The Raven Man,DMU,Dominaria United,289,normal,rare,1,71736,bd9f4cca-90fa-4f53-8243-09d99823add3,0.49,false,false,near_mint,en,USD,2024-12-26T12:13:12.696Z
Dominaria United,binder,Drag to the Bottom,DMU,Dominaria United,91,normal,rare,1,71640,9d243099-94b1-4571-96af-4c5a34241911,0.49,false,false,near_mint,en,USD,2024-12-26T12:13:12.696Z
Dominaria United,binder,Essence Scatter,DMU,Dominaria United,49,foil,common,1,71714,b7ad4441-e300-4267-bedb-4ae6a64f59cd,0.49,false,false,near_mint,en,USD,2024-12-26T12:13:12.696Z
Dominaria United,binder,Furious Bellow,DMU,Dominaria United,126,normal,common,1,71496,63d05659-bfff-4b73-80f7-a9f31a7ef957,0.35,false,false,near_mint,en,USD,2024-12-26T12:16:40.647Z
Dominaria United,binder,Battle-Rage Blessing,DMU,Dominaria United,80,normal,common,1,71558,7cfc631b-49d1-4f1c-adac-5b07a2ccd06f,0.35,false,false,near_mint,en,USD,2024-12-26T12:16:40.647Z
Dominaria United,binder,Coalition Warbrute,DMU,Dominaria United,118,normal,common,1,71447,554c422f-2a1b-47c0-9358-42b85cdbb84e,0.35,false,false,near_mint,en,USD,2024-12-26T12:16:40.647Z
Dominaria United,binder,Salvaged Manaworker,DMU,Dominaria United,237,normal,common,1,71485,5fc22ecb-5d87-464e-8c7d-5d40a52e1e4f,0.35,false,false,near_mint,en,USD,2024-12-26T12:16:40.647Z
Dominaria United,binder,Gaea's Might,DMU,Dominaria United,164,normal,common,1,71594,89c46e9c-ae7c-466c-bb11-4f4d01ea7a63,0.35,false,false,near_mint,en,USD,2024-12-26T12:16:40.647Z
Dominaria United,binder,The Weatherseed Treaty,DMU,Dominaria United,188,normal,uncommon,1,71812,e2a54461-1f75-4304-b6d7-635171419456,0.35,false,false,near_mint,en,USD,2024-12-26T12:16:40.647Z
Dominaria United,binder,Resolute Reinforcements,DMU,Dominaria United,29,normal,uncommon,1,71396,3e11ad33-b9d7-43ef-840a-61955683b599,0.35,false,false,near_mint,en,USD,2024-12-26T12:16:40.647Z
Dominaria United,binder,"Tori D'Avenant, Fury Rider",DMU,Dominaria United,322,normal,uncommon,1,71505,676bc62e-f685-45cb-bcdd-d8adbe9c4ccb,0.35,false,false,near_mint,en,USD,2024-12-26T12:16:40.647Z
Dominaria United,binder,Karn's Sylex,DMU,Dominaria United,234,normal,mythic,1,71504,673a8676-0a93-4ca3-a786-63f138027e8a,0.99,false,false,near_mint,en,USD,2024-12-26T12:16:40.647Z
Dominaria United,binder,Ghitu Amplifier,DMU,Dominaria United,127,foil,common,1,71699,b1845806-7585-40d5-9d3a-f13667e6a9d2,0.49,false,false,near_mint,en,USD,2024-12-26T12:16:40.647Z
Dominaria United,binder,Barbarian Ring,PLST,The List,ODY-313,normal,uncommon,1,69933,ddf3091c-dc2e-4608-83c1-6ad712c68f54,1.49,false,false,near_mint,en,USD,2024-12-26T12:16:40.647Z
Dominaria United,binder,Gibbering Barricade,DMU,Dominaria United,95,normal,common,1,71222,0674b340-420d-4864-92fe-7b268fe0874c,0.35,false,false,near_mint,en,USD,2024-12-26T12:21:50.269Z
Dominaria United,binder,Clockwork Drawbridge,DMU,Dominaria United,13,normal,common,1,71217,037cb79c-163d-4b36-bd93-954eca8fe26e,0.35,false,false,near_mint,en,USD,2024-12-26T12:21:50.269Z
Dominaria United,binder,Coalition Skyknight,DMU,Dominaria United,14,normal,uncommon,1,71595,8b12da45-aff4-406d-83a3-39ecaff6ff56,0.35,false,false,near_mint,en,USD,2024-12-26T12:21:50.269Z
Dominaria United,binder,Battlewing Mystic,DMU,Dominaria United,43,normal,uncommon,1,71204,000376ef-8b6c-490d-98cb-d6de15b2e585,0.35,false,false,near_mint,en,USD,2024-12-26T12:21:50.269Z
Dominaria United,binder,"Balmor, Battlemage Captain",DMU,Dominaria United,196,normal,uncommon,1,71618,959ba62e-bb3a-49ad-8b1b-e787e413e5d4,0.35,false,false,near_mint,en,USD,2024-12-26T12:21:50.269Z
Dominaria United,binder,Love Song of Night and Day,DMU,Dominaria United,25,normal,uncommon,1,71301,1e08d288-2f09-4856-a9ed-cc8aa8d953d7,0.35,false,false,near_mint,en,USD,2024-12-26T12:21:50.269Z
Dominaria United,binder,Knight of Dusk's Shadow,DMU,Dominaria United,96,normal,uncommon,2,71365,33dfd2fe-e0e0-465c-b730-a30e6f5c271c,0.35,false,false,near_mint,en,USD,2024-12-26T12:21:50.269Z
Dominaria United,binder,Queen Allenal of Ruadach,DMU,Dominaria United,309,normal,uncommon,1,71782,d4101cf9-4e05-414a-843e-b2fda0db917c,0.35,false,false,near_mint,en,USD,2024-12-26T12:21:50.269Z
Dominaria United,binder,Rundvelt Hordemaster,DMU,Dominaria United,142,normal,rare,1,71888,ffee9dbe-af90-4e19-844d-4df1180f24c4,2.79,false,false,near_mint,en,USD,2024-12-26T12:21:50.269Z
Dominaria United,binder,Clockwork Drawbridge,DMU,Dominaria United,13,foil,common,1,71217,037cb79c-163d-4b36-bd93-954eca8fe26e,0.49,false,false,near_mint,en,USD,2024-12-26T12:21:50.269Z
Dominaria United,binder,Island,DMU,Dominaria United,278,normal,common,1,71819,e67477a4-6878-4356-8037-807f41590ad1,1.49,false,false,near_mint,en,USD,2024-12-26T12:36:10.495Z
Dominaria United,binder,Mesa Cavalier,DMU,Dominaria United,26,normal,common,1,71884,feeec740-7ffc-4f57-b52c-92209da91d69,0.35,false,false,near_mint,en,USD,2024-12-26T12:36:10.495Z
Dominaria United,binder,Phyrexian Warhorse,DMU,Dominaria United,101,normal,common,1,71859,f42167ef-7858-4c66-b1bc-41c3288a8ee8,0.35,false,false,near_mint,en,USD,2024-12-26T12:36:10.495Z
Dominaria United,binder,Argivian Cavalier,DMU,Dominaria United,4,normal,common,1,71454,57746e72-ba9f-4717-a4a2-6c6a039080c3,0.35,false,false,near_mint,en,USD,2024-12-26T12:36:10.495Z
Dominaria United,binder,Heroic Charge,DMU,Dominaria United,20,normal,common,1,71426,4aab611c-64e0-4b38-97b9-b29a1c6a79b7,0.35,false,false,near_mint,en,USD,2024-12-26T12:36:10.495Z
Dominaria United,binder,Sprouting Goblin,DMU,Dominaria United,145,normal,uncommon,2,71488,602f5370-d096-4765-b612-16bcec3aafa7,0.35,false,false,near_mint,en,USD,2024-12-26T12:36:10.495Z
Dominaria United,binder,Hurler Cyclops,DMU,Dominaria United,130,normal,uncommon,1,71698,b16f2cf2-5908-4f49-9c5c-6c9e22a65a4d,0.35,false,false,near_mint,en,USD,2024-12-26T12:36:10.495Z
Dominaria United,binder,Bortuk Bonerattle,DMU,Dominaria United,197,normal,uncommon,1,71633,9a25855f-abfc-482d-a36b-088b023a7df6,0.35,false,false,near_mint,en,USD,2024-12-26T12:36:10.495Z
Dominaria United,binder,"Rulik Mons, Warren Chief",DMU,Dominaria United,316,normal,uncommon,1,71739,be69f87e-3fbb-4b37-953f-623443573fca,0.35,false,false,near_mint,en,USD,2024-12-26T12:36:10.495Z
Dominaria United,binder,"Elas il-Kor, Sadistic Pilgrim",DMU,Dominaria United,297,normal,uncommon,2,71446,552fbde6-515d-457e-81c9-d67157eaaf37,0.99,false,false,near_mint,en,USD,2024-12-26T12:36:10.495Z
Dominaria United,binder,Temporary Lockdown,DMU,Dominaria United,36,normal,rare,1,71574,82b3088f-7b49-45e9-b447-129a597ceb75,6.99,false,false,near_mint,en,USD,2024-12-26T12:36:10.495Z
Dominaria United,binder,Take Up the Shield,DMU,Dominaria United,35,foil,common,2,71584,851e842e-a497-4c36-90ee-8d64f806c378,0.49,false,false,near_mint,en,USD,2024-12-26T12:36:10.495Z
Dominaria United,binder,Samite Herbalist,DMU,Dominaria United,31,normal,common,1,71402,409189da-53c9-4daf-b6b2-d155fc14f91a,0.35,false,false,near_mint,en,USD,2024-12-26T12:39:21.270Z
Dominaria United,binder,Eerie Soultender,DMU,Dominaria United,92,normal,common,1,71363,335f3146-743c-4a25-86b5-c45e9c66eb15,0.35,false,false,near_mint,en,USD,2024-12-26T12:39:21.270Z
Dominaria United,binder,Deathbloom Gardener,DMU,Dominaria United,159,normal,common,1,71592,88dee3d1-0496-40ea-b208-7362a932f531,0.35,false,false,near_mint,en,USD,2024-12-26T12:39:21.270Z
Dominaria United,binder,Wooded Ridgeline,DMU,Dominaria United,260,normal,common,1,71825,e8e31184-dca4-48b1-be9d-581247c41d99,0.35,false,false,near_mint,en,USD,2024-12-26T12:39:21.270Z
Dominaria United,binder,Mossbeard Ancient,DMU,Dominaria United,173,normal,uncommon,1,71563,7e528d36-cea6-4013-83d5-ba837d570713,0.35,false,false,near_mint,en,USD,2024-12-26T12:39:21.270Z
Dominaria United,binder,Founding the Third Path,DMU,Dominaria United,50,normal,uncommon,1,71348,2d841faa-9e0b-45ff-9dfd-f8a169d9af76,0.39,false,false,near_mint,en,USD,2024-12-26T12:39:21.270Z
Dominaria United,binder,"Najal, the Storm Runner",DMU,Dominaria United,307,normal,uncommon,1,71838,edf2ec7b-7cac-49aa-8fab-f9280548573b,0.35,false,false,near_mint,en,USD,2024-12-26T12:39:21.270Z
Dominaria United,binder,Herd Migration,DMU,Dominaria United,165,normal,rare,1,71697,b0244a1f-e696-4223-9c14-22c2ca3cb738,0.49,false,false,near_mint,en,USD,2024-12-26T12:39:21.270Z
Dominaria United,binder,Scout the Wilderness,DMU,Dominaria United,176,normal,common,1,71474,5ccd67d4-1a22-4378-804d-6e2c93dc4938,0.35,false,false,near_mint,en,USD,2024-12-26T12:42:29.344Z
Dominaria United,binder,Elfhame Wurm,DMU,Dominaria United,161,normal,common,1,71842,ef2dc99b-083d-473e-b352-e8264353e85b,0.35,false,false,near_mint,en,USD,2024-12-26T12:42:29.344Z
Dominaria United,binder,Charismatic Vanguard,DMU,Dominaria United,10,normal,common,1,71666,a51764fe-0d75-4cfa-a699-0d9e7ffb7843,0.35,false,false,near_mint,en,USD,2024-12-26T12:42:29.344Z
Dominaria United,binder,Essence Scatter,DMU,Dominaria United,49,normal,common,1,71714,b7ad4441-e300-4267-bedb-4ae6a64f59cd,0.35,false,false,near_mint,en,USD,2024-12-26T12:42:29.344Z
Dominaria United,binder,Fires of Victory,DMU,Dominaria United,123,normal,uncommon,1,71753,c58096e5-3cd4-4edd-b71a-3bdb47ab2536,0.35,false,false,near_mint,en,USD,2024-12-26T12:42:29.344Z
Dominaria United,binder,"Rulik Mons, Warren Chief",DMU,Dominaria United,217,normal,uncommon,1,71399,3fa49711-473d-4774-99b8-2bfbabc6b735,0.35,false,false,near_mint,en,USD,2024-12-26T12:42:29.344Z
Dominaria United,binder,"Balmor, Battlemage Captain",DMU,Dominaria United,295,normal,uncommon,1,71326,25e3ba0f-0879-4eea-9911-14b874f039b3,0.35,false,false,near_mint,en,USD,2024-12-26T12:42:29.344Z
Dominaria United,binder,"Rith, Liberated Primeval",DMU,Dominaria United,313,normal,mythic,1,71763,ca9d804a-09ea-4339-aa89-0ff2a5f5d4eb,1.99,false,false,near_mint,en,USD,2024-12-26T12:42:29.344Z
Dominaria United,binder,Caves of Koilos,DMU,Dominaria United,244,normal,rare,1,71629,99264beb-2149-4cd4-9880-f0dc5c570c1b,1.49,false,false,near_mint,en,USD,2024-12-26T12:42:29.344Z
Dominaria United,binder,The Raven Man,DMU,Dominaria United,289,foil,rare,1,71736,bd9f4cca-90fa-4f53-8243-09d99823add3,0.79,false,false,near_mint,en,USD,2024-12-26T12:42:29.344Z
Dominaria United,binder,Volshe Tideturner,DMU,Dominaria United,77,normal,common,1,71829,ea61871b-9295-4ea0-86ef-e7a11e23bda8,0.35,false,false,near_mint,en,USD,2024-12-26T12:45:30.003Z
Dominaria United,binder,Crystal Grotto,DMU,Dominaria United,246,normal,common,1,71732,bd250c9d-c65f-4293-a6b0-007fac634d3d,0.35,false,false,near_mint,en,USD,2024-12-26T12:45:30.003Z
Dominaria United,binder,Sunbathing Rootwalla,DMU,Dominaria United,181,normal,common,1,71555,7ae6f015-2ad6-4b8e-8590-c2c2d01b6d98,0.35,false,false,near_mint,en,USD,2024-12-26T12:45:30.003Z
Dominaria United,binder,Tidepool Turtle,DMU,Dominaria United,69,normal,common,1,71781,d397fb84-8573-4b2c-be2c-f8fd820342f0,0.35,false,false,near_mint,en,USD,2024-12-26T12:45:30.003Z
Dominaria United,binder,Hexbane Tortoise,DMU,Dominaria United,166,normal,common,1,71684,acd5a635-bcf5-4a05-b00b-bf40322823fe,0.35,false,false,near_mint,en,USD,2024-12-26T12:45:30.003Z
Dominaria United,binder,Knight of Dawn's Light,DMU,Dominaria United,23,normal,uncommon,1,71715,b7c7a54e-4df6-4745-8bae-aeefda934d82,0.35,false,false,near_mint,en,USD,2024-12-26T12:45:30.003Z
Dominaria United,binder,"Tori D'Avenant, Fury Rider",DMU,Dominaria United,223,normal,uncommon,1,71639,9c873c5b-61f6-49b9-8993-2d5e9823de62,0.35,false,false,near_mint,en,USD,2024-12-26T12:45:30.003Z
Dominaria United,binder,"Rona, Sheoldred's Faithful",DMU,Dominaria United,315,normal,uncommon,1,71693,af90bf02-5732-4666-8dfd-50370e478711,0.35,false,false,near_mint,en,USD,2024-12-26T12:45:30.003Z
Dominaria United,binder,"Jaya, Fiery Negotiator",DMU,Dominaria United,133,normal,mythic,1,71384,3b9f54f0-4368-4d28-aa21-3f1e7be1b23a,0.99,false,false,near_mint,en,USD,2024-12-26T12:45:30.003Z
Dominaria United,binder,Queen Allenal of Ruadach,DMU,Dominaria United,309,foil,uncommon,1,71782,d4101cf9-4e05-414a-843e-b2fda0db917c,0.49,false,false,near_mint,en,USD,2024-12-26T12:45:30.003Z
Dominaria United,binder,"Crosis, the Purger",PLST,The List,C17-168,normal,rare,1,68731,ef55cb9e-27ab-4a85-9246-873f699be0f3,1.79,false,false,near_mint,en,USD,2024-12-26T12:45:30.003Z
Dominaria United,binder,Herd Migration,DMU,Dominaria United,429,foil,rare,1,71824,e8b91c26-26f3-45d6-bf7d-35a2963dde37,0.49,false,false,near_mint,en,USD,2024-12-26T12:47:09.158Z
Dominaria United,binder,Island,DMU,Dominaria United,278,foil,common,1,71819,e67477a4-6878-4356-8037-807f41590ad1,1.49,false,false,near_mint,en,USD,2024-12-26T12:48:47.433Z
Theros: Beyond Death,binder,Arasta of the Endless Web,THB,Theros Beyond Death,352,foil,rare,1,46710,55a5ea68-b77d-4fe0-a277-b20d55bc78a6,0.79,false,false,near_mint,en,USD,2024-12-26T13:00:26.464Z
Theros: Beyond Death,binder,Memory Drain,THB,Theros Beyond Death,54,normal,common,2,47008,aadc1809-d6bb-455c-b6ce-dd11521808b6,0.35,false,false,near_mint,en,USD,2024-12-26T13:09:13.538Z
Theros: Beyond Death,binder,Discordant Piper,THB,Theros Beyond Death,88,normal,common,2,46974,a8cce294-f6ee-4b18-8b65-7d01d0317b00,0.35,false,false,near_mint,en,USD,2024-12-26T13:09:13.538Z
Theros: Beyond Death,binder,Indomitable Will,THB,Theros Beyond Death,25,normal,common,2,47037,47772a34-c72f-44e8-b272-4ef2d2af5c82,0.35,false,false,near_mint,en,USD,2024-12-26T13:09:13.538Z
Theros: Beyond Death,binder,Final Death,THB,Theros Beyond Death,95,normal,common,2,46967,8e5b8580-9198-4735-83c1-289400c1d814,0.35,false,false,near_mint,en,USD,2024-12-26T13:09:13.538Z
Theros: Beyond Death,binder,Captivating Unicorn,THB,Theros Beyond Death,6,normal,common,1,47056,13893599-0b87-4fc0-863d-f3e0ae51cc31,0.35,false,false,near_mint,en,USD,2024-12-26T13:09:13.538Z
Theros: Beyond Death,binder,Stern Dismissal,THB,Theros Beyond Death,68,normal,common,1,46994,0aec4d0f-ba1e-45f8-9764-9bcc3fa50e51,0.35,false,false,near_mint,en,USD,2024-12-26T13:09:13.538Z
Theros: Beyond Death,binder,Portent of Betrayal,THB,Theros Beyond Death,149,normal,common,2,46913,b9c2b855-5079-418e-bfb4-9fc575ebe4f7,0.35,false,false,near_mint,en,USD,2024-12-26T13:09:13.538Z
Theros: Beyond Death,binder,Omen of the Hunt,THB,Theros Beyond Death,192,normal,common,1,46870,7d4ebdea-78d4-4034-921b-735bdb11a716,0.35,false,false,near_mint,en,USD,2024-12-26T13:09:13.538Z
Theros: Beyond Death,binder,Brine Giant,THB,Theros Beyond Death,44,normal,common,2,47018,6811a9dc-e521-4c9e-accb-1efb8346c1db,0.35,false,false,near_mint,en,USD,2024-12-26T13:09:13.538Z
Theros: Beyond Death,binder,Mire Triton,THB,Theros Beyond Death,105,normal,uncommon,1,46957,3f8427d3-4d9e-48c9-838b-239fd1357d95,0.35,false,false,near_mint,en,USD,2024-12-26T13:09:13.538Z
Theros: Beyond Death,binder,"Siona, Captain of the Pyleas",THB,Theros Beyond Death,226,normal,uncommon,2,46836,2b1d890f-7ef8-47b9-9ec8-f3884a1d09db,0.35,false,false,near_mint,en,USD,2024-12-26T13:09:13.538Z
Theros: Beyond Death,binder,"Anax, Hardened in the Forge",THB,Theros Beyond Death,125,normal,uncommon,1,46937,a07285b4-77c5-4a38-8810-20d7e49593ec,0.35,false,false,near_mint,en,USD,2024-12-26T13:09:13.538Z
Theros: Beyond Death,binder,Enigmatic Incarnation,THB,Theros Beyond Death,215,normal,rare,1,46847,dd116c0b-0404-42ba-978f-7044b1a03d90,0.49,false,false,near_mint,en,USD,2024-12-26T13:09:13.538Z
Theros: Beyond Death,binder,Slaughter-Priest of Mogis,THB,Theros Beyond Death,227,foil,uncommon,1,46835,a2b441c0-261e-4094-b694-5e11ea3c14ab,0.49,false,false,near_mint,en,USD,2024-12-26T13:09:13.538Z
Theros: Beyond Death,binder,Mountain,THB,Theros Beyond Death,253,normal,common,1,46809,53fb7b99-9e47-46a6-9c8a-88e28b5197f1,1.99,false,false,near_mint,en,USD,2024-12-26T13:11:42.485Z
Theros: Beyond Death,binder,Wings of Hubris,THB,Theros Beyond Death,241,normal,common,1,46821,e3ef8f96-3e3c-4b1b-8180-3b38c7deaaff,0.35,false,false,near_mint,en,USD,2024-12-26T13:15:16.509Z
Theros: Beyond Death,binder,Scavenging Harpy,THB,Theros Beyond Death,114,normal,common,1,46948,b0e237c5-45b4-49df-adb9-62b9f3b62986,0.35,false,false,near_mint,en,USD,2024-12-26T13:15:16.509Z
Theros: Beyond Death,binder,Heliod's Pilgrim,THB,Theros Beyond Death,20,normal,common,1,47042,cafce2f5-f4f4-465b-96dc-bcdd29d4e4bb,0.35,false,false,near_mint,en,USD,2024-12-26T13:15:16.509Z
Theros: Beyond Death,binder,Inspire Awe,THB,Theros Beyond Death,175,normal,common,1,46887,b23c8b5a-2e18-4dd8-b236-5b1fd356f867,0.35,false,false,near_mint,en,USD,2024-12-26T13:15:16.509Z
Theros: Beyond Death,binder,Hyrax Tower Scout,THB,Theros Beyond Death,173,normal,common,1,46889,bb7f2638-d757-4df6-90b0-b616534dd3a0,0.35,false,false,near_mint,en,USD,2024-12-26T13:15:16.509Z
Theros: Beyond Death,binder,Riptide Turtle,THB,Theros Beyond Death,61,normal,common,1,47001,cc4ba296-950c-4e39-ab5e-06be07e4a190,0.35,false,false,near_mint,en,USD,2024-12-26T13:15:16.509Z
Theros: Beyond Death,binder,Underworld Rage-Hound,THB,Theros Beyond Death,163,normal,common,1,46899,a04eef82-fd53-41f4-9c7e-28b9ac039032,0.35,false,false,near_mint,en,USD,2024-12-26T13:15:16.509Z
Theros: Beyond Death,binder,Nylea's Huntmaster,THB,Theros Beyond Death,187,normal,common,1,46875,2a4fe89a-0d2b-493f-883e-a1e0b0918340,0.35,false,false,near_mint,en,USD,2024-12-26T13:15:16.509Z
Theros: Beyond Death,binder,Incendiary Oracle,THB,Theros Beyond Death,140,normal,common,1,46922,eb6b9b5c-35ff-47ac-9b04-71257314b686,0.35,false,false,near_mint,en,USD,2024-12-26T13:15:16.509Z
Theros: Beyond Death,binder,Daybreak Chimera,THB,Theros Beyond Death,10,normal,common,1,47052,f9c1de31-73d4-4c32-9f99-e15df48638e9,0.35,false,false,near_mint,en,USD,2024-12-26T13:15:16.509Z
Theros: Beyond Death,binder,Entrancing Lyre,THB,Theros Beyond Death,233,normal,uncommon,1,46829,064abee6-7394-4b75-946f-4ad9840034ac,0.35,false,false,near_mint,en,USD,2024-12-26T13:15:16.509Z
Theros: Beyond Death,binder,"Alirios, Enraptured",THB,Theros Beyond Death,42,normal,uncommon,1,47020,26f9ebbe-3791-4d19-88d2-d5de95faff48,0.35,false,false,near_mint,en,USD,2024-12-26T13:15:16.509Z
Theros: Beyond Death,binder,Commanding Presence,THB,Theros Beyond Death,7,normal,uncommon,1,47055,24e2f681-918e-4f1f-afb1-0f9587c0d7bf,0.35,false,false,near_mint,en,USD,2024-12-26T13:15:16.509Z
Theros: Beyond Death,binder,"Kroxa, Titan of Death's Hunger",THB,Theros Beyond Death,221,normal,mythic,1,46841,cee0459b-9aac-4d2f-abe4-4d5fedde7eb8,3.99,false,false,near_mint,en,USD,2024-12-26T13:15:16.509Z
Theros: Beyond Death,binder,Swamp,THB,Theros Beyond Death,252,normal,common,2,46810,02cb5cfd-018e-4c5e-bef1-166262aa5f1d,1.99,false,false,near_mint,en,USD,2024-12-26T13:15:16.509Z
Theros: Beyond Death,binder,Sunmane Pegasus,THB,Theros Beyond Death,38,normal,common,1,47024,52e28f5a-55ee-4fcc-bc16-e59944592fcd,0.35,false,false,near_mint,en,USD,2024-12-26T13:18:54.087Z
Theros: Beyond Death,binder,Soulreaper of Mogis,THB,Theros Beyond Death,115,normal,common,1,46947,55e2f383-d2a0-4424-bf7a-79e82d6f691f,0.35,false,false,near_mint,en,USD,2024-12-26T13:18:54.087Z
Theros: Beyond Death,binder,Omen of the Dead,THB,Theros Beyond Death,110,normal,common,1,46952,8023fc44-fb8e-420d-a68c-b45912c4e5bd,0.35,false,false,near_mint,en,USD,2024-12-26T13:18:54.087Z
Theros: Beyond Death,binder,Thirst for Meaning,THB,Theros Beyond Death,74,normal,common,1,46988,2422973d-36ee-4b8c-9a47-fcd160aa9f63,0.35,false,false,near_mint,en,USD,2024-12-26T13:18:54.087Z
Theros: Beyond Death,binder,Irreverent Revelers,THB,Theros Beyond Death,143,normal,common,1,46919,55405dca-3555-45ff-be1c-e276fe1a0c2e,0.35,false,false,near_mint,en,USD,2024-12-26T13:18:54.087Z
Theros: Beyond Death,binder,Voracious Typhon,THB,Theros Beyond Death,203,normal,common,1,46859,efa2bccb-0e01-4629-b9a8-5c0ea26239b3,0.35,false,false,near_mint,en,USD,2024-12-26T13:18:54.087Z
Theros: Beyond Death,binder,Hero of the Pride,THB,Theros Beyond Death,22,normal,common,1,47040,81b56863-a52a-4559-a662-f6d9145d5804,0.35,false,false,near_mint,en,USD,2024-12-26T13:18:54.087Z
Theros: Beyond Death,binder,Fateful End,THB,Theros Beyond Death,133,normal,uncommon,1,46929,56455067-92c0-45b5-ac2e-525c35b41215,0.35,false,false,near_mint,en,USD,2024-12-26T13:18:54.087Z
Theros: Beyond Death,binder,Sea God's Scorn,THB,Theros Beyond Death,63,normal,uncommon,1,46999,9504dc26-f5d8-4b9d-9eb1-51a12b893beb,0.35,false,false,near_mint,en,USD,2024-12-26T13:18:54.087Z
Theros: Beyond Death,binder,"Anax, Hardened in the Forge",THB,Theros Beyond Death,264,normal,uncommon,1,46798,badac9b4-bfaf-4b02-a48a-ec141393566c,0.35,false,false,near_mint,en,USD,2024-12-26T13:18:54.087Z
Theros: Beyond Death,binder,"Aphemia, the Cacophony",THB,Theros Beyond Death,84,normal,rare,1,46978,5b359607-d699-4ba9-a438-48f0dd8f1bf5,0.49,false,false,near_mint,en,USD,2024-12-26T13:18:54.087Z
Theros: Beyond Death,binder,"Tymaret, Chosen from Death",THB,Theros Beyond Death,263,foil,uncommon,1,46799,1bcb02d3-dcf4-41a6-8b9a-f8ad477faea0,0.49,false,false,near_mint,en,USD,2024-12-26T13:18:54.087Z
Theros: Beyond Death,binder,Island,THB,Theros Beyond Death,251,normal,common,3,46811,acf7b664-3e75-4018-81f6-2a14ab59f258,2.49,false,false,near_mint,en,USD,2024-12-26T13:18:54.087Z
Theros: Beyond Death,binder,Grim Physician,THB,Theros Beyond Death,100,normal,common,1,46962,b7e92c82-840f-4c75-b617-7b58a07be5b4,0.35,false,false,near_mint,en,USD,2024-12-26T13:22:53.054Z
Theros: Beyond Death,binder,Sentinel's Eyes,THB,Theros Beyond Death,36,normal,common,1,47026,32adc118-b81e-48c2-b7ef-b62e8c3308d6,0.35,false,false,near_mint,en,USD,2024-12-26T13:22:53.054Z
Theros: Beyond Death,binder,Thaumaturge's Familiar,THB,Theros Beyond Death,238,normal,common,1,46824,7b497153-69a8-480e-b02f-88afec9d5053,0.35,false,false,near_mint,en,USD,2024-12-26T13:22:53.054Z
Theros: Beyond Death,binder,Underworld Charger,THB,Theros Beyond Death,120,normal,common,1,46942,f2dd847f-0db2-4f6a-bdfb-5c88ce7802f9,0.35,false,false,near_mint,en,USD,2024-12-26T13:22:53.054Z
Theros: Beyond Death,binder,Deny the Divine,THB,Theros Beyond Death,47,normal,common,1,47015,1200f68a-a8ea-4777-b6b0-de48b2203fd1,0.35,false,false,near_mint,en,USD,2024-12-26T13:22:53.054Z
Theros: Beyond Death,binder,Iroas's Blessing,THB,Theros Beyond Death,142,normal,common,1,46920,ab6e99a5-b105-489e-aff6-7d2ca50d8ba9,0.35,false,false,near_mint,en,USD,2024-12-26T13:22:53.054Z
Theros: Beyond Death,binder,Return to Nature,THB,Theros Beyond Death,197,normal,common,1,46865,a4515a76-53f0-40a2-8b88-70b73447d1e6,0.35,false,false,near_mint,en,USD,2024-12-26T13:22:53.054Z
Theros: Beyond Death,binder,Wrap in Flames,THB,Theros Beyond Death,164,normal,common,1,46898,b5f7ff4f-3fd6-4084-aaf7-9f290ecc0181,0.35,false,false,near_mint,en,USD,2024-12-26T13:22:53.054Z
Theros: Beyond Death,binder,Setessan Training,THB,Theros Beyond Death,201,normal,common,1,46861,b8322d31-6194-4fda-99a3-b6426c57488a,0.35,false,false,near_mint,en,USD,2024-12-26T13:22:53.054Z
Theros: Beyond Death,binder,Agonizing Remorse,THB,Theros Beyond Death,83,normal,uncommon,1,46979,09270c65-546e-4737-a6b7-402cbb87917a,0.35,false,false,near_mint,en,USD,2024-12-26T13:22:53.054Z
Theros: Beyond Death,binder,Nessian Hornbeetle,THB,Theros Beyond Death,182,normal,uncommon,2,46880,8200fcda-e30c-460f-9964-47e657b7c758,0.35,false,false,near_mint,en,USD,2024-12-26T13:22:53.054Z
Theros: Beyond Death,binder,Phoenix of Ash,THB,Theros Beyond Death,148,normal,rare,1,46914,7010ce26-16de-44cb-ba7e-3d904175b429,0.49,false,false,near_mint,en,USD,2024-12-26T13:22:53.054Z
Theros: Beyond Death,binder,Soulreaper of Mogis,THB,Theros Beyond Death,115,foil,common,1,46947,55e2f383-d2a0-4424-bf7a-79e82d6f691f,0.49,false,false,near_mint,en,USD,2024-12-26T13:22:53.054Z
Theros: Beyond Death,binder,Forest,THB,Theros Beyond Death,254,normal,common,3,46808,32af9f41-89e2-4e7a-9fec-fffe79cae077,1.49,false,false,near_mint,en,USD,2024-12-26T13:22:53.054Z
Theros: Beyond Death,binder,Unknown Shores,THB,Theros Beyond Death,249,normal,common,1,46813,492181e4-5825-45d4-b8a1-37f29c32a845,0.35,false,false,near_mint,en,USD,2024-12-26T13:31:14.869Z
Theros: Beyond Death,binder,Blight-Breath Catoblepas,THB,Theros Beyond Death,86,normal,common,1,46976,7865c079-1d91-48d4-852d-d104b6e0c157,0.35,false,false,near_mint,en,USD,2024-12-26T13:31:14.869Z
Theros: Beyond Death,binder,Nyxborn Courser,THB,Theros Beyond Death,29,normal,common,1,47033,0fd32240-c003-4e18-adf1-e2e992c702b1,0.35,false,false,near_mint,en,USD,2024-12-26T13:31:14.869Z
Theros: Beyond Death,binder,Towering-Wave Mystic,THB,Theros Beyond Death,77,normal,common,1,46985,8c2b4ffc-b1e1-4b16-9a51-1a12f8256a27,0.35,false,false,near_mint,en,USD,2024-12-26T13:31:14.869Z
Theros: Beyond Death,binder,Relentless Pursuit,THB,Theros Beyond Death,195,normal,common,1,46867,752b9560-b1d6-441c-8bc8-bf6988112d25,0.35,false,false,near_mint,en,USD,2024-12-26T13:31:14.869Z
Theros: Beyond Death,binder,Triton Waverider,THB,Theros Beyond Death,78,normal,common,1,46984,b8cb11d7-feae-4511-9a03-bda23119b6a5,0.35,false,false,near_mint,en,USD,2024-12-26T13:31:14.869Z
Theros: Beyond Death,binder,Dreadful Apathy,THB,Theros Beyond Death,11,normal,common,1,47051,e20c2369-db77-465e-9f0e-bb009225345a,0.35,false,false,near_mint,en,USD,2024-12-26T13:31:14.869Z
Theros: Beyond Death,binder,Starlit Mantle,THB,Theros Beyond Death,67,normal,common,1,46995,68c53625-6928-494a-af87-7eee2f6643a5,0.35,false,false,near_mint,en,USD,2024-12-26T13:31:14.869Z
Theros: Beyond Death,binder,Skophos Warleader,THB,Theros Beyond Death,154,normal,common,1,46908,59c39c70-8360-4c7c-b5fa-61c42828609a,0.35,false,false,near_mint,en,USD,2024-12-26T13:31:14.869Z
Theros: Beyond Death,binder,Skola Grovedancer,THB,Theros Beyond Death,202,normal,common,1,46860,076ec900-345d-4720-96b6-441bce01618a,0.35,false,false,near_mint,en,USD,2024-12-26T13:31:14.869Z
Theros: Beyond Death,binder,Minion's Return,THB,Theros Beyond Death,104,normal,uncommon,1,46958,ce763778-0a35-41d2-9286-fdf2302554f5,0.35,false,false,near_mint,en,USD,2024-12-26T13:31:14.869Z
Theros: Beyond Death,binder,Hydra's Growth,THB,Theros Beyond Death,172,normal,uncommon,1,46890,5112ee2a-a6f3-4280-a915-000a97a9cdef,2.29,false,false,near_mint,en,USD,2024-12-26T13:31:14.869Z
Theros: Beyond Death,binder,Dawn Evangel,THB,Theros Beyond Death,8,normal,uncommon,1,47054,f7e152ae-43ec-4b9d-a43f-786c2f6c7366,0.35,false,false,near_mint,en,USD,2024-12-26T13:31:14.869Z
Theros: Beyond Death,binder,Eidolon of Obstruction,THB,Theros Beyond Death,299,normal,rare,1,46763,02694fb6-7695-4296-b5d6-cfe60829f1e7,0.49,false,false,near_mint,en,USD,2024-12-26T13:31:14.869Z
Theros: Beyond Death,binder,Eidolon of Obstruction,THB,Theros Beyond Death,12,normal,rare,1,47050,2f48f802-df9d-45b2-afea-98699bcdf0d6,0.49,false,false,near_mint,en,USD,2024-12-26T13:31:14.869Z
Theros: Beyond Death,binder,Transcendent Envoy,THB,Theros Beyond Death,40,normal,common,1,47022,a9241289-28d2-4827-970e-81bdecbb5c16,0.35,false,false,near_mint,en,USD,2024-12-26T13:35:30.522Z
Theros: Beyond Death,binder,Altar of the Pantheon,THB,Theros Beyond Death,231,normal,common,1,46831,e1f2a587-443d-4626-a6f6-9a26838a42b1,0.35,false,false,near_mint,en,USD,2024-12-26T13:35:30.522Z
Theros: Beyond Death,binder,Nyxborn Marauder,THB,Theros Beyond Death,109,normal,common,1,46953,fd2a923a-1f9c-4a29-9c6b-344ae4d5ae8f,0.35,false,false,near_mint,en,USD,2024-12-26T13:35:30.522Z
Theros: Beyond Death,binder,Rumbling Sentry,THB,Theros Beyond Death,35,normal,common,1,47027,4f93f3c9-b317-40c1-87f5-0038c09b646d,0.35,false,false,near_mint,en,USD,2024-12-26T13:35:30.522Z
Theros: Beyond Death,binder,Loathsome Chimera,THB,Theros Beyond Death,177,normal,common,1,46885,3afe6283-3642-4883-ac6e-83ae3280af9c,0.35,false,false,near_mint,en,USD,2024-12-26T13:35:30.522Z
Theros: Beyond Death,binder,Ichthyomorphosis,THB,Theros Beyond Death,51,normal,common,1,47011,e4763b6c-6471-41bd-b3e4-785564bcf06f,0.35,false,false,near_mint,en,USD,2024-12-26T13:35:30.522Z
Theros: Beyond Death,binder,Aspect of Manticore,THB,Theros Beyond Death,127,normal,common,1,46935,f67d0091-1925-44a5-89f3-21c2afd5665c,0.35,false,false,near_mint,en,USD,2024-12-26T13:35:30.522Z
Theros: Beyond Death,binder,Nylea's Forerunner,THB,Theros Beyond Death,186,normal,common,1,46876,2cf2b6be-80a8-4464-a909-8cc658196a14,0.35,false,false,near_mint,en,USD,2024-12-26T13:35:30.522Z
Theros: Beyond Death,binder,Witness of Tomorrows,THB,Theros Beyond Death,82,normal,common,1,46980,64cd9d60-826c-4b35-9684-dccb0880399e,0.35,false,false,near_mint,en,USD,2024-12-26T13:35:30.522Z
Theros: Beyond Death,binder,Pharika's Spawn,THB,Theros Beyond Death,112,normal,uncommon,1,46950,a2c8244b-7d86-4dff-9419-3945beb2a7b7,0.35,false,false,near_mint,en,USD,2024-12-26T13:35:30.522Z
Theros: Beyond Death,binder,Slaughter-Priest of Mogis,THB,Theros Beyond Death,227,normal,uncommon,1,46835,a2b441c0-261e-4094-b694-5e11ea3c14ab,0.35,false,false,near_mint,en,USD,2024-12-26T13:35:30.522Z
Theros: Beyond Death,binder,"Renata, Called to the Hunt",THB,Theros Beyond Death,196,normal,uncommon,1,46866,2b27e6b2-13ad-42b2-a121-70935913723d,0.35,false,false,near_mint,en,USD,2024-12-26T13:35:30.522Z
Theros: Beyond Death,binder,Arasta of the Endless Web,THB,Theros Beyond Death,165,normal,rare,1,46897,7c38833a-96c5-48b5-8dd8-23f10e798537,0.69,false,false,near_mint,en,USD,2024-12-26T13:35:30.522Z
Theros: Beyond Death,binder,Dreamstalker Manticore,THB,Theros Beyond Death,131,foil,uncommon,1,46931,ee10eaa0-dbe0-45ee-9a7d-395ec5d27e08,0.49,false,false,near_mint,en,USD,2024-12-26T13:35:30.522Z
Theros: Beyond Death,binder,Aspect of Lamprey,THB,Theros Beyond Death,85,normal,common,1,46977,27157f01-8aed-4485-9f0f-9e7486492e6e,0.35,false,false,near_mint,en,USD,2024-12-26T13:39:58.585Z
Theros: Beyond Death,binder,Pious Wayfarer,THB,Theros Beyond Death,32,normal,common,1,47030,10b1a2b5-5be2-43a2-bc35-95df6eb0984f,0.35,false,false,near_mint,en,USD,2024-12-26T13:39:58.585Z
Theros: Beyond Death,binder,Traveler's Amulet,THB,Theros Beyond Death,240,normal,common,1,46822,590926db-279c-494a-b92d-680b8abf9699,0.35,false,false,near_mint,en,USD,2024-12-26T13:39:58.585Z
Theros: Beyond Death,binder,Mogis's Favor,THB,Theros Beyond Death,107,normal,common,1,46955,de6bf7fb-11ca-4878-8072-cebaa763a549,0.35,false,false,near_mint,en,USD,2024-12-26T13:39:58.585Z
Theros: Beyond Death,binder,Flummoxed Cyclops,THB,Theros Beyond Death,135,normal,common,1,46927,1f70bcef-7ab6-4547-aca4-dd3ba68fd26b,0.35,false,false,near_mint,en,USD,2024-12-26T13:39:58.585Z
Theros: Beyond Death,binder,Setessan Skirmisher,THB,Theros Beyond Death,200,normal,common,1,46862,46739993-6afe-428d-bf63-b57649e38a65,0.35,false,false,near_mint,en,USD,2024-12-26T13:39:58.585Z
Theros: Beyond Death,binder,Nyxborn Seaguard,THB,Theros Beyond Death,57,normal,common,1,47005,9ad0c7d7-0e44-496f-a2fc-fafc604cb1f1,0.35,false,false,near_mint,en,USD,2024-12-26T13:39:58.585Z
Theros: Beyond Death,binder,Thrill of Possibility,THB,Theros Beyond Death,159,normal,common,1,46903,2e807edb-838d-44fe-a37e-fb864d59beaa,0.35,false,false,near_mint,en,USD,2024-12-26T13:39:58.585Z
Theros: Beyond Death,binder,Nyxborn Colossus,THB,Theros Beyond Death,191,normal,common,1,46871,8b4f003c-1e99-4e53-ad6d-81ff3c592b2c,0.35,false,false,near_mint,en,USD,2024-12-26T13:39:58.585Z
Theros: Beyond Death,binder,Mire's Grasp,THB,Theros Beyond Death,106,normal,common,1,46956,0ae0c536-612d-4916-a8da-5aaaf14218b1,0.35,false,false,near_mint,en,USD,2024-12-26T13:39:58.585Z
Theros: Beyond Death,binder,Medomai's Prophecy,THB,Theros Beyond Death,53,normal,uncommon,1,47009,3d2bd7b4-28de-4d9e-86c5-a46bd608cb02,0.35,false,false,near_mint,en,USD,2024-12-26T13:39:58.585Z
Theros: Beyond Death,binder,Heroes of the Revel,THB,Theros Beyond Death,138,normal,uncommon,1,46924,dfdfb481-3446-42f4-a1c3-a88b69f2189a,0.35,false,false,near_mint,en,USD,2024-12-26T13:39:58.585Z
Theros: Beyond Death,binder,"Callaphe, Beloved of the Sea",THB,Theros Beyond Death,45,normal,uncommon,1,47017,c5d433f2-0a3b-4f45-83a3-ed600a6d10b1,0.35,false,false,near_mint,en,USD,2024-12-26T13:39:58.585Z
Theros: Beyond Death,binder,Allure of the Unknown,THB,Theros Beyond Death,207,normal,rare,1,46855,f77e09c3-917c-4bbb-bb94-60f4e9417832,0.49,false,false,near_mint,en,USD,2024-12-26T13:39:58.585Z
Theros: Beyond Death,binder,Temple Thief,THB,Theros Beyond Death,116,normal,common,1,46946,fc4a61aa-75d2-46bc-b13f-b863f5f49d32,0.35,false,false,near_mint,en,USD,2024-12-26T13:44:25.261Z
Theros: Beyond Death,binder,Fruit of Tizerus,THB,Theros Beyond Death,96,normal,common,1,46966,66e577a0-e5d7-4e6a-919c-d85c2ae819ce,0.35,false,false,near_mint,en,USD,2024-12-26T13:44:25.261Z
Theros: Beyond Death,binder,Karametra's Blessing,THB,Theros Beyond Death,26,normal,common,1,47036,88c8e4dc-5378-48d6-85b2-f5ea9ec7cf36,0.35,false,false,near_mint,en,USD,2024-12-26T13:44:25.261Z
Theros: Beyond Death,binder,Triumphant Surge,THB,Theros Beyond Death,41,normal,common,2,47021,75d6eb18-a49d-4fa5-a333-78aafbc4abcb,0.35,false,false,near_mint,en,USD,2024-12-26T13:44:25.261Z
Theros: Beyond Death,binder,Stampede Rider,THB,Theros Beyond Death,155,normal,common,1,46907,c32c6192-2f8d-4656-af8b-c488e27a75e1,0.35,false,false,near_mint,en,USD,2024-12-26T13:44:25.261Z
Theros: Beyond Death,binder,Nexus Wardens,THB,Theros Beyond Death,184,normal,common,1,46878,68cb4e56-bcad-43a3-8600-a3594047205a,0.35,false,false,near_mint,en,USD,2024-12-26T13:44:25.261Z
Theros: Beyond Death,binder,Omen of the Sea,THB,Theros Beyond Death,58,normal,common,1,47004,a5f30ecd-d009-4d44-aef4-c926ed55a521,0.35,false,false,near_mint,en,USD,2024-12-26T13:44:25.261Z
Theros: Beyond Death,binder,Infuriate,THB,Theros Beyond Death,141,normal,common,1,46921,85a74392-4056-428c-a807-b062957e838e,0.35,false,false,near_mint,en,USD,2024-12-26T13:44:25.261Z
Theros: Beyond Death,binder,Ilysian Caryatid,THB,Theros Beyond Death,174,normal,common,2,46888,7cdf8ab8-f221-4f7b-9af9-3849cad1f596,0.35,false,false,near_mint,en,USD,2024-12-26T13:44:25.261Z
Theros: Beyond Death,binder,Satyr's Cunning,THB,Theros Beyond Death,152,normal,common,1,46910,646d8201-be68-42fa-bcfd-42d81a2ad195,0.35,false,false,near_mint,en,USD,2024-12-26T13:44:25.261Z
Theros: Beyond Death,binder,Threnody Singer,THB,Theros Beyond Death,75,normal,uncommon,1,46987,242cdffb-5037-4d49-b194-4b60274a8758,0.35,false,false,near_mint,en,USD,2024-12-26T13:44:25.261Z
Theros: Beyond Death,binder,Dreamshaper Shaman,THB,Theros Beyond Death,130,normal,uncommon,1,46932,f6b04ec8-68c9-468c-b137-707db994af68,0.35,false,false,near_mint,en,USD,2024-12-26T13:44:25.261Z
Theros: Beyond Death,binder,Nightmare Shepherd,THB,Theros Beyond Death,108,normal,rare,1,46954,4a46eec7-bb79-441c-959f-eea599e5c341,0.49,false,false,near_mint,en,USD,2024-12-26T13:44:25.261Z
Theros: Beyond Death,binder,Glory Bearers,THB,Theros Beyond Death,17,normal,common,1,47045,8a70e1be-f04a-43c1-8fca-205a24e3db38,0.35,false,false,near_mint,en,USD,2024-12-26T13:48:34.821Z
Theros: Beyond Death,binder,Funeral Rites,THB,Theros Beyond Death,97,normal,common,1,46965,30aa6796-0cb6-426b-9e3f-4d7e4959a6a4,0.35,false,false,near_mint,en,USD,2024-12-26T13:48:34.821Z
Theros: Beyond Death,binder,Oread of Mountain's Blaze,THB,Theros Beyond Death,146,normal,common,1,46916,0f9bb73a-5b4e-4c9b-b0a6-8e531dc27394,0.35,false,false,near_mint,en,USD,2024-12-26T13:48:34.821Z
Theros: Beyond Death,binder,Warbriar Blessing,THB,Theros Beyond Death,204,normal,common,1,46858,11d64cab-2ed1-46d9-8034-0c2ba3f2e1ed,0.35,false,false,near_mint,en,USD,2024-12-26T13:48:34.821Z
Theros: Beyond Death,binder,Plummet,THB,Theros Beyond Death,194,normal,common,1,46868,a8b2f186-4e04-49cb-a206-257cfb7e9361,0.35,false,false,near_mint,en,USD,2024-12-26T13:48:34.821Z
Theros: Beyond Death,binder,Sleep of the Dead,THB,Theros Beyond Death,66,normal,common,1,46996,4007572b-a6c8-4a56-b1a7-ff099189c9c0,0.35,false,false,near_mint,en,USD,2024-12-26T13:48:34.821Z
Theros: Beyond Death,binder,Omen of the Forge,THB,Theros Beyond Death,145,normal,common,1,46917,70388773-709b-4cd8-a8b7-56093fd77a1d,0.35,false,false,near_mint,en,USD,2024-12-26T13:48:34.821Z
Theros: Beyond Death,binder,Mirror Shield,THB,Theros Beyond Death,234,normal,uncommon,1,46828,e7624e84-93ce-4983-8624-ebc934cab67f,0.49,false,false,near_mint,en,USD,2024-12-26T13:48:34.821Z
Theros: Beyond Death,binder,Impending Doom,THB,Theros Beyond Death,139,normal,uncommon,1,46923,5681db91-5dab-41e6-96f2-275ec9495e5b,0.35,false,false,near_mint,en,USD,2024-12-26T13:48:34.821Z
Theros: Beyond Death,binder,Warden of the Chained,THB,Theros Beyond Death,230,normal,uncommon,1,46832,ff48d55e-aa8b-4061-9c77-fd7e696fd7ba,0.35,false,false,near_mint,en,USD,2024-12-26T13:48:34.821Z
Theros: Beyond Death,binder,Woe Strider,THB,Theros Beyond Death,123,normal,rare,1,46939,3457b558-b35b-49fd-b499-b1ec755f86ce,0.69,false,false,near_mint,en,USD,2024-12-26T13:48:34.821Z
Theros: Beyond Death,binder,Bronze Sword,THB,Theros Beyond Death,232,normal,common,2,46830,0b33162d-8d8f-4312-b31e-04ce86e3b914,0.35,false,false,near_mint,en,USD,2024-12-26T13:48:34.821Z
Theros: Beyond Death,binder,Flicker of Fate,THB,Theros Beyond Death,16,normal,common,1,47046,59e19bac-176c-4e37-bfc8-27c00de7c37f,0.35,false,false,near_mint,en,USD,2024-12-26T13:52:42.688Z
Theros: Beyond Death,binder,Hero of the Games,THB,Theros Beyond Death,137,normal,common,1,46925,cdb7c7a6-4e9b-4300-a776-b7e7916950c8,0.35,false,false,near_mint,en,USD,2024-12-26T13:52:42.688Z
Theros: Beyond Death,binder,Nyxborn Brute,THB,Theros Beyond Death,144,normal,common,1,46918,05bc4236-566f-401b-b9d7-f58126fa228b,0.35,false,false,near_mint,en,USD,2024-12-26T13:52:42.688Z
Theros: Beyond Death,binder,Elite Instructor,THB,Theros Beyond Death,49,normal,common,1,47013,821cd2dd-aa03-4c55-b9e4-98e0284889d3,0.35,false,false,near_mint,en,USD,2024-12-26T13:52:42.688Z
Theros: Beyond Death,binder,Arena Trickster,THB,Theros Beyond Death,126,normal,common,1,46936,e096049d-9f02-4abb-bb5a-97b14fd17099,0.35,false,false,near_mint,en,USD,2024-12-26T13:52:42.688Z
Theros: Beyond Death,binder,Inevitable End,THB,Theros Beyond Death,102,normal,uncommon,1,46960,a6522f01-ae7a-467e-9a05-530a5ccd304d,0.35,false,false,near_mint,en,USD,2024-12-26T13:52:42.688Z
Theros: Beyond Death,binder,Alseid of Life's Bounty,THB,Theros Beyond Death,1,normal,uncommon,1,47061,36c8c075-9597-412e-9fc4-9d73b4405d12,0.49,false,false,near_mint,en,USD,2024-12-26T13:52:42.688Z
Theros: Beyond Death,binder,Hero of the Nyxborn,THB,Theros Beyond Death,219,normal,uncommon,1,46843,9854e673-1816-4a76-b9db-bb399ac7489f,0.35,false,false,near_mint,en,USD,2024-12-26T13:52:42.688Z
Theros: Beyond Death,binder,Labyrinth of Skophos,THB,Theros Beyond Death,243,normal,rare,1,46819,ff0dd221-2660-43f6-8e28-8000e3fe72a4,0.49,false,false,near_mint,en,USD,2024-12-26T13:52:42.688Z
Theros: Beyond Death,binder,Plains,THB,Theros Beyond Death,250,normal,common,1,46812,a9891b7b-fc52-470c-9f74-292ae665f378,1.79,false,false,near_mint,en,USD,2024-12-26T13:52:42.688Z
[LANDS] Claim Sales November 2024,binder,Archway Commons,STX,Strixhaven: School of Mages,263,normal,common,5,58393,f6f6a2ff-7eb7-4680-af2b-e69ac88a65c9,0.35,false,false,near_mint,en,USD,2026-01-21T14:24:08.017Z
[LANDS] Claim Sales November 2024,binder,Forgotten Cave,C21,Commander 2021,289,normal,common,1,58797,62b0b5f8-6b51-4fa5-85ae-290475525a9d,0.35,false,false,near_mint,en,USD,2026-01-21T14:24:08.018Z
[LANDS] Claim Sales November 2024,binder,Desert of the Mindful,C21,Commander 2021,287,normal,common,1,58564,517f71a7-ec5b-46a6-b5ff-8c06abf0a630,0.35,false,false,near_mint,en,USD,2026-01-21T14:24:08.019Z
[LANDS] Claim Sales November 2024,binder,Desert of the Fervent,C21,Commander 2021,286,normal,common,1,58616,873ed0cd-60ea-4869-b794-e626f0058871,0.35,false,false,near_mint,en,USD,2026-01-21T14:24:08.020Z
[LANDS] Claim Sales November 2024,binder,Uncharted Haven,NEO,Kamigawa: Neon Dynasty,281,normal,common,1,66854,1d4ad89a-3a00-4bf4-a357-4a8a089d4a82,0.35,false,false,near_mint,en,USD,2026-01-21T14:24:08.021Z
[LANDS] Claim Sales November 2024,binder,Thriving Moor,CMM,Commander Masters,433,normal,common,1,84004,06a80fcc-b457-49c6-8c3a-0c5f58d74b2d,0.35,false,false,near_mint,en,USD,2026-01-21T14:24:08.022Z
[LANDS] Claim Sales November 2024,binder,Thriving Isle,NCC,New Capenna Commander,441,normal,common,1,68178,381517fb-1802-4f19-a73e-ce7025b7634d,0.35,false,false,near_mint,en,USD,2026-01-21T14:24:08.023Z
[LANDS] Claim Sales November 2024,binder,Thriving Heath,JMP,Jumpstart,35,normal,common,1,51605,fe424eb3-7df8-4317-8776-6d960afbb90a,0.35,false,false,near_mint,en,USD,2026-01-21T14:24:08.024Z
[LANDS] Claim Sales November 2024,binder,Thriving Bluff,JMP,Jumpstart,33,normal,common,1,51141,15481459-3703-4185-ad27-105d95691e9d,0.35,false,false,near_mint,en,USD,2026-01-21T14:24:08.025Z
[LANDS] Claim Sales November 2024,binder,Thriving Bluff,NCC,New Capenna Commander,438,normal,common,1,68116,0c918a58-5a44-444f-b98e-661a2f3d3fde,0.35,false,false,near_mint,en,USD,2026-01-21T14:24:08.026Z
[LANDS] Claim Sales November 2024,binder,Study Hall,C21,Commander 2021,80,normal,common,1,58649,a3de9859-98b6-4efe-847a-43bac5b1ef9f,0.35,false,false,near_mint,en,USD,2026-01-21T14:24:08.027Z
[LANDS] Claim Sales November 2024,binder,Unknown Shores,THB,Theros Beyond Death,249,normal,common,1,46813,492181e4-5825-45d4-b8a1-37f29c32a845,0.35,false,false,near_mint,en,USD,2026-01-21T14:24:08.028Z
[LANDS] Claim Sales November 2024,binder,Crystal Grotto,DMU,Dominaria United,246,normal,common,1,71732,bd250c9d-c65f-4293-a6b0-007fac634d3d,0.35,false,false,near_mint,en,USD,2026-01-21T14:24:08.029Z
[LANDS] Claim Sales November 2024,binder,The Fair Basilica,ONE,Phyrexia: All Will Be One,252,normal,common,1,78371,01d6ba55-7bc0-41c6-84be-8cd528e46a05,0.35,false,false,near_mint,en,USD,2026-01-21T14:24:08.030Z
[LANDS] Claim Sales November 2024,binder,Quandrix Campus,STX,Strixhaven: School of Mages,271,normal,common,5,58399,f788da28-481b-41fa-a70c-b53db6b0f068,0.35,false,false,near_mint,en,USD,2026-01-21T14:24:08.031Z
[LANDS] Claim Sales November 2024,binder,Witherbloom Campus,STX,Strixhaven: School of Mages,275,normal,common,7,58144,7346fb2e-754e-47de-b33d-eb089b357ee4,0.35,false,false,near_mint,en,USD,2026-01-21T14:24:08.032Z
[LANDS] Claim Sales November 2024,binder,Prismari Campus,STX,Strixhaven: School of Mages,270,normal,common,5,58153,768120f5-9401-4e52-924e-3374bde65b3d,0.35,false,false,near_mint,en,USD,2026-01-21T14:24:08.033Z
[LANDS] Claim Sales November 2024,binder,Lorehold Campus,STX,Strixhaven: School of Mages,268,normal,common,6,58332,d35461cf-becf-4399-8329-64b4496b7fc2,0.35,false,false,near_mint,en,USD,2026-01-21T14:24:08.034Z
[LANDS] Claim Sales November 2024,binder,Orzhov Guildgate,RNA,Ravnica Allegiance,252,normal,common,1,43613,cba5fb67-e161-4e89-be3e-c8021122ff19,0.35,false,false,near_mint,en,USD,2026-01-21T14:24:08.035Z
[LANDS] Claim Sales November 2024,binder,Silverquill Campus,STX,Strixhaven: School of Mages,273,normal,common,6,58075,42583850-ba5c-4a71-8717-406b5c6d048f,0.35,false,false,near_mint,en,USD,2026-01-21T14:24:08.036Z
[LANDS] Claim Sales November 2024,binder,Azorius Guildgate,RTR,Return to Ravnica,237,normal,common,1,17185,984e37df-0734-493a-a958-f519a0c98580,0.35,false,false,near_mint,en,USD,2026-01-21T14:24:08.037Z
[LANDS] Claim Sales November 2024,binder,Dimir Guildgate,GTC,Gatecrash,241,normal,common,1,16583,4951bf75-1a88-4c85-b4e9-063d84f1dabf,0.35,false,false,near_mint,en,USD,2026-01-21T14:24:08.038Z
[LANDS] Claim Sales November 2024,binder,Izzet Guildgate,RTR,Return to Ravnica,242,normal,common,1,17180,6951d84f-2d3c-4203-8d31-e08f4bc707f0,0.35,false,false,near_mint,en,USD,2026-01-21T14:24:08.039Z
[LANDS] Claim Sales November 2024,binder,Myriad Landscape,NCC,New Capenna Commander,416,normal,uncommon,2,68129,1577b698-f2e7-448d-b8a8-3d2329dd3f46,0.69,false,false,near_mint,en,USD,2026-01-21T14:24:08.040Z
[LANDS] Claim Sales November 2024,binder,Myriad Landscape,C20,Commander 2020,292,normal,uncommon,1,50126,42bb5732-5c17-447f-9fcd-dc12136fa145,0.59,false,false,near_mint,en,USD,2026-01-21T14:24:08.041Z
[LANDS] Claim Sales November 2024,binder,Blighted Cataract,C21,Commander 2021,279,normal,uncommon,1,58652,a6d03a79-4219-492f-bf9a-0b810e97e5f5,0.35,false,false,near_mint,en,USD,2026-01-21T14:24:08.042Z
[LANDS] Claim Sales November 2024,binder,Field of Ruin,MOC,March of the Machine Commander,400,normal,uncommon,1,81529,143147d2-2eec-41e7-b78a-592288b38630,0.35,false,false,near_mint,en,USD,2026-01-21T14:24:08.043Z
[LANDS] Claim Sales November 2024,binder,Mage-Ring Network,C21,Commander 2021,300,normal,uncommon,1,58615,873951e4-a35b-4163-9827-8d8284416165,0.35,false,false,near_mint,en,USD,2026-01-21T14:24:08.044Z
[LANDS] Claim Sales November 2024,binder,Frostwalk Bastion,MH1,Modern Horizons,240,normal,uncommon,1,44694,bfb5d83f-2b7c-4c22-ac37-938e7cd1654a,0.35,false,false,near_mint,en,USD,2026-01-21T14:24:08.045Z
[LANDS] Claim Sales November 2024,binder,Forsaken Sanctuary,RIX,Rivals of Ixalan,187,normal,uncommon,1,2831,32e5daf3-6a55-4c2f-92d1-33e0755ee280,0.39,false,false,near_mint,en,USD,2026-01-21T14:24:08.046Z
[LANDS] Claim Sales November 2024,binder,Llanowar Reborn,MOC,March of the Machine Commander,413,normal,uncommon,1,81823,992e1549-0c3e-4c0f-954f-c1061e36c276,0.35,false,false,near_mint,en,USD,2026-01-21T14:24:08.047Z
[LANDS] Claim Sales November 2024,binder,Memorial to Genius,C21,Commander 2021,301,normal,uncommon,1,58521,1d96dd97-ce88-4576-8261-c7866a06275d,0.35,false,false,near_mint,en,USD,2026-01-21T14:24:08.048Z
[LANDS] Claim Sales November 2024,binder,Sacred Peaks,DMU,Dominaria United,254,normal,common,1,71319,24957d64-ad17-4d4f-8a00-3cdd83e1ce88,0.35,false,false,near_mint,en,USD,2026-01-21T14:24:08.049Z
[LANDS] Claim Sales November 2024,binder,Wooded Ridgeline,DMU,Dominaria United,260,normal,common,1,71825,e8e31184-dca4-48b1-be9d-581247c41d99,0.35,false,false,near_mint,en,USD,2026-01-21T14:24:08.050Z
[LANDS] Claim Sales November 2024,binder,Hidden Courtyard,LCI,The Lost Caverns of Ixalan,274,normal,common,1,88838,b8685d46-99fc-44b3-be95-707a4b7b8327,0.35,false,false,near_mint,en,USD,2026-01-21T14:24:08.051Z
[LANDS] Claim Sales November 2024,binder,Jungle Hollow,NEO,Kamigawa: Neon Dynasty,269,normal,common,1,66921,deadca61-0be9-4eeb-ba12-bc73a49bae74,0.35,false,false,near_mint,en,USD,2026-01-21T14:24:08.052Z
[LANDS] Claim Sales November 2024,binder,Dismal Backwater,NEO,Kamigawa: Neon Dynasty,267,normal,common,1,66929,fab0660b-81f8-40ca-8098-5f8d51219a40,0.35,false,false,near_mint,en,USD,2026-01-21T14:24:08.053Z
[LANDS] Claim Sales November 2024,binder,Tranquil Cove,NEO,Kamigawa: Neon Dynasty,280,normal,common,2,66885,68f822b7-efc5-42c8-93ea-7dd17b4c3e7a,0.35,false,false,near_mint,en,USD,2026-01-21T14:24:08.054Z
[LANDS] Claim Sales November 2024,binder,Jungle Hollow,IKO,Ikoria: Lair of Behemoths,249,normal,common,1,49828,01926862-bf2d-4a2b-af94-1ea5e4dd7444,0.35,false,false,near_mint,en,USD,2026-01-21T14:24:08.055Z
[LANDS] Claim Sales November 2024,binder,Bloodfell Caves,NEO,Kamigawa: Neon Dynasty,264,normal,common,1,66906,ba06fcda-7ab8-48d4-8656-2a911e73dc44,0.35,false,false,near_mint,en,USD,2026-01-21T14:24:08.056Z
[LANDS] Claim Sales November 2024,binder,Blossoming Sands,IKO,Ikoria: Lair of Behemoths,244,normal,common,1,49833,828044d6-0f53-4caf-a581-d71919df4175,0.35,false,false,near_mint,en,USD,2026-01-21T14:24:08.057Z
[LANDS] Claim Sales November 2024,binder,Scoured Barrens,NEO,Kamigawa: Neon Dynasty,274,normal,common,1,66848,00538414-90f3-41da-b67e-d81cfa643de3,0.35,false,false,near_mint,en,USD,2026-01-21T14:24:08.058Z
[LANDS] Claim Sales November 2024,binder,Wind-Scarred Crag,NEO,Kamigawa: Neon Dynasty,282,normal,common,1,66912,cf9b1d47-11ef-4f06-94b2-94b6727de3bd,0.35,false,false,near_mint,en,USD,2026-01-21T14:24:08.059Z
[LANDS] Claim Sales November 2024,binder,Rugged Highlands,NEO,Kamigawa: Neon Dynasty,273,normal,common,1,66877,58d511be-60e0-4755-abec-18eebb530605,0.35,false,false,near_mint,en,USD,2026-01-21T14:24:08.060Z
[LANDS] Claim Sales November 2024,binder,Strangled Cemetery,DSK,Duskmourn: House of Horror,268,foil,common,1,98666,c1ce9250-bdbe-4c77-9243-6db9ffffe69b,0.49,false,false,near_mint,en,USD,2026-01-21T14:29:12.475Z
[LANDS] Claim Sales November 2024,binder,Terramorphic Expanse,DSK,Duskmourn: House of Horror,269,foil,common,1,98901,b379c8f1-817c-4f18-8f58-45c40504433e,0.49,false,false,near_mint,en,USD,2026-01-21T14:29:12.476Z
[LANDS] Claim Sales November 2024,binder,Mech Hangar,NEO,Kamigawa: Neon Dynasty,270,normal,uncommon,1,66797,c093984d-38cd-4b49-b179-1e289ab442d1,0.79,false,false,near_mint,en,USD,2026-01-21T14:29:12.477Z
[LANDS] Claim Sales November 2024,binder,Temple of the Dragon Queen,AFR,Adventures in the Forgotten Realms,260,normal,uncommon,1,60150,0c79b3c6-ccbe-48ae-a1f7-ddfd37ecdbf5,0.35,false,false,near_mint,en,USD,2026-01-21T14:29:12.478Z
[LANDS] Claim Sales November 2024,binder,Access Tunnel,STX,Strixhaven: School of Mages,262,normal,uncommon,3,58375,edf8eb51-9643-4c54-b38e-e7abea92bbe1,0.79,false,false,near_mint,en,USD,2026-01-21T14:29:12.479Z
[LANDS] Claim Sales November 2024,binder,Blighted Woodland,NCC,New Capenna Commander,388,normal,uncommon,1,68469,f005da4d-2e2a-4915-83d9-2015d96f4d54,0.69,false,false,near_mint,en,USD,2026-01-21T14:29:12.480Z
[LANDS] Claim Sales November 2024,binder,Barbarian Ring,PLST,The List,ODY-313,normal,uncommon,1,69933,ddf3091c-dc2e-4608-83c1-6ad712c68f54,1.29,false,false,near_mint,en,USD,2026-01-21T14:29:12.481Z
[LANDS] Claim Sales November 2024,binder,Evolving Wilds,MOC,March of the Machine Commander,397,normal,common,1,81947,c78d5616-32dc-45ca-a1b2-d6b4f7951393,0.35,false,false,near_mint,en,USD,2026-01-21T14:29:12.482Z
[LANDS] Claim Sales November 2024,binder,Evolving Wilds,WOE,Wilds of Eldraine,256,normal,common,1,85495,74f9c819-719a-461b-8e7e-a26c88e8099b,0.35,false,false,near_mint,en,USD,2026-01-21T14:29:12.483Z
[LANDS] Claim Sales November 2024,binder,Evolving Wilds,LTC,Tales of Middle-earth Commander,306,normal,common,1,83586,e24ec4c1-5a28-450d-8e37-62a154749ee6,0.35,false,false,near_mint,en,USD,2026-01-21T14:29:12.484Z
[LANDS] Claim Sales November 2024,binder,Evolving Wilds,IKO,Ikoria: Lair of Behemoths,247,normal,common,1,49830,8e3d6745-8904-4905-a98f-d43f18b51d6d,0.35,false,false,near_mint,en,USD,2026-01-21T14:29:12.485Z
[LANDS] Claim Sales November 2024,binder,Cliffgate,CLB,Commander Legends: Battle for Baldur's Gate,350,normal,common,1,69029,557470dc-c594-4b26-81b9-356bedb0c215,0.49,false,false,near_mint,en,USD,2026-01-21T14:29:12.486Z
[LANDS] Claim Sales November 2024,binder,Terramorphic Expanse,MOC,March of the Machine Commander,439,normal,common,1,81721,66639e5d-8a74-4d58-a77d-0bb9d6d62bb1,0.35,false,false,near_mint,en,USD,2026-01-21T14:29:12.487Z
[LANDS] Claim Sales November 2024,binder,Cave of Temptation,40K,"Warhammer 40,000 Commander",267,normal,common,1,72329,3405206b-992b-4912-817c-d90b2eecbac5,0.35,false,false,near_mint,en,USD,2026-01-21T14:29:12.489Z
[MULTI] Claim Sales November 2024,binder,"Yannik, Scavenging Sentinel",C20,Commander 2020,19,foil,mythic,1,50399,11c0e89b-ab29-4739-a88e-1e7966d87d25,2.49,false,false,near_mint,en,USD,2026-01-15T14:49:02.107Z
[MULTI] Claim Sales November 2024,binder,Witherbloom Command,STX,Strixhaven: School of Mages,248,normal,rare,1,58199,87d5e94b-0b35-4efd-9158-1767dcaea38c,0.99,false,false,near_mint,en,USD,2026-01-15T14:49:02.108Z
[MULTI] Claim Sales November 2024,binder,"Vrestin, Menoptra Leader",WHO,Doctor Who,166,normal,rare,1,87765,b117d388-ac94-4e20-84f0-f4d242121d7f,0.49,false,false,near_mint,en,USD,2026-01-15T14:49:02.109Z
[MULTI] Claim Sales November 2024,binder,"Vishgraz, the Doomhive",ONC,Phyrexia: All Will Be One Commander,4,normal,mythic,1,78973,fb1d33b2-9082-4043-8e52-a5c2f3a174ba,1.79,false,false,near_mint,en,USD,2026-01-15T14:49:02.110Z
[MULTI] Claim Sales November 2024,binder,The Tenth Doctor,WHO,Doctor Who,561,foil,mythic,1,86936,302d6e52-e6ba-4268-99ad-e22345866a51,6.99,false,false,near_mint,en,USD,2026-01-15T14:49:02.111Z
[MULTI] Claim Sales November 2024,binder,The Eleventh Doctor,WHO,Doctor Who,125,normal,rare,1,87368,590849a7-9abc-4757-8e13-f680d3b1dceb,0.49,false,false,near_mint,en,USD,2026-01-15T14:49:02.112Z
[MULTI] Claim Sales November 2024,binder,Teysa Karlov,RNA,Ravnica Allegiance,212,normal,rare,1,43653,bcfaa19e-995e-447d-a0a2-46e5d117d5ec,2.79,false,false,near_mint,en,USD,2026-01-15T14:49:02.113Z
[MULTI] Claim Sales November 2024,binder,"Tadeas, Juniper Ascendant",SLX,Universes Within,16,normal,rare,1,78257,eb79f973-2384-4de4-81fb-14ba5a0e5556,2.99,false,false,near_mint,en,USD,2026-01-15T14:49:02.114Z
[MULTI] Claim Sales November 2024,binder,Satoru Umezawa,NEO,Kamigawa: Neon Dynasty,234,normal,rare,2,66404,8887f26d-b097-4fbc-9c48-bdc656409a32,0.99,false,false,near_mint,en,USD,2026-01-15T14:49:02.115Z
[MULTI] Claim Sales November 2024,binder,Riveteers Ascendancy,SNC,Streets of New Capenna,330,normal,rare,1,67804,68904481-c02f-469a-806a-4db9fd151414,0.79,false,false,near_mint,en,USD,2026-01-15T14:49:02.116Z
[MULTI] Claim Sales November 2024,binder,"Rith, Liberated Primeval",DMU,Dominaria United,313,normal,mythic,1,71763,ca9d804a-09ea-4339-aa89-0ff2a5f5d4eb,2.99,false,false,near_mint,en,USD,2026-01-15T14:49:02.117Z
[MULTI] Claim Sales November 2024,binder,"Rip, Spawn Hunter",DSK,Duskmourn: House of Horror,228,normal,rare,1,99175,5f12e3b3-a260-4913-b13a-7fbb753dd702,0.49,false,false,near_mint,en,USD,2026-01-15T14:49:02.118Z
[MULTI] Claim Sales November 2024,binder,Rip Apart,STX,Strixhaven: School of Mages,225,normal,uncommon,3,58282,b3b5b510-fd5c-415d-98b0-386e7508f7af,0.99,false,false,near_mint,en,USD,2026-01-15T14:49:02.119Z
[MULTI] Claim Sales November 2024,binder,Quintorius Kand,LCI,The Lost Caverns of Ixalan,238,normal,mythic,6,88439,4382fa49-9e34-45b3-8495-4916dcd995ec,2.79,false,false,near_mint,en,USD,2026-01-15T14:49:02.120Z
[MULTI] Claim Sales November 2024,binder,Quintorius Kand,LCI,The Lost Caverns of Ixalan,238,foil,mythic,1,88439,4382fa49-9e34-45b3-8495-4916dcd995ec,3.49,false,false,near_mint,en,USD,2026-01-15T14:49:02.121Z
[MULTI] Claim Sales November 2024,binder,Queen Allenal of Ruadach,DMU,Dominaria United,309,foil,uncommon,1,71782,d4101cf9-4e05-414a-843e-b2fda0db917c,0.49,false,false,near_mint,en,USD,2026-01-15T14:49:02.122Z
[MULTI] Claim Sales November 2024,binder,Quandrix Pledgemage,STX,Strixhaven: School of Mages,219,normal,common,2,57982,07633b7f-4150-458b-89c3-d05dc0e3c4bd,0.35,false,false,near_mint,en,USD,2026-01-15T14:49:02.123Z
[MULTI] Claim Sales November 2024,binder,Quandrix Command,STX,Strixhaven: School of Mages,217,normal,rare,2,57969,021b62d8-d160-47f5-bc51-0474f160d13f,0.59,false,false,near_mint,en,USD,2026-01-15T14:49:02.124Z
[MULTI] Claim Sales November 2024,binder,Putrefy,STA,Strixhaven Mystical Archive,63,normal,rare,1,58058,3882ebea-2864-40ef-a21d-6ba80a0bd417,0.59,false,false,near_mint,en,USD,2026-01-15T14:49:02.125Z
[MULTI] Claim Sales November 2024,binder,"Plargg, Dean of Chaos // Augusta, Dean of Order",STX,Strixhaven: School of Mages,155,normal,rare,1,58113,5bd9b5cf-f018-48af-a081-995ce8ecc539,0.49,false,false,near_mint,en,USD,2026-01-15T14:49:02.126Z
[MULTI] Claim Sales November 2024,binder,"Ojutai, Soul of Winter",PFRF,Fate Reforged Promos,156s,foil,rare,1,12127,8d30ff4f-5973-4a49-aaa0-7ff95bec9f79,5.99,false,false,near_mint,en,USD,2026-01-15T14:49:02.127Z
[MULTI] Claim Sales November 2024,binder,"Obzedat, Ghost Council",GTC,Gatecrash,182,normal,mythic,1,16642,4cc198d8-1f27-482d-8f5d-21e02c59797a,1.29,false,false,near_mint,en,USD,2026-01-15T14:49:02.128Z
[MULTI] Claim Sales November 2024,binder,"Niv-Mizzet, Dracogenius",RTR,Return to Ravnica,183,normal,mythic,1,17239,c345e475-8095-41b5-90b4-771fcf80b939,1.79,false,false,near_mint,en,USD,2026-01-15T14:49:02.129Z
[MULTI] Claim Sales November 2024,binder,Niv-Mizzet Reborn,PLST,The List,WAR-208,normal,mythic,1,58985,71b2b245-05b5-4fb6-9beb-8c1bb1f08e3f,0.99,false,false,near_mint,en,USD,2026-01-15T14:49:02.130Z
[MULTI] Claim Sales November 2024,binder,Molten Collapse,LCI,The Lost Caverns of Ixalan,234,normal,rare,4,88348,2487d124-210b-4808-888c-cd0a78aebd90,0.49,false,false,near_mint,en,USD,2026-01-15T14:49:02.131Z
[MULTI] Claim Sales November 2024,binder,Medomai the Ageless,THS,Theros,196,normal,mythic,1,15468,b5f4b3cf-2c78-42c9-9873-3758c7f7bb7d,5.99,false,false,near_mint,en,USD,2026-01-15T14:49:02.132Z
[MULTI] Claim Sales November 2024,binder,"Liesa, Forgotten Archangel",MID,Innistrad: Midnight Hunt,232,normal,rare,1,63242,532fca6b-f788-43f8-b29f-7273e7a48449,1.49,false,false,near_mint,en,USD,2026-01-15T14:49:02.133Z
[MULTI] Claim Sales November 2024,binder,"Kroxa, Titan of Death's Hunger",THB,Theros Beyond Death,221,normal,mythic,1,46841,cee0459b-9aac-4d2f-abe4-4d5fedde7eb8,3.99,false,false,near_mint,en,USD,2026-01-15T14:49:02.134Z
[MULTI] Claim Sales November 2024,binder,Kresh the Bloodbraided,NCC,New Capenna Commander,345,normal,mythic,1,68307,8b4b3c5f-32ea-4208-86d4-bb86e3b8d7d5,1.79,false,false,near_mint,en,USD,2026-01-15T14:49:02.135Z
[MULTI] Claim Sales November 2024,binder,"Killian, Ink Duelist",STX,Strixhaven: School of Mages,197,normal,uncommon,2,58031,23ef4f09-2aa1-4a03-b2e2-66d1522f1e46,0.99,false,false,near_mint,en,USD,2026-01-15T14:49:02.136Z
[MULTI] Claim Sales November 2024,binder,Kaya's Wrath,RNA,Ravnica Allegiance,187,normal,rare,1,43678,5ed140c1-752b-4539-88f2-1fa354049b17,0.79,false,false,near_mint,en,USD,2026-01-15T14:49:02.137Z
[MULTI] Claim Sales November 2024,binder,Kaya the Inexorable,KHM,Kaldheim,218,normal,mythic,1,56765,166c0bd1-b59d-4644-832f-888a4ca3a0aa,2.99,false,false,near_mint,en,USD,2026-01-15T14:49:02.138Z
[MULTI] Claim Sales November 2024,binder,"Judith, the Scourge Diva",MUL,Multiverse Legends,45,normal,rare,1,81508,0a1b14a8-c194-49d3-ab6c-1db377b69495,0.59,false,false,near_mint,en,USD,2026-01-15T14:49:02.139Z
[MULTI] Claim Sales November 2024,binder,"Jadzi, Oracle of Arcavios // Journey to the Oracle",STX,Strixhaven: School of Mages,151,normal,mythic,1,58336,d7148d24-373e-4485-860b-c3429c2337f2,0.99,false,false,near_mint,en,USD,2026-01-15T14:49:02.140Z
[MULTI] Claim Sales November 2024,binder,"Isshin, Two Heavens as One",NEO,Kamigawa: Neon Dynasty,224,foil,rare,1,66767,a062a004-984e-4b62-960c-af7288f7a3e9,5.99,false,false,near_mint,en,USD,2026-01-15T14:49:02.141Z
[MULTI] Claim Sales November 2024,binder,Hofri Ghostforge,STX,Strixhaven: School of Mages,192,normal,mythic,1,58294,bd8deecf-eded-418b-ac4c-5c3e8f54e86d,1.79,false,false,near_mint,en,USD,2026-01-15T14:49:02.142Z
[MULTI] Claim Sales November 2024,binder,Golden Ratio,STX,Strixhaven: School of Mages,190,foil,uncommon,1,58122,626fbddb-3963-4dd2-8507-9777ed66bbbc,0.49,false,false,near_mint,en,USD,2026-01-15T14:49:02.143Z
[MULTI] Claim Sales November 2024,binder,Ghalta and Mavren,MOM,March of the Machine,225,normal,rare,1,80465,a9ec900f-1e31-4440-a75a-20b256734d5b,2.99,false,false,near_mint,en,USD,2026-01-15T14:49:02.144Z
[MULTI] Claim Sales November 2024,binder,Fracture,STX,Strixhaven: School of Mages,188,normal,uncommon,5,58245,a11224f8-06ea-4ec3-85e6-d5c8d906840c,1.79,false,false,near_mint,en,USD,2026-01-15T14:49:02.145Z
[MULTI] Claim Sales November 2024,binder,Etherium-Horn Sorcerer,PLST,The List,PC2-91,normal,rare,1,55084,c8a6584d-8f10-4825-a8c8-b2706cb1b0da,0.49,false,false,near_mint,en,USD,2026-01-15T14:49:02.146Z
[MULTI] Claim Sales November 2024,binder,Enigmatic Incarnation,THB,Theros Beyond Death,215,normal,rare,1,46847,dd116c0b-0404-42ba-978f-7044b1a03d90,0.49,false,false,near_mint,en,USD,2026-01-15T14:49:02.147Z
[MULTI] Claim Sales November 2024,binder,"Elas il-Kor, Sadistic Pilgrim",DMU,Dominaria United,297,normal,uncommon,2,71446,552fbde6-515d-457e-81c9-d67157eaaf37,2.49,false,false,near_mint,en,USD,2026-01-15T14:49:02.148Z
[MULTI] Claim Sales November 2024,binder,Dramatic Finale,STX,Strixhaven: School of Mages,180,normal,rare,2,58257,a8ec9be6-c8ad-4a82-8253-c49cdb9443ba,0.49,false,false,near_mint,en,USD,2026-01-15T14:49:02.149Z
[MULTI] Claim Sales November 2024,binder,Dragonlord Ojutai,PLST,The List,DTK-219,normal,mythic,1,47936,4789bdb2-612b-4833-a0a3-c08dcc5d5054,0.99,false,false,near_mint,en,USD,2026-01-15T14:49:02.150Z
[MULTI] Claim Sales November 2024,binder,Disciplined Duelist,SNC,Streets of New Capenna,304,foil,uncommon,1,67997,c55b348b-c147-4d02-b26c-d610f515bce0,0.49,false,false,near_mint,en,USD,2026-01-15T14:49:02.151Z
[MULTI] Claim Sales November 2024,binder,Deadbridge Chant,C20,Commander 2020,207,normal,mythic,1,50211,21d6eb98-d716-4908-8d95-06f1fbbd2086,0.99,false,false,near_mint,en,USD,2026-01-15T14:49:02.152Z
[MULTI] Claim Sales November 2024,binder,Daemogoth Woe-Eater,STX,Strixhaven: School of Mages,175,foil,uncommon,1,58317,c965cbe3-50e5-41bb-bdb9-e65d97aab716,0.49,false,false,near_mint,en,USD,2026-01-15T14:49:02.153Z
[MULTI] Claim Sales November 2024,binder,Cruel Celebrant,WAR,War of the Spark,188,normal,uncommon,1,44216,87ead6ac-b1c5-4852-8413-7fa43c6cfc57,0.79,false,false,near_mint,en,USD,2026-01-15T14:49:02.154Z
[MULTI] Claim Sales November 2024,binder,"Crosis, the Purger",PLST,The List,C17-168,normal,rare,1,68731,ef55cb9e-27ab-4a85-9246-873f699be0f3,1.49,false,false,near_mint,en,USD,2026-01-15T14:49:02.155Z
[MULTI] Claim Sales November 2024,binder,Corpse Appraiser,SNC,Streets of New Capenna,302,foil,uncommon,1,68074,ee198ea7-729a-47ce-89dd-43f77f60247b,0.49,false,false,near_mint,en,USD,2026-01-15T14:49:02.156Z
[MULTI] Claim Sales November 2024,binder,Conclave Mentor,MOC,March of the Machine Commander,320,normal,uncommon,1,81944,c6d36786-6e36-4a9b-97ad-ad7d9d2b8d92,0.79,false,false,near_mint,en,USD,2026-01-15T14:49:02.157Z
[MULTI] Claim Sales November 2024,binder,"Athreos, Shroud-Veiled",THB,Theros Beyond Death,269,foil,mythic,1,46793,871c19fc-7d99-4022-9e13-d679a9e3547e,1.29,false,false,near_mint,en,USD,2026-01-15T14:49:02.158Z
[MULTI] Claim Sales November 2024,binder,"Ashiok, Dream Render",WAR,War of the Spark,228,normal,uncommon,1,44176,f2df3258-c053-48a8-974f-d80899b2cd93,3.99,false,false,near_mint,en,USD,2026-01-15T14:49:02.159Z
[MULTI] Claim Sales November 2024,binder,"Arabella, Abandoned Doll",DSK,Duskmourn: House of Horror,208,normal,uncommon,1,98943,f683d5a1-b8bf-446f-9fe3-88a4398bf3cf,0.49,false,false,near_mint,en,USD,2026-01-15T14:49:02.160Z
[MULTI] Claim Sales November 2024,binder,Apocalypse Hydra,BBD,Battlebond,217,normal,rare,1,1776,3a3bae04-6da2-485d-812e-ea2f7e45a9f3,1.29,false,false,near_mint,en,USD,2026-01-15T14:49:02.161Z
[MULTI] Claim Sales November 2024,binder,"Amareth, the Lustrous",CMR,Commander Legends,266,normal,rare,1,55617,2fbea010-de77-468e-be39-1717070c9303,0.49,false,false,near_mint,en,USD,2026-01-15T14:49:02.162Z
[MULTI] Claim Sales November 2024,binder,Amalia Benavides Aguirre,LCI,The Lost Caverns of Ixalan,221,normal,rare,2,88733,9acf80a5-f2ca-45b4-aca8-fbc690e35401,1.29,false,false,near_mint,en,USD,2026-01-15T14:49:02.163Z
[MULTI] Claim Sales November 2024,binder,Allure of the Unknown,THB,Theros Beyond Death,207,normal,rare,1,46855,f77e09c3-917c-4bbb-bb94-60f4e9417832,0.49,false,false,near_mint,en,USD,2026-01-15T14:49:02.164Z
[MULTI] Claim Sales November 2024,binder,"Ajani, the Greathearted",WAR,War of the Spark,184,normal,rare,1,44220,6cc78151-8cb0-4521-9674-fb0c67e24a17,0.99,false,false,near_mint,en,USD,2026-01-15T14:49:02.165Z
[MULTI] Claim Sales November 2024,binder,Aether Helix,STX,Strixhaven: School of Mages,162,foil,uncommon,1,58171,7d1c653e-f629-4105-a52c-379c5cd78208,0.49,false,false,near_mint,en,USD,2026-01-15T14:49:02.166Z
[MULTI] Claim Sales November 2024,binder,Abzan Ascendancy,C20,Commander 2020,198,normal,rare,1,50220,63e735b1-7643-48db-9731-aea0212d0e2b,0.49,false,false,near_mint,en,USD,2026-01-15T14:49:02.167Z
[MULTI] Claim Sales November 2024,binder,"Abuelo, Ancestral Echo",LCI,The Lost Caverns of Ixalan,219,normal,rare,7,88433,40eee689-2514-421a-8056-eb7668be66ff,0.49,false,false,near_mint,en,USD,2026-01-15T14:49:02.168Z
[GREEN] Claim Sales November 2024,binder,Workshop Warchief,SNC,Streets of New Capenna,165,normal,rare,1,67657,27851834-688f-4929-967d-dfa015194f7f,0.49,false,false,near_mint,en,USD,2026-01-15T14:07:08.246Z
[GREEN] Claim Sales November 2024,binder,Wild Beastmaster,MIC,Midnight Hunt Commander,146,normal,rare,1,63675,bc52bf91-a8fc-43de-9e28-3b40cd08445a,0.49,false,false,near_mint,en,USD,2026-01-15T14:07:08.247Z
[GREEN] Claim Sales November 2024,binder,Up the Beanstalk,WOE,Wilds of Eldraine,195,foil,uncommon,1,85323,2d5e991f-23b2-4db0-a452-7755125b1fd2,2.99,false,false,near_mint,en,USD,2026-01-15T14:07:08.248Z
[GREEN] Claim Sales November 2024,binder,Undermountain Adventurer,CLB,Commander Legends: Battle for Baldur's Gate,260,normal,rare,1,69021,541f53a3-521f-4463-a0b6-758a45d8f661,0.59,false,false,near_mint,en,USD,2026-01-15T14:07:08.249Z
[GREEN] Claim Sales November 2024,binder,Traverse the Outlands,CLB,Commander Legends: Battle for Baldur's Gate,593,foil,rare,1,69252,ba004fc5-c144-41fa-abc1-531a977378a8,7.99,false,false,near_mint,en,USD,2026-01-15T14:07:08.250Z
[GREEN] Claim Sales November 2024,binder,The Dragon-Kami Reborn // Dragon-Kami's Egg,NEO,Kamigawa: Neon Dynasty,181,normal,rare,1,66336,2534caaa-a793-415f-977f-1d0fac3642ab,0.49,false,false,near_mint,en,USD,2026-01-15T14:07:08.251Z
[GREEN] Claim Sales November 2024,binder,Spring-Leaf Avenger,NEO,Kamigawa: Neon Dynasty,208,normal,rare,1,66888,74b1ba9c-ee62-461f-8422-f791274e2f1c,0.49,false,false,near_mint,en,USD,2026-01-15T14:07:08.252Z
[GREEN] Claim Sales November 2024,binder,Spineseeker Centipede,DSK,Duskmourn: House of Horror,199,foil,common,1,98904,b50d697c-8358-429b-8f79-7ad9d01a5edd,0.49,false,false,near_mint,en,USD,2026-01-15T14:07:08.253Z
[GREEN] Claim Sales November 2024,binder,Spelunking,LCI,The Lost Caverns of Ixalan,213,normal,uncommon,2,88924,d3be4257-2316-4a2e-b347-f71c0368a947,6.49,false,false,near_mint,en,USD,2026-01-15T14:07:08.254Z
[GREEN] Claim Sales November 2024,binder,Sigardian Zealot,MIC,Midnight Hunt Commander,29,normal,rare,1,63649,98adcc86-debd-4aa8-86e5-c51ec08dab5a,0.49,false,false,near_mint,en,USD,2026-01-15T14:07:08.255Z
[GREEN] Claim Sales November 2024,binder,Sentinel of Lost Lore,WOE,Wilds of Eldraine,184,normal,rare,1,85825,f109a5bf-1472-4b87-b3d3-70db0e123693,0.49,false,false,near_mint,en,USD,2026-01-15T14:07:08.256Z
[GREEN] Claim Sales November 2024,binder,Scurry Oak,MH2,Modern Horizons 2,172,normal,uncommon,1,59410,0fb48c2e-ee0f-4fae-9c22-247870c10d5b,1.99,false,false,near_mint,en,USD,2026-01-15T14:07:08.257Z
[GREEN] Claim Sales November 2024,binder,Scavenging Ooze,PM21,Core Set 2021 Promos,204p,normal,rare,1,51723,ba9b0e0b-1559-4c7c-9f18-68f8ad580c93,0.49,false,false,near_mint,en,USD,2026-01-15T14:07:08.258Z
[GREEN] Claim Sales November 2024,binder,Ruinous Intrusion,MIC,Midnight Hunt Commander,66,normal,rare,1,63696,dd4cd57b-3f94-46c8-9e07-c7cc16ce3c60,1.49,false,false,near_mint,en,USD,2026-01-15T14:07:08.259Z
[GREEN] Claim Sales November 2024,binder,"Rishkar, Peema Renegade",MOC,March of the Machine Commander,310,normal,rare,1,81713,6310af34-e671-4974-b291-279b91585459,0.49,false,false,near_mint,en,USD,2026-01-15T14:07:08.260Z
[GREEN] Claim Sales November 2024,binder,Ravenous Slime,C18,Commander 2018,34,normal,rare,1,809,528d8f5e-2d58-4526-875b-21d199267210,3.49,false,false,near_mint,en,USD,2026-01-15T14:07:08.261Z
[GREEN] Claim Sales November 2024,binder,Patchwork Beastie,DSK,Duskmourn: House of Horror,195,foil,uncommon,1,98721,895de583-36d2-43fd-927f-8876d4302c73,0.49,false,false,near_mint,en,USD,2026-01-15T14:07:08.262Z
[GREEN] Claim Sales November 2024,binder,Nut Collector,DMR,Dominaria Remastered,347,normal,mythic,1,77974,6fa53cbd-efe8-4ca8-8c1c-664de27d1b69,3.49,false,false,near_mint,en,USD,2026-01-15T14:07:08.263Z
[GREEN] Claim Sales November 2024,binder,Night of the Sweets' Revenge,WOE,Wilds of Eldraine,178,normal,uncommon,1,85310,27f53bed-7075-4303-aa9e-fcca0a266e19,0.79,false,false,near_mint,en,USD,2026-01-15T14:07:08.264Z
[GREEN] Claim Sales November 2024,binder,Mitotic Slime,NCC,New Capenna Commander,302,normal,rare,1,68306,8aacf055-e36f-4428-8a3c-f73fa4b4307c,0.69,false,false,near_mint,en,USD,2026-01-15T14:07:08.265Z
[GREEN] Claim Sales November 2024,binder,Mistcutter Hydra,THS,Theros,162,normal,rare,1,15502,3c844ed7-8ed2-4a39-9134-e14e476ab0c4,2.29,false,false,near_mint,en,USD,2026-01-15T14:07:08.266Z
[GREEN] Claim Sales November 2024,binder,March of Burgeoning Life,NEO,Kamigawa: Neon Dynasty,201,normal,rare,1,66641,0e223d99-408a-413d-abb1-cb2f11ae521d,0.49,false,false,near_mint,en,USD,2026-01-15T14:07:08.267Z
[GREEN] Claim Sales November 2024,binder,Kodama's Reach,MOC,March of the Machine Commander,306,normal,common,1,81796,8b0306e0-8887-451c-aad2-527b8161b0fe,2.99,false,false,near_mint,en,USD,2026-01-15T14:07:08.268Z
[GREEN] Claim Sales November 2024,binder,Kami of Whispered Hopes,MOM,March of the Machine,196,foil,uncommon,1,81087,5c644650-3861-4a78-9e39-a413b073ddac,7.99,false,false,near_mint,en,USD,2026-01-15T14:07:08.269Z
[GREEN] Claim Sales November 2024,binder,Kami of Transience,NEO,Kamigawa: Neon Dynasty,197,normal,rare,1,66736,7d038a59-e589-45f4-b5ef-6d2f9875d560,0.59,false,false,near_mint,en,USD,2026-01-15T14:07:08.270Z
[GREEN] Claim Sales November 2024,binder,Jadelight Spelunker,LCI,The Lost Caverns of Ixalan,382,normal,rare,5,88251,0987d47f-8a4b-47fc-9c5d-641f57631af0,0.49,false,false,near_mint,en,USD,2026-01-15T14:07:08.271Z
[GREEN] Claim Sales November 2024,binder,Into the North,CSP,Coldsnap,111,normal,common,1,27130,79cea55d-8ef3-44a5-894e-967f1e97fc02,2.29,false,false,near_mint,en,USD,2026-01-15T14:07:08.272Z
[GREEN] Claim Sales November 2024,binder,Incubation Druid,MOC,March of the Machine Commander,302,normal,rare,1,81891,b3d8c95e-09b9-46d6-80e9-95adb2c2ea9d,1.99,false,false,near_mint,en,USD,2026-01-15T14:07:08.273Z
[GREEN] Claim Sales November 2024,binder,Hydra's Growth,THB,Theros Beyond Death,172,normal,uncommon,1,46890,5112ee2a-a6f3-4280-a915-000a97a9cdef,2.79,false,false,near_mint,en,USD,2026-01-15T14:07:08.274Z
[GREEN] Claim Sales November 2024,binder,Hulking Raptor,LCI,The Lost Caverns of Ixalan,191,normal,rare,8,88450,45f763af-5a6a-404c-8e8c-4dbed71277bc,2.79,false,false,near_mint,en,USD,2026-01-15T14:07:08.275Z
[GREEN] Claim Sales November 2024,binder,Herd Migration,DMU,Dominaria United,165,normal,rare,1,71697,b0244a1f-e696-4223-9c14-22c2ca3cb738,0.49,false,false,near_mint,en,USD,2026-01-15T14:07:08.276Z
[GREEN] Claim Sales November 2024,binder,Herd Migration,DMU,Dominaria United,429,foil,rare,1,71824,e8b91c26-26f3-45d6-bf7d-35a2963dde37,0.49,false,false,near_mint,en,USD,2026-01-15T14:07:08.277Z
[GREEN] Claim Sales November 2024,binder,Hauntwoods Shrieker,DSK,Duskmourn: House of Horror,182,normal,mythic,1,98638,744ef0bc-9973-450e-a0c4-056d8244f357,1.99,false,false,near_mint,en,USD,2026-01-15T14:07:08.278Z
[GREEN] Claim Sales November 2024,binder,Gyre Sage,MOC,March of the Machine Commander,300,normal,rare,1,81924,be573ae7-967a-4b98-9058-ec3ff82ff63f,2.49,false,false,near_mint,en,USD,2026-01-15T14:07:08.279Z
[GREEN] Claim Sales November 2024,binder,Greenwarden of Murasa,NCC,New Capenna Commander,294,normal,mythic,1,68173,3460149e-8511-4387-83b9-1e4365ff6ea2,0.99,false,false,near_mint,en,USD,2026-01-15T14:07:08.280Z
[GREEN] Claim Sales November 2024,binder,Forgotten Ancient,MOC,March of the Machine Commander,297,normal,rare,1,81813,90fc94d9-b8af-4de8-a42d-ae508f8f1cd5,0.99,false,false,near_mint,en,USD,2026-01-15T14:07:08.281Z
[GREEN] Claim Sales November 2024,binder,Feral Encounter,WOE,Wilds of Eldraine,169,normal,rare,1,85772,de21251f-40bf-4f7e-9e85-9033207a788f,0.49,false,false,near_mint,en,USD,2026-01-15T14:07:08.282Z
[GREEN] Claim Sales November 2024,binder,Dodgy Jalopy,NCC,New Capenna Commander,58,normal,rare,1,68324,9b5617c2-6d23-4bfb-bc1f-c27f0cfdb022,0.49,false,false,near_mint,en,USD,2026-01-15T14:07:08.283Z
[GREEN] Claim Sales November 2024,binder,Cosmium Confluence,LCI,The Lost Caverns of Ixalan,181,normal,rare,4,88464,490a5054-0607-4e4a-a0a9-0e9eea7adb00,0.49,false,false,near_mint,en,USD,2026-01-15T14:07:08.284Z
[GREEN] Claim Sales November 2024,binder,Caldaia Guardian,NCC,New Capenna Commander,56,normal,rare,1,68475,f20015ad-8fda-498f-ac28-1ffb824ab480,0.49,false,false,near_mint,en,USD,2026-01-15T14:07:08.285Z
[GREEN] Claim Sales November 2024,binder,Avenging Hunter,CLB,Commander Legends: Battle for Baldur's Gate,215,normal,common,1,69373,f4072640-0f9b-4f0a-84cc-eda415cc92e7,3.49,false,false,near_mint,en,USD,2026-01-15T14:07:08.286Z
[GREEN] Claim Sales November 2024,binder,Arasta of the Endless Web,THB,Theros Beyond Death,165,normal,rare,1,46897,7c38833a-96c5-48b5-8dd8-23f10e798537,0.49,false,false,near_mint,en,USD,2026-01-15T14:07:08.287Z
[GREEN] Claim Sales November 2024,binder,Arasta of the Endless Web,THB,Theros Beyond Death,352,foil,rare,1,46710,55a5ea68-b77d-4fe0-a277-b20d55bc78a6,0.69,false,false,near_mint,en,USD,2026-01-15T14:07:08.288Z
[COLORLESS] Claim Sales November 2024,binder,Roaming Throne,LCI,The Lost Caverns of Ixalan,258,normal,rare,11,88390,32fd8b7c-baf3-4d3d-be6f-044a917b11a0,49.99,false,false,near_mint,en,USD,2026-01-15T14:16:16.911Z
[COLORLESS] Claim Sales November 2024,binder,Biblioplex Assistant,STX,Strixhaven: School of Mages,251,foil,common,1,58337,d74e1117-0196-4268-be97-a1e81b5dc90e,0.49,false,false,near_mint,en,USD,2026-01-15T14:22:51.143Z
[COLORLESS] Claim Sales November 2024,binder,Threefold Thunderhulk,LCI,The Lost Caverns of Ixalan,265,normal,rare,6,88308,1917c62f-d463-43eb-87ad-89ffbc88b6fe,0.49,false,false,near_mint,en,USD,2026-01-15T14:22:51.144Z
[COLORLESS] Claim Sales November 2024,binder,Three Bowls of Porridge,WOE,Wilds of Eldraine,253,foil,uncommon,1,85624,a508e040-d1e5-46aa-8404-1adc18f0f8bd,0.49,false,false,near_mint,en,USD,2026-01-15T14:22:51.145Z
[COLORLESS] Claim Sales November 2024,binder,The Mightstone and Weakstone,BRO,The Brothers' War,238,normal,rare,1,75269,02aea379-b444-46a3-82f4-3038f698d4f4,5.49,false,false,near_mint,en,USD,2026-01-15T14:22:51.146Z
[COLORLESS] Claim Sales November 2024,binder,Steel Golem,WTH,Weatherlight,157,normal,uncommon,1,37140,9aa927e0-5a65-4ac1-8eca-c000bb8080e7,2.99,false,false,near_mint,en,USD,2026-01-15T14:22:51.147Z
[COLORLESS] Claim Sales November 2024,binder,Star Compass,IMA,Iconic Masters,229,normal,common,1,3396,9c010712-7f42-4c55-9a63-aca2452aac05,0.99,false,false,near_mint,en,USD,2026-01-15T14:22:51.148Z
[COLORLESS] Claim Sales November 2024,binder,Soul of New Phyrexia,M15,Magic 2015,231,normal,mythic,1,13621,c4d37dec-98d6-4815-8f3e-7de26817990c,1.29,false,false,near_mint,en,USD,2026-01-15T14:22:51.149Z
[COLORLESS] Claim Sales November 2024,binder,Quietus Spike,NCC,New Capenna Commander,377,normal,rare,1,68286,7dc8e9cc-1aac-4709-9629-9f4318c86cb0,1.99,false,false,near_mint,en,USD,2026-01-15T14:22:51.150Z
[COLORLESS] Claim Sales November 2024,binder,Pentavus,PLST,The List,C14-261,normal,rare,1,77122,a39ab7f7-c22f-4cf7-ae1f-d40b84996177,0.49,false,false,near_mint,en,USD,2026-01-15T14:22:51.151Z
[COLORLESS] Claim Sales November 2024,binder,Mirror Shield,THB,Theros Beyond Death,234,normal,uncommon,1,46828,e7624e84-93ce-4983-8624-ebc934cab67f,0.99,false,false,near_mint,en,USD,2026-01-15T14:22:51.152Z
[COLORLESS] Claim Sales November 2024,binder,Mascot Exhibition,STX,Strixhaven: School of Mages,5,normal,mythic,1,58025,2047592c-739c-41dd-b3e8-31ae1c7688ab,2.29,false,false,near_mint,en,USD,2026-01-15T14:22:51.153Z
[COLORLESS] Claim Sales November 2024,binder,Lifecrafter's Bestiary,NCC,New Capenna Commander,370,normal,rare,1,68204,457d1102-9ba7-47d1-bced-cc8a28e38ad9,0.79,false,false,near_mint,en,USD,2026-01-15T14:22:51.154Z
[COLORLESS] Claim Sales November 2024,binder,Karn's Sylex,DMU,Dominaria United,234,normal,mythic,1,71504,673a8676-0a93-4ca3-a786-63f138027e8a,1.79,false,false,near_mint,en,USD,2026-01-15T14:22:51.155Z
[COLORLESS] Claim Sales November 2024,binder,Hangarback Walker,ORI,Magic Origins,229,normal,rare,1,10713,791c21fb-fc78-4106-9a42-abc73f41ab8b,0.99,false,false,near_mint,en,USD,2026-01-15T14:22:51.156Z
[COLORLESS] Claim Sales November 2024,binder,Ghost Vacuum,DSK,Duskmourn: House of Horror,248,normal,rare,1,98722,8ac39c01-127f-4471-bc74-11a90c48e306,4.49,false,false,near_mint,en,USD,2026-01-15T14:22:51.157Z
[COLORLESS] Claim Sales November 2024,binder,Fraying Line,CLB,Commander Legends: Battle for Baldur's Gate,314,normal,rare,2,69105,75bf7702-c97d-4b88-b815-769c4906e014,0.49,false,false,near_mint,en,USD,2026-01-15T14:22:51.158Z
[COLORLESS] Claim Sales November 2024,binder,Expedition Map,2XM,Double Masters,255,normal,common,1,51893,551c0a45-9515-4e51-84e5-79703832a661,1.99,false,false,near_mint,en,USD,2026-01-15T14:22:51.159Z
[COLORLESS] Claim Sales November 2024,binder,Darksteel Plate,2X2,Double Masters 2022,304,normal,rare,1,70175,3f99fb1e-99a6-4c83-98eb-7bff23996a7f,7.99,false,false,near_mint,en,USD,2026-01-15T14:22:51.160Z
[COLORLESS] Claim Sales November 2024,binder,Currency Converter,NCC,New Capenna Commander,81,normal,rare,1,68133,187b6719-e5ed-4615-a00b-3313ceca055b,19.99,false,false,near_mint,en,USD,2026-01-15T14:22:51.162Z
[COLORLESS] Claim Sales November 2024,binder,Coldsteel Heart,2X2,Double Masters 2022,301,normal,uncommon,1,70444,b2548ad2-3c62-4ed1-899c-1002b46cdd8f,2.29,false,false,near_mint,en,USD,2026-01-15T14:22:51.163Z
[COLORLESS] Claim Sales November 2024,binder,"Codie, Vociferous Codex",STX,Strixhaven: School of Mages,253,normal,rare,1,58368,ea476ee1-67d9-4dd8-a5ac-f68a155eb18b,0.49,false,false,near_mint,en,USD,2026-01-15T14:22:51.164Z
[COLORLESS] Claim Sales November 2024,binder,Bontu's Monument,AKH,Amonkhet,225,normal,uncommon,1,5460,e9b00377-9acc-47c4-ae2f-b396d7050a15,7.49,false,false,near_mint,en,USD,2026-01-15T14:22:51.165Z
[COLORLESS] Claim Sales November 2024,binder,Throne of the God-Pharaoh,AKH,Amonkhet,237,normal,rare,1,5448,fe402b8e-f966-4971-90a5-950d8cff5025,9.49,false,false,near_mint,en,USD,2026-01-15T14:22:51.166Z
[COLORLESS] Claim Sales November 2024,binder,Mesmeric Orb,2XM,Double Masters,272,normal,rare,1,52055,e24fbdbb-f2ae-4823-9d2a-4c505332aa5b,29.99,false,false,near_mint,en,USD,2026-01-15T14:22:51.167Z
[COLORLESS] Claim Sales November 2024,binder,Caged Sun,CM2,Commander Anthology Volume II,178,normal,rare,1,1559,dfe6f9ec-3b7f-4c11-acd1-440e14217e5d,4.49,false,false,near_mint,en,USD,2026-06-13T05:26:45.273Z
[COLORLESS] Claim Sales November 2024,binder,Primal Amulet // Primal Wellspring,XLN,Ixalan,243,normal,rare,1,3769,d4d379b5-7f56-4a7d-a4ac-131fc3d579c6,22.99,false,false,near_mint,en,USD,2026-06-13T05:26:45.272Z
[COLORLESS] Claim Sales November 2024,binder,Sol Ring,CC2,Commander Collection: Black,7,normal,rare,1,61233,acce65cc-9093-45a6-8c86-97edce545050,8.99,false,false,near_mint,en,USD,2026-06-13T05:26:45.271Z
[COLORLESS] Claim Sales November 2024,binder,Arcane Signet,CLB,Commander Legends: Battle for Baldur's Gate,298,normal,uncommon,1,69049,5b245a5b-5a99-4d22-99ef-3f5bf49c3262,0.99,false,false,near_mint,en,USD,2026-06-13T05:26:45.270Z
[COLORLESS] Claim Sales November 2024,binder,Ruby Medallion,C14,Commander 2014,265,normal,rare,1,12591,53d6dec6-7568-4ad3-8eb6-1c1c31ee0ba6,19.99,false,false,near_mint,en,USD,2026-06-13T05:26:45.269Z
[COLORLESS] Claim Sales November 2024,binder,Mind Stone,C21,Commander 2021,251,normal,uncommon,1,58624,8c899cbd-cddd-43f9-a95d-a6e5af990362,0.59,false,false,near_mint,en,USD,2026-06-13T05:26:45.268Z
[WHITE] Claim Sales November 2024,binder,White Plume Adventurer,CLB,Commander Legends: Battle for Baldur's Gate,49,normal,rare,1,69233,b256ddc8-8b12-434c-a610-1a872e948f2f,4.99,false,false,near_mint,en,USD,2026-01-15T13:26:26.876Z
[WHITE] Claim Sales November 2024,binder,Thousand Moons Smithy // Barracks of the Thousand,LCI,The Lost Caverns of Ixalan,39,normal,rare,8,88469,4a6bec46-1acd-4726-b8d9-3045ac6a2ea2,1.49,false,false,near_mint,en,USD,2026-01-15T13:26:26.877Z
[WHITE] Claim Sales November 2024,binder,Temporary Lockdown,DMU,Dominaria United,36,normal,rare,1,71574,82b3088f-7b49-45e9-b447-129a597ceb75,0.79,false,false,near_mint,en,USD,2026-01-15T13:26:26.878Z
[WHITE] Claim Sales November 2024,binder,Stroke of Midnight,WOE,Wilds of Eldraine,33,normal,uncommon,1,85311,289ba7ec-e30e-436f-b8d4-c88b65ecd137,0.79,false,false,near_mint,en,USD,2026-01-15T13:26:26.879Z
[WHITE] Claim Sales November 2024,binder,Soul Warden,MM3,Modern Masters 2017,24,normal,common,1,6189,d96266b3-a7cb-40ce-a328-ac13719fe5f0,3.99,false,false,near_mint,en,USD,2026-01-15T13:26:26.880Z
[WHITE] Claim Sales November 2024,binder,Solitary Sanctuary,WOE,Wilds of Eldraine,30,foil,uncommon,1,85738,d155693c-def0-4290-b662-ab9932e07fe5,0.49,false,false,near_mint,en,USD,2026-01-15T13:26:26.881Z
[WHITE] Claim Sales November 2024,binder,Shepherding Spirits,DSK,Duskmourn: House of Horror,31,foil,common,1,98720,86c02ab1-0fb2-4cb0-a871-bfad406726fc,0.49,false,false,near_mint,en,USD,2026-01-15T13:26:26.882Z
[WHITE] Claim Sales November 2024,binder,"Shalai, Voice of Plenty",DOM,Dominaria,35,normal,rare,1,2241,db827ee7-6f2e-4e10-aac0-120fc2b69fbd,2.29,false,false,near_mint,en,USD,2026-01-15T13:26:26.883Z
[WHITE] Claim Sales November 2024,binder,Seasoned Dungeoneer,CLB,Commander Legends: Battle for Baldur's Gate,660,normal,rare,1,69573,7fee3f76-20a8-4621-84fb-ddf79c955532,12.99,false,false,near_mint,en,USD,2026-01-15T13:26:26.884Z
[WHITE] Claim Sales November 2024,binder,Rabble Rousing,SNC,Streets of New Capenna,24,normal,rare,1,67639,206c8529-56df-4ed9-97bc-6c9b5e2a04c4,2.29,false,false,near_mint,en,USD,2026-01-15T13:26:26.885Z
[WHITE] Claim Sales November 2024,binder,Protective Parents,WOE,Wilds of Eldraine,24,foil,common,1,85467,68cc9653-80ef-4606-a0ec-6d4228fdb118,0.49,false,false,near_mint,en,USD,2026-01-15T13:26:26.886Z
[WHITE] Claim Sales November 2024,binder,Phyrexian Vindicator,ONE,Phyrexia: All Will Be One,27,normal,mythic,1,78907,e18780ce-add4-4346-8028-4bc3b4099d71,8.99,false,false,near_mint,en,USD,2026-01-15T13:26:26.887Z
[WHITE] Claim Sales November 2024,binder,Phyrexian Unlife,WOT,Wilds of Eldraine: Enchanting Tales,11,normal,rare,1,85858,fdbbcb80-bd9f-4b45-af55-c1264e73d602,0.49,false,false,near_mint,en,USD,2026-01-15T13:26:26.888Z
[WHITE] Claim Sales November 2024,binder,Monastery Mentor,MOM,March of the Machine,28,normal,mythic,1,81117,75665c2f-a100-4e3f-be8e-b5cc3c9a090b,1.29,false,false,near_mint,en,USD,2026-01-15T13:26:26.889Z
[WHITE] Claim Sales November 2024,binder,"Mikaeus, the Lunarch",MOC,March of the Machine Commander,197,normal,mythic,1,82058,fb885d30-c6e5-494a-bc01-3d5085b8e262,0.99,false,false,near_mint,en,USD,2026-01-15T13:26:26.890Z
[WHITE] Claim Sales November 2024,binder,Michiko's Reign of Truth // Portrait of Michiko,NEO,Kamigawa: Neon Dynasty,29,foil,uncommon,1,66389,74f12c23-5c15-4ae6-8f4d-c5e6c1878817,0.49,false,false,near_mint,en,USD,2026-01-15T13:26:26.891Z
[WHITE] Claim Sales November 2024,binder,Leonin Lightscribe,STX,Strixhaven: School of Mages,20,normal,rare,1,58041,2a465d7b-398c-444b-9eae-331ea2513f6d,0.79,false,false,near_mint,en,USD,2026-01-15T13:26:26.892Z
[WHITE] Claim Sales November 2024,binder,Kitsune Ace,NEO,Kamigawa: Neon Dynasty,22,foil,common,1,66838,ef1d446a-8607-45b8-a01f-dad17bab76e7,0.49,false,false,near_mint,en,USD,2026-01-15T13:26:26.893Z
[WHITE] Claim Sales November 2024,binder,Kalemne's Captain,C20,Commander 2020,92,normal,rare,1,50326,8c6fd0bf-25de-422b-b042-121460b01b17,0.49,false,false,near_mint,en,USD,2026-01-15T13:26:26.894Z
[WHITE] Claim Sales November 2024,binder,Invoke Justice,NEO,Kamigawa: Neon Dynasty,21,normal,rare,1,66523,3a598ab6-3254-49fe-b69f-e7c759129599,0.49,false,false,near_mint,en,USD,2026-01-15T13:26:26.895Z
[WHITE] Claim Sales November 2024,binder,Inspiring Leader,CLB,Commander Legends: Battle for Baldur's Gate,28,normal,uncommon,1,69393,fc6eb9f3-0f7b-4623-806e-5e604a05d470,0.99,false,false,near_mint,en,USD,2026-01-15T13:26:26.896Z
[WHITE] Claim Sales November 2024,binder,Heartflame Duelist // Heartflame Slash,WOE,Wilds of Eldraine,290,normal,rare,1,85838,f54b25e1-193a-41fb-9d24-3147cb381dbe,0.49,false,false,near_mint,en,USD,2026-01-15T13:26:26.897Z
[WHITE] Claim Sales November 2024,binder,Guardian of New Benalia,DMU,Dominaria United,386,normal,rare,1,71790,d75168c8-6798-46cd-8dd7-22115203cb2b,0.49,false,false,near_mint,en,USD,2026-01-15T13:26:26.898Z
[WHITE] Claim Sales November 2024,binder,God-Eternal Oketra,WAR,War of the Spark,16,normal,mythic,1,44388,df70f155-2336-421c-8a9d-69772d2b51a8,3.99,false,false,near_mint,en,USD,2026-01-15T13:26:26.899Z
[WHITE] Claim Sales November 2024,binder,"Gideon, Ally of Zendikar",BFZ,Battle for Zendikar,29,normal,mythic,1,10322,187e887c-c39d-4d25-a506-cdc95fc70316,2.99,false,false,near_mint,en,USD,2026-01-15T13:26:26.900Z
[WHITE] Claim Sales November 2024,binder,Four Knocks,WHO,Doctor Who,20,normal,rare,3,86918,02fe50fc-6c6c-43e7-ad0e-8f13a254da2a,0.79,false,false,near_mint,en,USD,2026-01-15T13:26:26.901Z
[WHITE] Claim Sales November 2024,binder,Flumph,AFR,Adventures in the Forgotten Realms,15,normal,rare,1,60440,cdc86e78-8911-4a0d-ba3a-7802f8d991ef,3.99,false,false,near_mint,en,USD,2026-01-15T13:26:26.902Z
[WHITE] Claim Sales November 2024,binder,Flicker of Fate,THB,Theros Beyond Death,16,normal,common,1,47046,59e19bac-176c-4e37-bfc8-27c00de7c37f,0.79,false,false,near_mint,en,USD,2026-01-15T13:26:26.903Z
[WHITE] Claim Sales November 2024,binder,Felidar Retreat,J22,Jumpstart 2022,184,normal,rare,1,76208,34b3b925-743d-4f88-97d6-d0847c0d7d6a,4.99,false,false,near_mint,en,USD,2026-01-15T13:26:26.904Z
[WHITE] Claim Sales November 2024,binder,Eidolon of Obstruction,THB,Theros Beyond Death,12,normal,rare,1,47050,2f48f802-df9d-45b2-afea-98699bcdf0d6,0.49,false,false,near_mint,en,USD,2026-01-15T13:26:26.905Z
[WHITE] Claim Sales November 2024,binder,Destroy Evil,DMU,Dominaria United,17,normal,common,3,71434,4f7862ef-2c8d-4d28-9e50-7cc41861f245,0.39,false,false,near_mint,en,USD,2026-01-15T13:26:26.906Z
[WHITE] Claim Sales November 2024,binder,Defiler of Faith,DMU,Dominaria United,16,normal,rare,1,71345,2cfe404d-1a27-4627-9284-56188d92d5d5,0.69,false,false,near_mint,en,USD,2026-01-15T13:26:26.907Z
[WHITE] Claim Sales November 2024,binder,Cathar Commando,DBL,Innistrad: Double Feature,10,normal,common,1,65410,a8069994-b103-40dc-9e14-062004914ec8,0.39,false,false,near_mint,en,USD,2026-01-15T13:26:26.908Z
[WHITE] Claim Sales November 2024,binder,Brave the Sands,KTK,Khans of Tarkir,5,normal,uncommon,1,13393,ef9c2b8a-148c-4393-b691-e333ad11c44e,6.99,false,false,near_mint,en,USD,2026-01-15T13:26:26.909Z
[WHITE] Claim Sales November 2024,binder,Bishop of Rebirth,XLN,Ixalan,5,normal,rare,1,4007,3d654bec-4eb2-4df6-b71e-ce59a718f903,0.69,false,false,near_mint,en,USD,2026-01-15T13:26:26.910Z
[WHITE] Claim Sales November 2024,binder,Archon of Coronation,NCC,New Capenna Commander,192,normal,mythic,1,68164,2c306cf7-da52-4cc4-9272-bd7d78f1175d,0.99,false,false,near_mint,en,USD,2026-01-15T13:26:26.911Z
[BLUE] Claim Sales November 2024,binder,Tunnel Surveyor,DSK,Duskmourn: House of Horror,76,foil,common,1,98782,12ee2690-f464-4a38-81e1-6dd2053a3327,0.49,false,false,near_mint,en,USD,2026-01-15T13:15:17.188Z
[BLUE] Claim Sales November 2024,binder,The Reality Chip,NEO,Kamigawa: Neon Dynasty,74,normal,rare,1,66461,d859de3a-0be1-4e66-b438-1c3d4ee756cd,6.49,false,false,near_mint,en,USD,2026-01-15T13:15:17.189Z
[BLUE] Claim Sales November 2024,binder,Spell Swindle,XLN,Ixalan,82,normal,rare,1,3930,6e619ada-e9ce-4758-afd8-8def853877eb,2.79,false,false,near_mint,en,USD,2026-01-15T13:15:17.190Z
[BLUE] Claim Sales November 2024,binder,Picklock Prankster // Free the Fae,WOE,Wilds of Eldraine,64,normal,uncommon,1,85433,5ebac73a-1ecf-4e6d-87b1-ea560bfeb064,0.39,false,false,near_mint,en,USD,2026-01-15T13:15:17.191Z
[BLUE] Claim Sales November 2024,binder,Muse Vortex,C21,Commander 2021,28,normal,rare,1,58682,c11b6560-51e8-42d2-a51d-fca70a5807b5,0.49,false,false,near_mint,en,USD,2026-01-15T13:15:17.192Z
[BLUE] Claim Sales November 2024,binder,Multiple Choice,STX,Strixhaven: School of Mages,48,normal,rare,3,57988,08c9890f-7081-42f6-89eb-35c83911b443,0.49,false,false,near_mint,en,USD,2026-01-15T13:15:17.193Z
[BLUE] Claim Sales November 2024,binder,Mind's Desire,STA,Strixhaven Mystical Archive,17,normal,mythic,2,58229,95f4e609-7fb7-4903-8d4c-45d38cf743be,1.29,false,false,near_mint,en,USD,2026-01-15T13:15:17.194Z
[BLUE] Claim Sales November 2024,binder,Tezzeret's Gambit,STA,Strixhaven Mystical Archive,21,normal,rare,2,57978,05e5dbfd-84cf-4fe1-850f-3d2965ed3120,0.99,false,false,near_mint,en,USD,2026-01-15T13:15:17.195Z
[BLUE] Claim Sales November 2024,binder,Mind's Desire,C21,Commander 2021,123,normal,rare,1,58516,17ef3058-46b8-4ec4-950f-c721919c4ac1,1.29,false,false,near_mint,en,USD,2026-01-15T13:15:17.196Z
[BLUE] Claim Sales November 2024,binder,Master of Predicaments,M15,Magic 2015,67,normal,rare,1,13785,f0b1720b-ab7a-4b52-a6d0-11c4fc573d17,0.99,false,false,near_mint,en,USD,2026-01-15T13:15:17.197Z
[BLUE] Claim Sales November 2024,binder,Kitesail Larcenist,LCI,The Lost Caverns of Ixalan,61,normal,rare,11,88225,03207457-70d8-4462-8c8b-ed39791d56a1,0.79,false,false,near_mint,en,USD,2026-01-15T13:15:17.198Z
[BLUE] Claim Sales November 2024,binder,Isu the Abominable,J22,Jumpstart 2022,12,normal,mythic,1,76134,1e1d50c3-3219-49cb-8f63-c1faff93215c,5.99,false,false,near_mint,en,USD,2026-01-15T13:15:17.199Z
[BLUE] Claim Sales November 2024,binder,Entity Tracker,DSK,Duskmourn: House of Horror,53,normal,rare,1,98996,ae54d697-6d06-4af1-a617-8a47a6ab9c01,2.29,false,false,near_mint,en,USD,2026-01-15T13:15:17.200Z
[BLUE] Claim Sales November 2024,binder,Coralhelm Chronicler,ZNR,Zendikar Rising,54,normal,rare,1,54544,50b54524-8345-4b47-913f-d883a1cbe3a1,0.49,false,false,near_mint,en,USD,2026-01-15T13:15:17.201Z
[BLUE] Claim Sales November 2024,binder,Braided Net // Braided Quipu,LCI,The Lost Caverns of Ixalan,47,normal,rare,4,88560,68a6ede0-6d57-4e29-9e3b-3569ab7f0bcd,0.49,false,false,near_mint,en,USD,2026-01-15T13:15:17.202Z
[RED] Claim Sales November 2024,binder,Witchstalker Frenzy,WOE,Wilds of Eldraine,159,normal,uncommon,1,85454,649025a7-79d1-4d7c-b1db-d46bcf5a1ae2,0.35,false,false,near_mint,en,USD,2026-01-15T13:02:10.617Z
[RED] Claim Sales November 2024,binder,Waltz of Rage,DSK,Duskmourn: House of Horror,165,normal,rare,1,99293,abf17d8b-12bc-4122-865d-50cf91f04f67,0.49,false,false,near_mint,en,USD,2026-01-15T13:02:10.618Z
[RED] Claim Sales November 2024,binder,Twisted Fealty,WOE,Wilds of Eldraine,154,normal,uncommon,1,85347,382d6085-79b9-48f7-8949-9f44dde2c753,0.39,false,false,near_mint,en,USD,2026-01-15T13:02:10.619Z
[RED] Claim Sales November 2024,binder,Torch the Tower,WOE,Wilds of Eldraine,153,normal,common,4,85665,b3d6027c-813f-46df-95b4-e2e305a67620,0.99,false,false,near_mint,en,USD,2026-01-15T13:02:10.620Z
[RED] Claim Sales November 2024,binder,Thorncaster Sliver,M14,Magic 2014,158,normal,rare,1,15893,3655d837-945f-4ff5-8952-cff5f7b2d18f,2.49,false,false,near_mint,en,USD,2026-01-15T13:02:10.621Z
[RED] Claim Sales November 2024,binder,"Squee, Dubious Monarch",DMU,Dominaria United,146,normal,rare,1,71391,3cd907ed-9c68-4bd6-af92-6244909fdf8b,0.49,false,false,near_mint,en,USD,2026-01-15T13:02:10.622Z
[RED] Claim Sales November 2024,binder,Skyfire Phoenix,C19,Commander 2019,28,normal,rare,1,45906,605b0d7d-4ece-4ad8-bf59-86ac121ccafe,0.49,false,false,near_mint,en,USD,2026-01-15T13:02:10.623Z
[RED] Claim Sales November 2024,binder,Rundvelt Hordemaster,DMU,Dominaria United,142,normal,rare,1,71888,ffee9dbe-af90-4e19-844d-4df1180f24c4,2.79,false,false,near_mint,en,USD,2026-01-15T13:02:10.624Z
[RED] Claim Sales November 2024,binder,Phoenix of Ash,THB,Theros Beyond Death,148,normal,rare,1,46914,7010ce26-16de-44cb-ba7e-3d904175b429,0.49,false,false,near_mint,en,USD,2026-01-15T13:02:10.625Z
[RED] Claim Sales November 2024,binder,Obliterate,PLST,The List,INV-156,normal,rare,1,72044,e2d96c48-7519-4f2b-ad93-4f62cf7e8ac8,4.49,false,false,near_mint,en,USD,2026-01-15T13:02:10.626Z
[RED] Claim Sales November 2024,binder,Mob Verdict,MKC,Murders at Karlov Manor Commander,33,normal,rare,1,90573,e9bdc40b-ab7a-44a4-afb5-41b6fc2dffdc,0.49,false,false,near_mint,en,USD,2026-01-15T13:02:10.627Z
[RED] Claim Sales November 2024,binder,Mechanized Warfare,BRO,The Brothers' War,139,normal,rare,1,75732,ba2d026f-bdca-4376-9d70-c81c707598e8,1.49,false,false,near_mint,en,USD,2026-01-15T13:02:10.628Z
[RED] Claim Sales November 2024,binder,"Krenko, Tin Street Kingpin",MOC,March of the Machine Commander,287,normal,rare,1,81587,2f5689e2-d8a2-442b-8027-f89686adcb67,3.99,false,false,near_mint,en,USD,2026-01-15T13:02:10.629Z
[RED] Claim Sales November 2024,binder,"Koth, Fire of Resistance",ONE,Phyrexia: All Will Be One,338,normal,rare,1,78218,29fc1c96-849e-43a8-9e7f-3c3af6861155,0.69,false,false,near_mint,en,USD,2026-01-15T13:02:10.630Z
[RED] Claim Sales November 2024,binder,"Jaya, Fiery Negotiator",DMU,Dominaria United,133,normal,mythic,1,71384,3b9f54f0-4368-4d28-aa21-3f1e7be1b23a,0.99,false,false,near_mint,en,USD,2026-01-15T13:02:10.631Z
[RED] Claim Sales November 2024,binder,Invoke Calamity,NEO,Kamigawa: Neon Dynasty,147,normal,rare,1,66483,fe666c86-6734-4c47-9244-bcd26b54068d,1.29,false,false,near_mint,en,USD,2026-01-15T13:02:10.632Z
[RED] Claim Sales November 2024,binder,Inferno Project,C21,Commander 2021,52,normal,rare,1,58690,ca760378-fa30-47ac-b3e0-7dc2e72b3422,0.49,false,false,near_mint,en,USD,2026-01-15T13:02:10.633Z
[RED] Claim Sales November 2024,binder,Hit the Mother Lode,LCI,The Lost Caverns of Ixalan,153,normal,rare,4,88986,e75f460c-43e2-4353-8b73-71ff8651a79d,0.49,false,false,near_mint,en,USD,2026-01-15T13:02:10.634Z
[RED] Claim Sales November 2024,binder,Heartless Hidetsugu,CMM,Commander Masters,231,normal,rare,1,84520,7b3ff07c-9653-4197-ad3d-638e712e8465,3.49,false,false,near_mint,en,USD,2026-01-15T13:02:10.635Z
[RED] Claim Sales November 2024,binder,"Goddric, Cloaked Reveler",WOE,Wilds of Eldraine,132,normal,rare,1,85862,fe93ef82-51de-40ad-9b52-8f3fd11c144f,0.49,false,false,near_mint,en,USD,2026-01-15T13:02:10.636Z
[RED] Claim Sales November 2024,binder,Glassworks // Shattered Yard,DSK,Duskmourn: House of Horror,137,foil,common,1,98950,fe32f667-8d9f-4414-913e-256cbc2fbc45,0.49,false,false,near_mint,en,USD,2026-01-15T13:02:10.637Z
[RED] Claim Sales November 2024,binder,Fervent Mastery,STX,Strixhaven: School of Mages,101,normal,rare,2,58024,1f824caf-b32c-442a-8631-887831a57360,0.49,false,false,near_mint,en,USD,2026-01-15T13:02:10.638Z
[RED] Claim Sales November 2024,binder,Experimental Synthesizer,NEO,Kamigawa: Neon Dynasty,138,normal,common,1,66909,c47931c9-685d-4b83-8299-bc347224b4e8,0.99,false,false,near_mint,en,USD,2026-01-15T13:02:10.639Z
[RED] Claim Sales November 2024,binder,Erratic Cyclops,C21,Commander 2021,166,normal,rare,1,58558,48dae537-ff11-438f-8367-46121a88f60f,0.49,false,false,near_mint,en,USD,2026-01-15T13:02:10.640Z
[RED] Claim Sales November 2024,binder,Embermaw Hellion,PORI,Magic Origins Promos,141s,foil,rare,1,10605,035ea998-1ae5-4e56-bdca-65d9a0fe387d,0.99,false,false,near_mint,en,USD,2026-01-15T13:02:10.641Z
[RED] Claim Sales November 2024,binder,Efreet Flamepainter,STX,Strixhaven: School of Mages,98,normal,rare,1,58342,d9f0731c-2a3d-4613-bffa-8b967e4f142e,0.49,false,false,near_mint,en,USD,2026-01-15T13:02:10.642Z
[RED] Claim Sales November 2024,binder,"Drakuseth, Maw of Flames",CMM,Commander Masters,218,foil,rare,1,84882,cbe78a66-2e72-4bd8-b8a4-db77a63f36b3,1.99,false,false,near_mint,en,USD,2026-01-15T13:02:10.643Z
[RED] Claim Sales November 2024,binder,Dictate of the Twin Gods,JOU,Journey into Nyx,93,normal,rare,1,14556,69cc93f2-8198-45b1-9193-7cfd1cf7ced4,4.99,false,false,near_mint,en,USD,2026-01-15T13:02:10.644Z
[RED] Claim Sales November 2024,binder,Defiler of Instinct,DMU,Dominaria United,119,normal,rare,1,71255,0e76e0cc-caff-4b15-b550-39e2324c8c95,0.69,false,false,near_mint,en,USD,2026-01-15T13:02:10.645Z
[RED] Claim Sales November 2024,binder,Cursed Recording,DSK,Duskmourn: House of Horror,315,normal,rare,1,98599,5aacedd1-de6b-4485-891e-0283ef33f3d4,0.49,false,false,near_mint,en,USD,2026-01-15T13:02:10.646Z
[RED] Claim Sales November 2024,binder,Charmbreaker Devils,C21,Commander 2021,162,normal,rare,1,58560,4abf9b03-4157-42f0-ab3d-484bd9b64bb2,0.49,false,false,near_mint,en,USD,2026-01-15T13:02:10.647Z
[RED] Claim Sales November 2024,binder,"Brass's Tunnel-Grinder // Tecutlan, the Searing Rift",LCI,The Lost Caverns of Ixalan,135,normal,rare,3,88931,d61d8895-7f2e-4c77-951f-4f1a49e96f57,5.16,false,false,near_mint,en,USD,2026-01-15T13:02:10.648Z
[RED] Claim Sales November 2024,binder,Blood Moon,WOT,Wilds of Eldraine: Enchanting Tales,77,normal,mythic,1,85599,99a7018b-b1bc-4f22-978e-69fcc97915ce,14.99,false,false,near_mint,en,USD,2026-01-15T13:02:10.649Z
[RED] Claim Sales November 2024,binder,Detective's Phoenix,MH3,Modern Horizons 3,116,normal,rare,1,94652,e2a01edd-dbc0-4ed4-b827-9b608290e9a1,0.79,false,false,near_mint,en,USD,2026-01-15T13:02:10.650Z
[RED] Claim Sales November 2024,binder,Faithless Looting,UMA,Ultimate Masters,128,normal,common,1,43382,4e0865d7-3325-489f-bbe6-b7d2a43c23af,0.79,false,false,near_mint,en,USD,2026-01-15T13:02:10.651Z
[RED] Claim Sales November 2024,binder,Detective's Phoenix,MH3,Modern Horizons 3,457,foil,rare,2,94642,db16e02b-1b7f-4976-b9eb-41350337616c,3.49,false,false,near_mint,en,USD,2026-01-15T13:02:10.652Z
[RED] Claim Sales November 2024,binder,Detective's Phoenix,MH3,Modern Horizons 3,457,normal,rare,1,94642,db16e02b-1b7f-4976-b9eb-41350337616c,0.99,false,false,near_mint,en,USD,2026-01-15T13:02:10.653Z
[RED] Claim Sales November 2024,binder,Vandalblast,CMM,Commander Masters,267,normal,uncommon,1,85005,e8afc402-ddc4-4819-bc2a-584a43b9b60e,3.99,false,false,near_mint,en,USD,2026-06-02T12:52:08.391Z
[RED] Claim Sales November 2024,binder,Prisoner's Dilemma,MKC,Murders at Karlov Manor Commander,344,normal,rare,1,90522,c55eefab-98d0-4e5e-a8e7-dde73b4961c3,6.49,false,false,near_mint,en,USD,2026-06-02T12:52:08.390Z
[RED] Claim Sales November 2024,binder,"Chandra, Torch of Defiance",KLD,Kaladesh,110,normal,mythic,1,7533,ff8086cd-b868-4f4e-823e-2635ad7ebc07,4.49,false,false,near_mint,en,USD,2026-06-02T12:52:08.389Z
[RED] Claim Sales November 2024,binder,"Torbran, Thane of Red Fell",ELD,Throne of Eldraine,147,normal,rare,1,46191,79f591cd-d277-4ba5-b1bf-1c09cac9cb8a,5.49,false,false,near_mint,en,USD,2026-06-02T12:52:08.388Z
[RED] Claim Sales November 2024,binder,Citadel of Pain,PCY,Prophecy,86,normal,uncommon,1,33594,66585109-77cb-42f1-9c14-3dac1d493b71,4.99,false,false,near_mint,en,USD,2026-06-02T12:52:08.386Z
[RED] Claim Sales November 2024,binder,Chaos Warp,NCC,New Capenna Commander,266,normal,rare,1,68298,85ad8ccf-ff98-4184-905f-81b573608a66,0.79,false,false,near_mint,en,USD,2026-06-02T12:52:08.385Z
[RED] Claim Sales November 2024,binder,Court of Ire,CMR,Commander Legends,170,normal,rare,1,56103,73ca0dcc-7a87-49da-8011-8c11a8835df2,0.69,false,false,near_mint,en,USD,2026-06-02T12:52:08.384Z
[RED] Claim Sales November 2024,binder,Pyroblast,5ED,Fifth Edition,262,normal,uncommon,1,37744,15d2d7cd-d29d-4f19-8490-88bd526ff1c5,13.99,false,false,near_mint,en,USD,2026-06-02T12:52:08.383Z
[RED] Claim Sales November 2024,binder,"Gadrak, the Crown-Scourge",M21,Core Set 2021,146,normal,rare,1,50789,44b83bb7-00c8-4078-b27f-42a830a544b5,0.79,false,false,near_mint,en,USD,2026-06-02T12:52:08.382Z
[RED] Claim Sales November 2024,binder,Star of Extinction,CMM,Commander Masters,259,normal,rare,1,84366,526d13cb-3616-4ac8-9ac0-04c729d447b2,1.79,false,false,near_mint,en,USD,2026-06-02T12:52:08.381Z
[RED] Claim Sales November 2024,binder,Underworld Breach,THB,Theros Beyond Death,161,normal,rare,1,46901,0e51d796-7279-4c06-87f0-37adbdaa41df,12.99,false,false,near_mint,en,USD,2026-06-02T12:52:08.380Z
[RED] Claim Sales November 2024,binder,"Neheb, Dreadhorde Champion",WAR,War of the Spark,140,normal,rare,1,44264,60c90d5d-7b3b-48d2-85f6-d6a2a452c0e9,1.29,false,false,near_mint,en,USD,2026-06-02T12:52:08.379Z
[RED] Claim Sales November 2024,binder,Price of Progress,EMA,Eternal Masters,141,normal,uncommon,1,8534,b1342144-7a15-438b-a848-3196238a79e8,9.49,false,false,near_mint,en,USD,2026-06-02T12:52:08.378Z
[RED] Claim Sales November 2024,binder,Blasphemous Act,C21,Commander 2021,159,normal,rare,1,58613,827bc177-e0d4-4607-97f6-18bb40d16ec8,2.29,false,false,near_mint,en,USD,2026-06-02T12:52:08.377Z
[RED] Claim Sales November 2024,binder,"Dragonhawk, Fate's Tempest",BLB,Bloomburrow,132,normal,mythic,1,96074,8659789c-6a2c-439f-a348-b9b1b06c55b8,8.99,false,false,near_mint,en,USD,2026-06-02T12:52:08.376Z
[RED] Claim Sales November 2024,binder,Reforge the Soul,PLST,The List,AVR-151,normal,rare,1,83934,9046cf57-b702-4410-888b-f948e8fea5ad,9.99,false,false,near_mint,en,USD,2026-06-02T12:52:08.375Z
[RED] Claim Sales November 2024,binder,"Neheb, the Eternal",CMM,Commander Masters,244,normal,mythic,1,84721,a98695d3-a8ec-43f0-9a2a-fef4566f3a2f,7.49,false,false,near_mint,en,USD,2026-06-02T12:52:08.374Z
[RED] Claim Sales November 2024,binder,Magus of the Wheel,C20,Commander 2020,156,normal,rare,1,50262,42fda8b4-17d6-4a34-9108-b4b4a9ad9378,2.79,false,false,near_mint,en,USD,2026-06-02T12:52:08.373Z
[RED] Claim Sales November 2024,binder,Fall of Cair Andros,LTR,The Lord of the Rings: Tales of Middle-earth,124,foil,rare,1,82985,354b4623-50a0-41f1-ad1e-7dd6ac3852df,0.79,false,false,near_mint,en,USD,2026-06-02T12:52:08.372Z
[RED] Claim Sales November 2024,binder,Rolling Earthquake,2XM,Double Masters,142,normal,rare,1,51913,69ab37d4-6ba3-404a-8162-f207874738ea,3.99,false,false,near_mint,en,USD,2026-06-02T12:52:08.371Z
[RED] Claim Sales November 2024,binder,Crackle with Power,OTP,Breaking News,22,normal,mythic,1,93369,d7cdccd8-13c0-49ab-9fc9-554e7897e782,9.49,false,false,near_mint,en,USD,2026-06-02T12:52:08.370Z
[RED] Claim Sales November 2024,binder,Scytheclaw Raptor,LCI,The Lost Caverns of Ixalan,323,normal,uncommon,1,88453,467ffe37-f466-4eea-8efc-50b53e2c27da,0.39,false,false,near_mint,en,USD,2026-06-02T12:52:08.369Z
[RED] Claim Sales November 2024,binder,Fiendlash,CMM,Commander Masters,221,normal,uncommon,1,84542,7ff6fab0-7872-445d-a514-774ecccd2355,0.79,false,false,near_mint,en,USD,2026-06-02T12:52:08.368Z
[RED] Claim Sales November 2024,binder,Risk Factor,GRN,Guilds of Ravnica,113,normal,rare,1,370,4eda89d9-9bd1-4a55-ac02-f9a0625d8e5b,0.99,false,false,near_mint,en,USD,2026-06-02T12:52:08.366Z
[RED] Claim Sales November 2024,binder,Storm's Wrath,THB,Theros Beyond Death,157,normal,rare,1,46905,4bc9ecd2-7664-471b-90f2-2d0dd1acec80,0.49,false,false,near_mint,en,USD,2026-06-02T12:52:08.364Z
[RED] Claim Sales November 2024,binder,"Chandra, Awakened Inferno",M20,Core Set 2020,127,normal,mythic,1,45334,49d2a680-4f3b-4bfa-b77b-d2dfaced9f23,11.99,false,false,near_mint,en,USD,2026-06-02T12:52:08.362Z
[RED] Claim Sales November 2024,binder,Anger of the Gods,2X2,Double Masters 2022,102,normal,rare,1,70615,f92088c2-74c2-4e63-8a54-83d39f9d6ad6,0.49,false,false,near_mint,en,USD,2026-06-02T12:52:08.361Z
[RED] Claim Sales November 2024,binder,Sulfuric Vortex,EMA,Eternal Masters,150,normal,rare,1,8525,0463e989-ba32-4a46-a82f-e0d6daf3cd51,1.79,false,false,near_mint,en,USD,2026-06-02T12:52:08.360Z
[RED] Claim Sales November 2024,binder,Repercussion,WOT,Wilds of Eldraine: Enchanting Tales,48,normal,mythic,1,85389,4e95e687-fa34-4dfe-bf24-34a481041bd1,9.49,false,false,near_mint,en,USD,2026-06-02T12:52:08.359Z
[RED] Claim Sales November 2024,binder,Glittering Stockpile,SNC,Streets of New Capenna,107,normal,uncommon,1,67895,973685e8-3df1-436b-b5c2-01573a92b61e,0.79,false,false,near_mint,en,USD,2026-06-02T12:52:08.358Z
[RED] Claim Sales November 2024,binder,Razorkin Needlehead,DSK,Duskmourn: House of Horror,347,normal,rare,1,98614,25c34cb6-c8cb-4814-a647-9c63b10f02c4,10.99,false,false,near_mint,en,USD,2026-06-02T12:52:08.357Z
[RED] Claim Sales November 2024,binder,Burn Down the House,MID,Innistrad: Midnight Hunt,131,normal,rare,1,63169,20ded7af-8086-465e-a980-3099217d324c,0.69,false,false,near_mint,en,USD,2026-06-02T12:52:08.356Z
[RED] Claim Sales November 2024,binder,"Chandra, Fire Artisan",WAR,War of the Spark,119,foil,rare,1,44285,d21a7b23-8827-49f2-ade4-75a602d17743,0.99,false,false,near_mint,en,USD,2026-06-02T12:52:08.355Z
[RED] Claim Sales November 2024,binder,Curse of Opulence,C17,Commander 2017,24,normal,uncommon,1,4431,e23db9d3-d11f-4b2c-8349-687bc0e9d4c2,5.49,false,false,near_mint,en,USD,2026-06-02T12:52:08.354Z
[RED] Claim Sales November 2024,binder,Insult // Injury,AKH,Amonkhet,213,normal,rare,1,5472,eeac671f-2606-43ed-ad60-a69df5c150f6,1.29,false,false,near_mint,en,USD,2026-06-02T12:52:08.353Z
[RED] Claim Sales November 2024,binder,Grab the Prize,DSK,Duskmourn: House of Horror,138,normal,common,1,98823,50895202-f1a1-4840-a11a-55b78b8b5929,1.79,false,false,near_mint,en,USD,2026-06-02T12:52:08.352Z
[RED] Claim Sales November 2024,binder,Descent into Avernus,CLB,Commander Legends: Battle for Baldur's Gate,169,normal,rare,1,69388,faadf72f-b2d5-4271-8d5c-a586acf63453,18.99,false,false,near_mint,en,USD,2026-06-02T12:52:08.351Z
[RED] Claim Sales November 2024,binder,Mana Geyser,C21,Commander 2021,176,normal,common,1,58504,109447b2-d507-433a-a81c-3a7a255444b1,2.49,false,false,near_mint,en,USD,2026-06-02T12:52:08.350Z
[RED] Claim Sales November 2024,binder,Maddening Hex,SPG,Special Guests,70,normal,mythic,1,98873,95b9be27-5abe-4341-b100-eba5c7854601,5.99,false,false,near_mint,en,USD,2026-06-02T12:52:08.349Z
[RED] Claim Sales November 2024,binder,Charred Foyer // Warped Space,DSK,Duskmourn: House of Horror,129,normal,mythic,1,98883,a128e6d1-b90f-45a1-b587-f8c29bd0ec8c,3.49,false,false,near_mint,en,USD,2026-06-02T12:52:08.348Z
[RED] Claim Sales November 2024,binder,Urabrask // The Great Work,MOM,March of the Machine,169,normal,mythic,1,81111,712fb9e5-bd67-4173-a2d4-061aeb6253b5,21.99,false,false,near_mint,en,USD,2026-06-02T12:52:08.346Z
[RED] Claim Sales November 2024,binder,Virtue of Courage // Embereth Blaze,WOE,Wilds of Eldraine,157,normal,mythic,1,85553,8b0e6daf-0dec-4718-af79-b7ce137c3135,3.49,false,false,near_mint,en,USD,2026-06-02T12:52:08.345Z
[RED] Claim Sales November 2024,binder,Bolt Bend,WAR,War of the Spark,115,normal,uncommon,1,44289,39b35408-3728-4e1b-9f58-b0775df914d6,2.79,false,false,near_mint,en,USD,2026-06-02T12:52:08.344Z
[RED] Claim Sales November 2024,binder,Furnace of Rath,TMP,Tempest,177,normal,rare,1,36822,606abea6-109a-4dd5-99cf-0d5ce492d7f0,10.99,false,false,near_mint,en,USD,2026-06-02T12:52:08.343Z
[RED] Claim Sales November 2024,binder,Gamble,DMR,Dominaria Remastered,433,normal,rare,1,78198,f7bc7576-233f-4267-9943-d831a5b2c233,21.99,false,false,near_mint,en,USD,2026-06-02T12:52:08.342Z
[RED] Claim Sales November 2024,binder,Seething Song,C21,Commander 2021,179,normal,common,1,58738,f493ce26-005c-4ddc-80f0-47bea4fd013a,15.99,false,false,near_mint,en,USD,2026-06-02T12:52:08.341Z
[RED] Claim Sales November 2024,binder,Brash Taunter,M21,Core Set 2021,133,normal,rare,1,51056,ebb5e613-a803-42f3-840a-7089ac6b7e3d,2.79,false,false,near_mint,en,USD,2026-06-02T12:52:08.340Z
[RED] Claim Sales November 2024,binder,Manabarbs,M10,Magic 2010,149,normal,rare,1,23204,7499cb21-a8ec-4938-884b-7085946af8f8,5.99,false,false,near_mint,en,USD,2026-06-02T12:52:08.339Z
[RED] Claim Sales November 2024,binder,Fiery Emancipation,WOT,Wilds of Eldraine: Enchanting Tales,42,normal,rare,1,85541,8801efe9-e141-4790-9d97-af8fc0222833,17.99,false,false,near_mint,en,USD,2026-06-02T12:52:08.338Z
[RED] Claim Sales November 2024,binder,"Toralf, God of Fury // Toralf's Hammer",KHM,Kaldheim,154,normal,mythic,1,56782,22a6a5f1-1405-4efb-af3e-e1f58d664e99,6.49,false,false,near_mint,en,USD,2026-06-02T12:52:08.336Z
[RED] Claim Sales November 2024,binder,Faithless Looting,C21,Commander 2021,168,normal,common,1,58520,1d6e5cc9-bd48-41b6-ac20-5a3e38aecdc5,0.79,false,false,near_mint,en,USD,2026-06-02T12:52:08.335Z
[RED] Claim Sales November 2024,binder,Reverberate,M12,Magic 2012,152,normal,rare,1,19115,7062e2f3-bf4a-4a9a-962c-b45718a464bc,4.99,false,false,near_mint,en,USD,2026-06-02T12:52:08.334Z
[STA] Claim Sales November 2024,binder,Thrill of Possibility,STA,Strixhaven Mystical Archive,46,normal,uncommon,1,58161,78ba24c2-73c3-4630-bb8e-7431e5b3aebd,0.39,false,false,near_mint,en,USD,2024-11-22T09:23:19.383Z
[STA] Claim Sales November 2024,binder,Adventurous Impulse,STA,Strixhaven Mystical Archive,49,normal,uncommon,1,58362,e7b44893-e6d1-48d0-ba69-06b9569e1e38,0.35,false,false,near_mint,en,USD,2024-11-22T09:23:19.383Z
[STA] Claim Sales November 2024,binder,Agonizing Remorse,STA,Strixhaven Mystical Archive,24,normal,uncommon,4,58105,57b7f7bd-6db3-4716-b1c3-015b0a6d37e3,0.35,false,false,near_mint,en,USD,2024-11-22T09:23:19.383Z
[STA] Claim Sales November 2024,binder,Eliminate,STA,Strixhaven Mystical Archive,30,normal,uncommon,2,58311,c55b2b50-ac83-4a78-8f84-580193d1ca0f,0.35,false,false,near_mint,en,USD,2024-11-22T09:23:19.383Z
[STA] Claim Sales November 2024,binder,Defiant Strike,STA,Strixhaven Mystical Archive,3,normal,uncommon,4,58269,ade8f339-4afb-477a-9434-e6cd9126cd10,0.35,false,false,near_mint,en,USD,2024-11-22T09:23:19.383Z
[STA] Claim Sales November 2024,binder,Divine Gambit,STA,Strixhaven Mystical Archive,4,normal,uncommon,4,58110,5ae3b199-92a0-4d94-819c-fbf24a87d353,0.35,false,false,near_mint,en,USD,2024-11-22T09:23:19.383Z
[STA] Claim Sales November 2024,binder,Revitalize,STA,Strixhaven Mystical Archive,9,normal,uncommon,2,58403,f8da7312-91e8-4f8d-84ef-6888360b3718,0.35,false,false,near_mint,en,USD,2024-11-22T09:23:19.383Z
[STA] Claim Sales November 2024,binder,Claim the Firstborn,STA,Strixhaven Mystical Archive,37,normal,uncommon,3,58357,e3cb6157-ea56-4921-b803-59e3fbef0b94,0.35,false,false,near_mint,en,USD,2024-11-22T09:23:19.383Z
[STA] Claim Sales November 2024,binder,Infuriate,STA,Strixhaven Mystical Archive,41,normal,uncommon,3,58143,71a5dfad-c8b4-46cc-9a06-73d23b269df8,0.35,false,false,near_mint,en,USD,2024-11-22T09:23:19.383Z
[STA] Claim Sales November 2024,binder,Shock,STA,Strixhaven Mystical Archive,44,normal,uncommon,1,58120,60eeb025-704c-4a82-90b2-f91202ae30d9,0.39,false,false,near_mint,en,USD,2024-11-22T09:23:19.383Z
[BLACK] Claim Sales November 2024,binder,Zulaport Cutthroat,C20,Commander 2020,142,normal,uncommon,1,50276,5676c6b6-a1f7-4f4e-a8a6-3398fb5130fd,2.49,false,false,near_mint,en,USD,2026-01-15T13:47:49.156Z
[BLACK] Claim Sales November 2024,binder,Woe Strider,THB,Theros Beyond Death,123,normal,rare,1,46939,3457b558-b35b-49fd-b499-b1ec755f86ce,0.49,false,false,near_mint,en,USD,2026-01-15T13:47:49.157Z
[BLACK] Claim Sales November 2024,binder,Virtus the Veiled,BBD,Battlebond,7,normal,rare,1,1986,4a45a631-f899-4414-8e0a-64d987e9ba8b,10.99,false,false,near_mint,en,USD,2026-01-15T13:47:49.158Z
[BLACK] Claim Sales November 2024,binder,Village Rites,STA,Strixhaven Mystical Archive,35,normal,uncommon,3,58343,da3de5c0-acda-4116-b0c5-eceb2c19cb2d,1.29,false,false,near_mint,en,USD,2026-01-15T13:47:49.159Z
[BLACK] Claim Sales November 2024,binder,Veinwitch Coven,C21,Commander 2021,46,normal,rare,1,58663,b148be5f-892b-452a-b15e-89da1f3a2b20,1.99,false,false,near_mint,en,USD,2026-01-15T13:47:49.160Z
[BLACK] Claim Sales November 2024,binder,"Tymaret, Chosen from Death",THB,Theros Beyond Death,263,foil,uncommon,1,46799,1bcb02d3-dcf4-41a6-8b9a-f8ad477faea0,0.49,false,false,near_mint,en,USD,2026-01-15T13:47:49.161Z
[BLACK] Claim Sales November 2024,binder,The Raven Man,DMU,Dominaria United,289,foil,rare,1,71736,bd9f4cca-90fa-4f53-8243-09d99823add3,0.79,false,false,near_mint,en,USD,2026-01-15T13:47:49.162Z
[BLACK] Claim Sales November 2024,binder,"Tatsunari, Toad Rider",NEO,Kamigawa: Neon Dynasty,123,normal,rare,1,66433,abf42833-43d0-4b05-b499-d13b2c577ee8,0.49,false,false,near_mint,en,USD,2026-01-15T13:47:49.164Z
[BLACK] Claim Sales November 2024,binder,Stalactite Stalker,LCI,The Lost Caverns of Ixalan,122,normal,rare,9,88498,5319c0b1-de54-492a-bdea-85a5a75d693e,0.49,false,false,near_mint,en,USD,2026-01-15T13:47:49.165Z
[BLACK] Claim Sales November 2024,binder,Souls of the Lost,LCI,The Lost Caverns of Ixalan,121,normal,rare,16,88828,b5c6f502-f11f-4e41-beb8-0843432fa431,0.49,false,false,near_mint,en,USD,2026-01-15T13:47:49.166Z
[BLACK] Claim Sales November 2024,binder,Soulflayer,C20,Commander 2020,138,normal,rare,1,50280,e249a406-6783-4502-952a-27ec744a38b3,0.49,false,false,near_mint,en,USD,2026-01-15T13:47:49.167Z
[BLACK] Claim Sales November 2024,binder,Soul of Innistrad,C20,Commander 2020,137,normal,mythic,1,50281,31155467-5444-4a9b-a602-ec7cdad89e8b,0.99,false,false,near_mint,en,USD,2026-01-15T13:47:49.168Z
[BLACK] Claim Sales November 2024,binder,Smothering Abomination,BFZ,Battle for Zendikar,99,normal,rare,1,10252,cd81d0de-01a3-4f28-8a2b-c2e6f36a03c4,1.49,false,false,near_mint,en,USD,2026-01-15T13:47:49.169Z
[BLACK] Claim Sales November 2024,binder,Sleeper Agent,PLST,The List,10E-178,normal,rare,1,72006,51a60896-7039-40aa-a16b-a093afb06fa2,2.99,false,false,near_mint,en,USD,2026-01-15T13:47:49.170Z
[BLACK] Claim Sales November 2024,binder,Sedgemoor Witch,STX,Strixhaven: School of Mages,86,normal,rare,3,58365,e900c1eb-968b-4046-b824-c167a7a5b682,2.99,false,false,near_mint,en,USD,2026-01-15T13:47:49.171Z
[BLACK] Claim Sales November 2024,binder,Sangromancer,C21,Commander 2021,152,normal,rare,1,58791,59f7f84c-d0a8-4204-a68e-93075f2a96b0,1.79,false,false,near_mint,en,USD,2026-01-15T13:47:49.172Z
[BLACK] Claim Sales November 2024,binder,Relentless Rats,PLST,The List,10E-173,normal,uncommon,1,54960,57139cca-2606-4493-8a12-416ae51e1752,4.99,false,false,near_mint,en,USD,2026-01-15T13:47:49.173Z
[BLACK] Claim Sales November 2024,binder,Pawn of Ulamog,C17,Commander 2017,120,normal,uncommon,1,4335,d9b9e2c6-7af7-42ae-91b2-0d17312b3624,5.99,false,false,near_mint,en,USD,2026-01-15T13:47:49.174Z
[BLACK] Claim Sales November 2024,binder,Oriq Loremage,STX,Strixhaven: School of Mages,80,normal,rare,2,58033,25214a91-2f64-46ee-9834-7fbf684800f7,1.29,false,false,near_mint,en,USD,2026-01-15T13:47:49.175Z
[BLACK] Claim Sales November 2024,binder,Ogre Slumlord,CMM,Commander Masters,177,normal,rare,1,84148,2373e57c-01bb-4d49-94ad-b9ff75335cb7,0.59,false,false,near_mint,en,USD,2026-01-15T13:47:49.176Z
[BLACK] Claim Sales November 2024,binder,Night's Whisper,PLST,The List,EMA-100,normal,common,1,48631,930186b0-ac25-4ad1-9a5c-4051fa04700b,1.49,false,false,near_mint,en,USD,2026-01-15T13:47:49.177Z
[BLACK] Claim Sales November 2024,binder,Necrotic Hex,CMR,Commander Legends,137,foil,rare,1,55536,009d2fb8-6144-46d9-9085-26232c174109,0.99,false,false,near_mint,en,USD,2026-01-15T13:47:49.178Z
[BLACK] Claim Sales November 2024,binder,Mukotai Soulripper,NEO,Kamigawa: Neon Dynasty,113,normal,rare,2,66644,166775be-c3b7-4a17-9376-aa4229b147f9,0.49,false,false,near_mint,en,USD,2026-01-15T13:47:49.179Z
[BLACK] Claim Sales November 2024,binder,Midnight Reaper,GRN,Guilds of Ravnica,77,normal,rare,1,406,5e122fe0-51c5-404d-a7b9-3d161a426c35,0.69,false,false,near_mint,en,USD,2026-01-15T13:47:49.180Z
[BLACK] Claim Sales November 2024,binder,Liliana's Contract,M19,Core Set 2019,107,normal,rare,3,1205,750e6246-c28d-46ed-9966-26706f6d3172,5.99,false,false,near_mint,en,USD,2026-01-15T13:47:49.181Z
[BLACK] Claim Sales November 2024,binder,Laquatus's Champion,A25,Masters 25,95,normal,rare,1,2621,0e7ed355-894a-4592-9a64-ef061550d560,0.49,false,false,near_mint,en,USD,2026-01-15T13:47:49.182Z
[BLACK] Claim Sales November 2024,binder,Hunt for Specimens,STX,Strixhaven: School of Mages,73,foil,common,1,58215,8ff0f47f-75cb-42b0-ba4d-78522cad9861,0.49,false,false,near_mint,en,USD,2026-01-15T13:47:49.184Z
[BLACK] Claim Sales November 2024,binder,Harvester of Souls,AVR,Avacyn Restored,107,normal,rare,1,18171,505c0d25-dc1f-402e-9183-01c273efe0e1,1.79,false,false,near_mint,en,USD,2026-01-15T13:47:49.185Z
[BLACK] Claim Sales November 2024,binder,Essence Infusion,STX,Strixhaven: School of Mages,69,foil,common,1,58142,71a48d0c-1e5b-43f2-8974-e2e5bb06310d,0.49,false,false,near_mint,en,USD,2026-01-15T13:47:49.188Z
[BLACK] Claim Sales November 2024,binder,"Drana, the Last Bloodchief",PZNR,Zendikar Rising Promos,98p,foil,mythic,1,55265,9e17f039-ea8a-407a-a38b-9ecbd69a1d12,3.99,false,false,near_mint,en,USD,2026-01-15T13:47:49.189Z
[BLACK] Claim Sales November 2024,binder,Drag to the Bottom,DMU,Dominaria United,91,normal,rare,1,71640,9d243099-94b1-4571-96af-4c5a34241911,0.49,false,false,near_mint,en,USD,2026-01-15T13:47:49.190Z
[BLACK] Claim Sales November 2024,binder,Diabolic Intent,BRO,The Brothers' War,89,normal,rare,1,75811,d72ab698-de67-4ca8-8e42-b05346bf52fa,16.99,false,false,near_mint,en,USD,2026-01-15T13:47:49.191Z
[BLACK] Claim Sales November 2024,binder,Deadly Dispute,AFR,Adventures in the Forgotten Realms,94,normal,common,1,60290,7373fe95-ad1c-44b9-8c7f-464ce8cbffc6,0.79,false,false,near_mint,en,USD,2026-01-15T13:47:49.192Z
[BLACK] Claim Sales November 2024,binder,Corrupted Conviction,MOM,March of the Machine,98,normal,common,1,81450,ce133ad5-8748-4a3d-ae8c-7b2a5938927d,0.99,false,false,near_mint,en,USD,2026-01-15T13:47:49.194Z
[BLACK] Claim Sales November 2024,binder,Choking Miasma,DMU,Dominaria United,86,foil,uncommon,1,71724,ba537452-3dab-4ecd-b65f-9e311a130d31,0.49,false,false,near_mint,en,USD,2026-01-15T13:47:49.195Z
[BLACK] Claim Sales November 2024,binder,Body Launderer,SNC,Streets of New Capenna,68,normal,mythic,1,67652,24d7d77a-35b6-451a-af44-ecaf38facccb,1.79,false,false,near_mint,en,USD,2026-01-15T13:47:49.196Z
[BLACK] Claim Sales November 2024,binder,Archfiend of the Dross,ONE,Phyrexia: All Will Be One,82,normal,rare,1,78679,86b0edaf-8cfd-4508-9554-6f0fddc2dfc4,0.49,false,false,near_mint,en,USD,2026-01-15T13:47:49.197Z
[BLACK] Claim Sales November 2024,binder,Blood Artist,PLST,The List,C17-99,normal,uncommon,1,48773,877558c4-f633-4510-97db-f1205a080ecb,2.99,false,false,near_mint,en,USD,2026-01-15T14:23:46.761Z
[SOLD] Claim Sales December 2024,list,Open the Way,MAT,March of the Machine: The Aftermath,23,normal,rare,1,82650,e72a911e-8291-48ca-bfc6-8907e3b57011,5.99,false,false,near_mint,en,USD,2024-09-28T09:21:55.208Z
[SOLD] Claim Sales December 2024,list,Vastwood Hydra,C20,Commander 2020,194,normal,rare,1,50224,bfe7139a-3fd5-4574-a26b-75b1b17b2c2f,0.99,false,false,near_mint,en,USD,2024-09-28T09:21:55.208Z
[SOLD] Claim Sales December 2024,list,"Polukranos, World Eater",THS,Theros,172,normal,mythic,1,15492,4979cc1b-9c1a-47e4-ae37-7c41798eb89a,1.49,false,false,near_mint,en,USD,2024-09-28T09:21:55.208Z
[SOLD] Claim Sales December 2024,list,Fyndhorn Elves,CMR,Commander Legends,228,normal,common,1,55649,450744cf-7eba-491b-97b0-ca80c6368bbb,1.79,false,false,near_mint,en,USD,2024-09-28T09:21:55.208Z
[SOLD] Claim Sales December 2024,list,Rivendell,LTR,The Lord of the Rings: Tales of Middle-earth,259,normal,rare,1,83443,bacd500c-1389-4314-a53e-0ad510d6fb79,1.99,false,false,near_mint,en,USD,2024-09-28T09:31:43.918Z
[SOLD] Claim Sales December 2024,list,An Offer You Can't Refuse,SNC,Streets of New Capenna,51,normal,uncommon,1,67967,b9d349f3-5be2-4b1f-a4c3-ba94822cf0cf,5.49,false,false,near_mint,en,USD,2024-09-28T09:31:43.918Z
[SOLD] Claim Sales December 2024,list,Resculpt,STX,Strixhaven: School of Mages,51,normal,common,3,58018,1bfb1fcb-a411-4c1c-b8fc-496242ae3a9b,0.56,false,false,near_mint,en,USD,2024-09-28T09:31:43.918Z
[SOLD] Claim Sales December 2024,list,Tishana's Tidebinder,LCI,The Lost Caverns of Ixalan,81,normal,rare,1,88691,907b3d1d-8c85-4707-80b5-c4d832df9846,8.66,false,false,near_mint,en,USD,2024-09-28T09:31:43.918Z
[SOLD] Claim Sales December 2024,list,Sanguine Bond,WOT,Wilds of Eldraine: Enchanting Tales,35,normal,rare,1,85699,bd199c13-9437-4162-bde9-9301589989aa,3.49,false,false,near_mint,en,USD,2024-10-04T07:46:48.777Z
[SOLD] Claim Sales December 2024,list,"Drivnod, Carnage Dominus",PONE,Phyrexia: All Will Be One Promos,90p,normal,mythic,1,79219,d86eab36-2059-49d4-8284-8579192a76c0,7.99,false,false,near_mint,en,USD,2024-10-04T07:46:48.777Z
[SOLD] Claim Sales December 2024,list,Cordial Vampire,MH1,Modern Horizons,83,normal,rare,1,44851,a90a1c44-ee0f-4c12-bfaf-6f371bcce167,1.79,false,false,near_mint,en,USD,2024-10-04T07:46:48.777Z
[SOLD] Claim Sales December 2024,list,Mask of Griselbrand,MID,Innistrad: Midnight Hunt,111,foil,rare,1,63326,829786e2-260b-4bc6-935b-1868b37e2d33,1.49,false,false,near_mint,en,USD,2024-10-04T07:46:48.777Z
[SOLD] Claim Sales December 2024,list,"Nikara, Lair Scavenger",C20,Commander 2020,3,foil,mythic,1,50415,00b9ac91-51e4-4653-ac2a-da166a894f2a,2.49,false,false,near_mint,en,USD,2024-10-04T07:46:48.777Z
[SOLD] Claim Sales December 2024,list,Leyline of the Void,M20,Core Set 2020,107,normal,rare,1,45354,04d5d429-e0c6-42cc-a477-da7dabb1c295,2.49,false,false,near_mint,en,USD,2024-10-04T07:46:48.777Z
[SOLD] Claim Sales December 2024,list,Tainted Remedy,ORI,Magic Origins,120,normal,rare,1,10822,cbb8edd0-4573-4b52-a3ea-83ed19dbf58d,5.49,false,false,near_mint,en,USD,2024-10-04T07:46:48.777Z
[SOLD] Claim Sales December 2024,list,"Henrika Domnathi // Henrika, Infernal Seer",VOW,Innistrad: Crimson Vow,119,normal,mythic,1,64320,946ca338-5f43-4cff-bd93-1b28449c5fdc,1.29,false,false,near_mint,en,USD,2024-10-04T07:46:48.777Z
[SOLD] Claim Sales December 2024,list,Grim Haruspex,CLB,Commander Legends: Battle for Baldur's Gate,754,normal,rare,1,69718,f5c19b87-e114-46d4-9f6c-c02e838a08dd,2.29,false,false,near_mint,en,USD,2024-10-04T07:46:48.777Z
[SOLD] Claim Sales December 2024,list,"Gollum, Obsessed Stalker",LTC,Tales of Middle-earth Commander,26,normal,rare,1,83596,e5a43cf0-60b3-4770-945c-41ee3ec54d5a,0.99,false,false,near_mint,en,USD,2024-10-04T07:46:48.777Z
[SOLD] Claim Sales December 2024,list,Blind Obedience,GTC,Gatecrash,6,normal,rare,1,16818,07c3e78d-d917-4552-842f-feff99c059e0,3.49,false,false,near_mint,en,USD,2024-10-04T08:07:27.463Z
[SOLD] Claim Sales December 2024,list,Court of Grace,CMR,Commander Legends,16,normal,rare,1,55542,02f0be1b-554e-4b61-b495-6e2a7369cdb1,1.99,false,false,near_mint,en,USD,2024-10-04T08:07:27.463Z
[SOLD] Claim Sales December 2024,list,Welcoming Vampire,LCC,The Lost Caverns of Ixalan Commander,140,normal,rare,1,88378,2ea7710e-2eae-47e7-bcb1-3465f8b62728,1.79,false,false,near_mint,en,USD,2024-10-04T08:07:27.463Z
[SOLD] Claim Sales December 2024,list,Norn's Annex,PW23,Wizards Play Network 2023,1,foil,rare,1,78297,c3ff46e8-ed45-41f1-a200-8fa0cf0eda0b,0.79,false,false,near_mint,en,USD,2024-10-04T08:07:27.463Z
[SOLD] Claim Sales December 2024,list,Aegis of the Gods,JOU,Journey into Nyx,1,normal,rare,1,14648,f2b2f381-86a2-42ac-b694-dcde437d574f,2.29,false,false,near_mint,en,USD,2024-10-04T08:07:27.463Z
[SOLD] Claim Sales December 2024,list,Suncleanser,M19,Core Set 2019,39,normal,rare,1,1273,3644df41-b690-4581-ac7d-c85cec75411f,10.99,false,false,near_mint,en,USD,2024-10-04T08:07:27.463Z
[SOLD] Claim Sales December 2024,list,Strionic Resonator,C19,Commander 2019,224,normal,rare,1,45710,88326f60-1c86-4aca-8e6a-b1882a048635,6.49,false,false,near_mint,en,USD,2024-10-04T08:20:35.480Z
[SOLD] Claim Sales December 2024,list,Deathrender,CNS,Conspiracy,197,normal,rare,1,14223,ea48de8d-edcd-414e-b630-473af2d95abe,5.49,false,false,near_mint,en,USD,2024-10-04T08:20:35.480Z
[SOLD] Claim Sales December 2024,list,Double Major,STX,Strixhaven: School of Mages,179,normal,rare,1,58310,c3d35413-8742-4443-8859-93c91112978d,3.49,false,false,near_mint,en,USD,2024-10-04T08:29:47.925Z
[SOLD] Claim Sales December 2024,list,"Isshin, Two Heavens as One",NEO,Kamigawa: Neon Dynasty,224,normal,rare,1,66767,a062a004-984e-4b62-960c-af7288f7a3e9,2.79,false,false,near_mint,en,USD,2024-10-04T08:30:57.465Z
[SOLD] Claim Sales December 2024,list,Kaya's Guile,MH1,Modern Horizons,205,normal,rare,1,44729,179bd74b-c458-49d6-90ac-6075454e43dd,0.99,false,false,near_mint,en,USD,2024-10-04T08:35:49.689Z
[SOLD] Claim Sales December 2024,list,Ratadrabik of Urborg,DMU,Dominaria United,213,normal,rare,1,71613,9315812d-03e8-4eb4-a693-e7adf281f7fb,1.29,false,false,near_mint,en,USD,2024-10-04T08:35:49.689Z
[SOLD] Claim Sales December 2024,list,"Narset, Enlightened Master",KTK,Khans of Tarkir,190,normal,mythic,1,13208,f210adb7-b389-4672-a3eb-0ced9bfe190c,0.99,false,false,near_mint,en,USD,2024-10-04T08:35:49.689Z
[SOLD] Claim Sales December 2024,list,"Nekusar, the Mindrazer",CMM,Commander Masters,349,normal,rare,1,84333,4afdc65d-3c97-47af-83fa-df340389802e,1.49,false,false,near_mint,en,USD,2024-10-04T08:35:49.689Z
[SOLD] Claim Sales December 2024,list,Rogue's Passage,LTC,Tales of Middle-earth Commander,326,normal,uncommon,1,83260,86438671-fdb8-4a82-b1e8-ef51fa4078df,0.79,false,false,near_mint,en,USD,2024-10-04T08:48:18.659Z
[SOLD] Claim Sales December 2024,list,Mouth of Ronom,LTC,Tales of Middle-earth Commander,370,normal,mythic,1,83323,98ae549f-8a92-4e70-b2d1-9dfe52e6b9bd,1.99,false,false,near_mint,en,USD,2024-10-04T08:48:18.659Z
[SOLD] Claim Sales December 2024,list,Tolaria West,FUT,Future Sight,173,normal,uncommon,1,26164,a9e80f06-ea05-4151-920f-7ddc88952169,2.99,false,false,near_mint,en,USD,2024-10-04T08:48:18.659Z
[SOLD] Claim Sales December 2024,list,Viscera Seer,M11,Magic 2011,120,normal,common,1,21269,6179f847-e334-4f7f-9a4e-0013942a394f,1.79,false,false,near_mint,en,USD,2024-11-05T07:27:00.074Z
[SOLD] Claim Sales December 2024,list,Leonin Lightscribe,STX,Strixhaven: School of Mages,20,normal,rare,1,58041,2a465d7b-398c-444b-9eae-331ea2513f6d,0.79,false,false,near_mint,en,USD,2024-11-05T07:36:28.136Z
[SOLD] Claim Sales December 2024,list,"Ovika, Enigma Goliath",ONE,Phyrexia: All Will Be One,322,normal,rare,1,78541,52321500-b025-4195-819a-4b895315d0ee,0.99,false,false,near_mint,en,USD,2024-11-05T08:36:16.492Z
[SOLD] Claim Sales December 2024,list,Jarad's Orders,RTR,Return to Ravnica,175,normal,rare,1,17247,c59171ce-7dc6-4dd9-a124-3c2c3028d93d,1.49,false,false,near_mint,en,USD,2024-11-05T08:36:16.492Z
[SOLD] Claim Sales December 2024,list,Glen Elendra Liege,PC2,Planechase 2012,94,normal,rare,1,17891,b42f2e85-c321-42f2-b466-2e7af3259a4b,1.49,false,false,near_mint,en,USD,2024-11-05T08:36:16.492Z
[SOLD] Claim Sales December 2024,list,Corpse Knight,PM20,Core Set 2020 Promos,206,normal,uncommon,1,45110,42e1033b-383e-49b4-875f-ccdc94e08c9d,3.99,false,false,near_mint,en,USD,2024-11-05T08:48:33.488Z
[SOLD] Claim Sales December 2024,list,Necroblossom Snarl,STX,Strixhaven: School of Mages,269,normal,rare,1,58276,b0aed316-c28a-4c1a-a0a3-ab75ceba3ee7,0.59,false,false,near_mint,en,USD,2024-11-05T09:14:26.241Z
[SOLD] Claim Sales December 2024,list,Cybermen Squadron,WHO,Doctor Who,176,normal,rare,1,87531,7ce660ef-0c6f-413d-8ddd-b755a19ab731,14.99,false,false,near_mint,en,USD,2024-11-20T06:55:43.840Z
[SOLD] Claim Sales December 2024,list,Impact Tremors,WOT,Wilds of Eldraine: Enchanting Tales,44,normal,uncommon,1,85784,e23cf8e0-0983-4495-ad3e-8b0c3e706115,2.29,false,false,near_mint,en,USD,2024-11-22T09:54:48.364Z
[SOLD] Claim Sales December 2024,list,Evolution Sage,WAR,War of the Spark,159,normal,uncommon,1,44245,b4042db8-6032-49a2-bc96-ad15f55db6c3,3.49,false,false,near_mint,en,USD,2024-11-22T10:49:45.839Z
[SOLD] Claim Sales December 2024,list,Conclave Sledge-Captain,MOC,March of the Machine Commander,36,normal,rare,1,81418,99ad5807-2adc-40d7-b398-d03fd2cd58b9,0.79,false,false,near_mint,en,USD,2024-11-22T10:49:45.839Z
[SOLD] Claim Sales December 2024,list,Kodama's Reach,MOC,March of the Machine Commander,306,normal,common,1,81796,8b0306e0-8887-451c-aad2-527b8161b0fe,2.29,false,false,near_mint,en,USD,2024-11-22T10:49:45.839Z
[SOLD] Claim Sales December 2024,list,Defiler of Vigor,PDMU,Dominaria United Promos,160p,foil,rare,1,72149,8ab9957b-f898-4e54-9616-0da00dc6ec86,3.99,false,false,near_mint,en,USD,2024-11-22T10:49:45.839Z
[SOLD] Claim Sales December 2024,list,Snake Umbra,UMA,Ultimate Masters,182,normal,uncommon,1,43332,e3071a8b-05b1-490c-89f6-4bf97c02833b,0.79,false,false,near_mint,en,USD,2024-11-22T10:49:45.839Z
[SOLD] Claim Sales December 2024,list,Garruk's Uprising,M21,Core Set 2021,308,foil,uncommon,1,50892,8dce84db-d331-4e5b-bdd8-9b1b3bec50cc,1.49,false,false,near_mint,en,USD,2024-11-22T10:49:45.839Z
[SOLD] Claim Sales December 2024,list,Managorger Hydra,MOC,March of the Machine Commander,307,normal,rare,1,82031,e9c124d7-b4b1-43cf-9830-1244053cc056,1.29,false,false,near_mint,en,USD,2024-11-22T10:49:45.839Z
[SOLD] Claim Sales December 2024,list,Rampant Growth,NCC,New Capenna Commander,304,normal,common,1,68385,c29e97e7-5a3d-4754-a859-0e7318e7c1d2,0.99,false,false,near_mint,en,USD,2024-11-22T10:49:45.839Z
[SOLD] Claim Sales December 2024,list,"Ozolith, the Shattered Spire",MOM,March of the Machine,198,normal,rare,1,81224,c9eee658-29e8-4ab5-8a0e-31f2f28a9a92,10.99,false,false,near_mint,en,USD,2024-11-22T10:49:45.839Z
[SOLD] Claim Sales December 2024,list,Sunscorch Regent,MOC,March of the Machine Commander,209,normal,rare,1,81994,da6b530c-5a56-4dc1-8d36-6ed8d2c158a9,0.59,false,false,near_mint,en,USD,2024-11-24T11:14:06.587Z
[SOLD] Claim Sales December 2024,list,Wayfarer's Bauble,NCC,New Capenna Commander,384,normal,common,1,68344,a7fe884a-1ffd-4d12-9513-a4500af255ac,0.79,false,false,near_mint,en,USD,2024-11-27T10:02:54.913Z
[SOLD] Claim Sales December 2024,list,Rogue's Passage,MOC,March of the Machine Commander,421,normal,uncommon,1,81566,25d11ee4-9cb8-4688-8004-d83e00861028,0.79,false,false,near_mint,en,USD,2024-11-28T07:59:02.464Z
[SOLD] Claim Sales December 2024,list,Gavony Township,MOC,March of the Machine Commander,406,normal,rare,1,81961,ce46c4e2-a515-41d7-8d70-d20cf4925996,3.49,false,false,near_mint,en,USD,2024-11-28T07:59:02.464Z
[SOLD] Claim Sales December 2024,list,Kessig Wolf Run,MOC,March of the Machine Commander,410,normal,rare,1,81795,8a238f08-f7c3-46be-b999-77b1c310cb1a,0.69,false,false,near_mint,en,USD,2024-11-28T07:59:02.464Z
[SOLD] Claim Sales December 2024,list,Dazzling Theater // Prop Room,DSK,Duskmourn: House of Horror,3,normal,rare,1,99249,8e2fae80-60af-44cf-95b4-177837435d1a,2.49,false,false,near_mint,en,USD,2024-12-15T06:53:34.704Z
[SOLD] Claim Sales December 2024,list,Twitching Doll,DSK,Duskmourn: House of Horror,201,normal,rare,1,98702,416c025b-e40e-4d95-a774-ba3961f43808,0.59,false,false,near_mint,en,USD,2024-12-15T06:53:52.137Z
[SOLD] Claim Sales December 2024,list,"Toby, Beastie Befriender",DSK,Duskmourn: House of Horror,356,foil,rare,1,95612,cafe5755-88b0-4fee-8596-4232844f60fc,0.79,false,false,near_mint,en,USD,2024-12-15T07:03:49.639Z
[SOLD] Claim Sales December 2024,list,Fear of Missing Out,DSK,Duskmourn: House of Horror,136,foil,rare,1,95607,9d48aaff-46ab-411b-9456-171d4709f951,5.99,false,false,near_mint,en,USD,2024-12-15T07:13:57.553Z
[SOLD] Claim Sales December 2024,list,Shalai and Hallar,MOC,March of the Machine Commander,10,foil,mythic,1,81396,80804f25-efc3-44a2-bbae-9a97fec98009,3.49,false,false,near_mint,en,USD,2024-12-17T07:11:35.555Z
[SOLD] Claim Sales December 2024,list,Oketra's Monument,DMC,Dominaria United Commander,188,normal,uncommon,1,71672,a7f1d5a6-bdf2-4b12-b11e-70f58b59dd80,5.49,false,false,near_mint,en,USD,2024-12-17T07:21:01.011Z
[SOLD] Claim Sales December 2024,list,Fierce Guardianship,CMM,Commander Masters,694,normal,rare,1,84821,c103c4d8-5a3c-443b-9caf-f41f8b61e73f,49.99,false,false,near_mint,en,USD,2024-12-20T11:02:54.441Z
[SOLD] Claim Sales December 2024,list,Shineshadow Snarl,STX,Strixhaven: School of Mages,272,foil,rare,1,58190,84a46ebf-6938-4100-8f5f-0605ad2be4fc,0.79,false,false,near_mint,en,USD,2024-12-23T10:16:17.317Z
[SOLD] Claim Sales December 2024,list,Access Tunnel,STX,Strixhaven: School of Mages,262,normal,uncommon,1,58375,edf8eb51-9643-4c54-b38e-e7abea92bbe1,0.79,false,false,near_mint,en,USD,2025-01-17T10:01:06.917Z
[SOLD] Claim Sales December 2024,list,Stroke of Midnight,WOE,Wilds of Eldraine,33,normal,uncommon,1,85311,289ba7ec-e30e-436f-b8d4-c88b65ecd137,2.54,false,false,near_mint,en,USD,2025-01-17T10:03:39.274Z
[SOLD] Claim Sales December 2024,list,Diamond Pick-Axe,LCI,The Lost Caverns of Ixalan,143,normal,uncommon,1,88470,4ae30fa7-3d1d-417f-80d7-a668236cb2c1,1.29,false,false,near_mint,en,USD,2025-01-17T10:10:24.932Z
[SOLD] Claim Sales December 2024,list,Throne of the God-Pharaoh,AKH,Amonkhet,237,normal,rare,1,5448,fe402b8e-f966-4971-90a5-950d8cff5025,7.99,false,false,near_mint,en,USD,2025-01-17T10:11:42.859Z
Duskmourn: House of Horrors,binder,Cult Healer,DSK,Duskmourn: House of Horror,2,normal,common,1,98877,9c9b8fbe-8a5e-4b62-b53f-9ead8147bbbb,0.35,false,false,near_mint,en,USD,2024-12-15T06:37:32.650Z
Duskmourn: House of Horrors,binder,Boilerbilges Ripper,DSK,Duskmourn: House of Horror,127,normal,common,1,99066,1a68009c-83cd-455f-81e9-bdd720d23a43,0.35,false,false,near_mint,en,USD,2024-12-15T06:37:32.650Z
Duskmourn: House of Horrors,binder,Resurrected Cultist,DSK,Duskmourn: House of Horror,115,normal,common,1,98933,e41bd259-e81f-432a-bebf-4c6534f23db7,0.35,false,false,near_mint,en,USD,2024-12-15T06:37:32.650Z
Duskmourn: House of Horrors,binder,Horrid Vigor,DSK,Duskmourn: House of Horror,184,normal,common,1,99335,c175c998-7b80-4187-bdbc-5b6e0d7eac91,0.35,false,false,near_mint,en,USD,2024-12-15T06:37:32.650Z
Duskmourn: House of Horrors,binder,Meat Locker // Drowned Diner,DSK,Duskmourn: House of Horror,65,normal,common,1,99303,b3c773f0-9e65-48de-a362-a9a943198693,0.35,false,false,near_mint,en,USD,2024-12-15T06:37:32.650Z
Duskmourn: House of Horrors,binder,Terramorphic Expanse,DSK,Duskmourn: House of Horror,269,normal,common,1,98901,b379c8f1-817c-4f18-8f58-45c40504433e,0.35,false,false,near_mint,en,USD,2024-12-15T06:37:32.650Z
Duskmourn: House of Horrors,binder,Glimmerlight,DSK,Duskmourn: House of Horror,249,normal,common,1,98777,1071691c-5c65-42d4-ac96-d302185ca678,0.35,false,false,near_mint,en,USD,2024-12-15T06:37:32.650Z
Duskmourn: House of Horrors,binder,Fear of Isolation,DSK,Duskmourn: House of Horror,58,normal,uncommon,2,98634,69aa6054-8c59-4bbc-a283-adb453639786,0.35,false,false,near_mint,en,USD,2024-12-15T06:37:32.650Z
Duskmourn: House of Horrors,binder,Broodspinner,DSK,Duskmourn: House of Horror,211,normal,uncommon,1,99011,dcdd2622-ab7a-4990-b026-3667cac42894,0.35,false,false,near_mint,en,USD,2024-12-15T06:37:32.650Z
Duskmourn: House of Horrors,binder,Painter's Studio // Defaced Gallery,DSK,Duskmourn: House of Horror,147,normal,uncommon,1,99393,e96901eb-5b57-43f4-a7b1-ae3b809bc36e,0.35,false,false,near_mint,en,USD,2024-12-15T06:37:32.650Z
Duskmourn: House of Horrors,binder,Abandoned Campground,DSK,Duskmourn: House of Horror,255,normal,common,1,98675,ee0565f5-ebdb-43f9-bbb4-0485b1968937,0.35,false,false,near_mint,en,USD,2024-12-15T06:37:32.650Z
Duskmourn: House of Horrors,binder,Acrobatic Cheerleader,DSK,Duskmourn: House of Horror,1,normal,common,2,98713,6f1a7590-3eee-4803-b192-d4fb771e6a86,0.35,false,false,near_mint,en,USD,2024-12-15T06:45:14.990Z
Duskmourn: House of Horrors,binder,Ticket Booth // Tunnel of Hate,DSK,Duskmourn: House of Horror,158,normal,common,2,99039,058ffe36-ed2d-4b67-83cd-162db8383a32,0.35,false,false,near_mint,en,USD,2024-12-15T06:45:14.990Z
Duskmourn: House of Horrors,binder,Balemurk Leech,DSK,Duskmourn: House of Horror,84,normal,common,1,99016,f0621b32-95c5-4f70-96cf-d46d20efc85d,0.35,false,false,near_mint,en,USD,2024-12-15T06:45:14.990Z
Duskmourn: House of Horrors,binder,Spineseeker Centipede,DSK,Duskmourn: House of Horror,199,normal,common,1,98904,b50d697c-8358-429b-8f79-7ad9d01a5edd,0.35,false,false,near_mint,en,USD,2024-12-15T06:45:14.990Z
Duskmourn: House of Horrors,binder,Found Footage,DSK,Duskmourn: House of Horror,246,normal,common,2,98899,b12eb087-762e-4e7d-a6e0-f48df603b7c7,0.35,false,false,near_mint,en,USD,2024-12-15T06:45:14.990Z
Duskmourn: House of Horrors,binder,Irreverent Gremlin,DSK,Duskmourn: House of Horror,142,normal,uncommon,2,98869,8da254f5-53f2-41d2-a4f0-a90b3dd6209c,0.35,false,false,near_mint,en,USD,2024-12-15T06:45:14.990Z
Duskmourn: House of Horrors,binder,Commune with Evil,DSK,Duskmourn: House of Horror,87,normal,uncommon,2,98876,9ab94ebe-b51b-4c6f-af43-0ed80e2808a3,0.35,false,false,near_mint,en,USD,2024-12-15T06:45:14.990Z
Duskmourn: House of Horrors,binder,"Stay Hidden, Stay Silent",DSK,Duskmourn: House of Horror,74,normal,uncommon,2,98735,b661ffe7-4f58-43fe-a1f1-dd7a6d4d28a7,0.35,false,false,near_mint,en,USD,2024-12-15T06:45:14.990Z
Duskmourn: House of Horrors,binder,Lakeside Shack,DSK,Duskmourn: House of Horror,262,normal,common,1,98660,a9367acd-393a-4966-ba60-af2ecd4e7596,0.35,false,false,near_mint,en,USD,2024-12-15T06:45:14.990Z
Duskmourn: House of Horrors,binder,Patchwork Beastie,DSK,Duskmourn: House of Horror,195,normal,uncommon,2,98721,895de583-36d2-43fd-927f-8876d4302c73,0.35,false,false,near_mint,en,USD,2024-12-15T06:45:36.986Z
Duskmourn: House of Horrors,binder,Erratic Apparition,DSK,Duskmourn: House of Horror,54,normal,common,1,99287,a74fd612-2890-4333-a379-5bf7650fbb87,0.35,false,false,near_mint,en,USD,2024-12-15T06:45:44.019Z
Duskmourn: House of Horrors,binder,Diversion Specialist,DSK,Duskmourn: House of Horror,132,normal,uncommon,1,98895,acc9b17c-4210-49f4-a920-b1dc9dfa950f,0.35,false,false,near_mint,en,USD,2024-12-15T06:51:04.170Z
Duskmourn: House of Horrors,binder,Grand Entryway // Elegant Rotunda,DSK,Duskmourn: House of Horror,15,normal,common,2,98938,ef8a8ba7-f955-425d-9a16-816fc48a2a83,0.35,false,false,near_mint,en,USD,2024-12-15T06:51:53.250Z
Duskmourn: House of Horrors,binder,Malevolent Chandelier,DSK,Duskmourn: House of Horror,252,normal,common,2,99015,ef09d296-4493-47f7-ad76-ad76c747df78,0.35,false,false,near_mint,en,USD,2024-12-15T06:52:04.336Z
Duskmourn: House of Horrors,binder,Daggermaw Megalodon,DSK,Duskmourn: House of Horror,48,normal,common,1,98934,e72a38b9-29aa-4804-ab27-4c40321f0bc3,0.35,false,false,near_mint,en,USD,2024-12-15T06:52:19.524Z
Duskmourn: House of Horrors,binder,Cautious Survivor,DSK,Duskmourn: House of Horror,172,normal,common,1,98937,ee2b4c1a-e058-4e06-bc46-e250fd9c9b54,0.35,false,false,near_mint,en,USD,2024-12-15T06:52:28.769Z
Duskmourn: House of Horrors,binder,Fear of Lost Teeth,DSK,Duskmourn: House of Horror,97,normal,common,1,98613,259045fe-f349-4be1-bf29-465d084ed35e,0.35,false,false,near_mint,en,USD,2024-12-15T06:52:43.102Z
Duskmourn: House of Horrors,binder,Ragged Playmate,DSK,Duskmourn: House of Horror,150,normal,common,1,98762,000499a4-3f39-4d25-a2a2-b2f014e30754,0.35,false,false,near_mint,en,USD,2024-12-15T06:52:52.888Z
Duskmourn: House of Horrors,binder,Shepherding Spirits,DSK,Duskmourn: House of Horror,31,normal,common,1,98720,86c02ab1-0fb2-4cb0-a871-bfad406726fc,0.35,false,false,near_mint,en,USD,2024-12-15T06:53:02.335Z
Duskmourn: House of Horrors,binder,Break Down the Door,DSK,Duskmourn: House of Horror,170,normal,uncommon,1,98791,209e9bbc-a15d-47fc-b149-6b0c57dd09ea,0.35,false,false,near_mint,en,USD,2024-12-15T06:53:27.148Z
Duskmourn: House of Horrors,binder,Silent Hallcreeper,DSK,Duskmourn: House of Horror,72,normal,rare,1,98892,aac4f0cc-63be-4f08-956e-39839c9735ba,2.29,false,false,near_mint,en,USD,2024-12-15T06:57:17.413Z
Duskmourn: House of Horrors,binder,Patched Plaything,DSK,Duskmourn: House of Horror,24,normal,uncommon,1,98627,513da431-4f3a-4f4a-8be4-7e162dd93307,0.35,false,false,near_mint,en,USD,2024-12-15T06:57:43.495Z
Duskmourn: House of Horrors,binder,Cathartic Parting,DSK,Duskmourn: House of Horror,171,normal,uncommon,1,98983,6afc250a-854d-4555-ba78-db9283fa7c22,0.35,false,false,near_mint,en,USD,2024-12-15T06:57:57.701Z
Duskmourn: House of Horrors,binder,Sawblade Skinripper,DSK,Duskmourn: House of Horror,231,normal,uncommon,1,98917,cbe51964-50d2-49b0-9c3c-81751dcbeade,0.35,false,false,near_mint,en,USD,2024-12-15T06:58:12.791Z
Duskmourn: House of Horrors,binder,Trapped in the Screen,DSK,Duskmourn: House of Horror,36,normal,common,2,98790,1fe95bfb-8ca7-434f-a2e7-a6b2e699584e,0.35,false,false,near_mint,en,USD,2024-12-15T06:58:21.547Z
Duskmourn: House of Horrors,binder,Murder,DSK,Duskmourn: House of Horror,110,normal,common,2,98802,2c249609-9cf7-46f1-b94c-9329add966bb,0.35,false,false,near_mint,en,USD,2024-12-15T06:58:31.390Z
Duskmourn: House of Horrors,binder,Underwater Tunnel // Slimy Aquarium,DSK,Duskmourn: House of Horror,79,normal,common,1,99092,2dd69f2d-8c9c-41fc-93ea-48fc7a6d5272,0.35,false,false,near_mint,en,USD,2024-12-15T06:58:38.965Z
Duskmourn: House of Horrors,binder,Slavering Branchsnapper,DSK,Duskmourn: House of Horror,198,normal,common,1,98709,5ed7ca4d-5895-4074-8315-656363d14862,0.35,false,false,near_mint,en,USD,2024-12-15T06:58:48.851Z
Duskmourn: House of Horrors,binder,Final Vengeance,DSK,Duskmourn: House of Horror,99,normal,common,2,98835,648da934-71f6-4945-a08f-09698414417b,0.35,false,false,near_mint,en,USD,2024-12-15T06:58:56.829Z
Duskmourn: House of Horrors,binder,Vicious Clown,DSK,Duskmourn: House of Horror,163,normal,common,1,98780,12649f73-9d29-4eed-bc89-cc0d1a8969e3,0.35,false,false,near_mint,en,USD,2024-12-15T06:59:03.731Z
Duskmourn: House of Horrors,binder,Hardened Escort,DSK,Duskmourn: House of Horror,16,normal,common,1,98779,12054e10-46d6-4581-a7e5-ff277cb0e229,0.35,false,false,near_mint,en,USD,2024-12-15T06:59:14.418Z
Duskmourn: House of Horrors,binder,Fear of Falling,DSK,Duskmourn: House of Horror,56,normal,uncommon,1,98771,0e814e48-cd9d-428f-90e2-74d97cb9c8f1,0.35,false,false,near_mint,en,USD,2024-12-15T07:04:02.290Z
Duskmourn: House of Horrors,binder,Overgrown Zealot,DSK,Duskmourn: House of Horror,193,normal,uncommon,1,98874,96d68d29-499a-4864-be18-bd98fda0d173,0.35,false,false,near_mint,en,USD,2024-12-15T07:04:13.765Z
Duskmourn: House of Horrors,binder,Conductive Machete,DSK,Duskmourn: House of Horror,244,normal,uncommon,2,98958,1cf37c1a-096b-4306-97cf-bc4d4c47d4a1,0.35,false,false,near_mint,en,USD,2024-12-15T07:04:19.999Z
Duskmourn: House of Horrors,binder,Grasping Longneck,DSK,Duskmourn: House of Horror,180,normal,common,2,98715,7fddcd48-3efe-4b56-9d69-9659b3dc6021,0.35,false,false,near_mint,en,USD,2024-12-15T07:04:37.035Z
Duskmourn: House of Horrors,binder,Fanatic of the Harrowing,DSK,Duskmourn: House of Horror,96,normal,common,2,98699,2a0acb05-91e0-4f7c-b48b-99e1068fad16,0.35,false,false,near_mint,en,USD,2024-12-15T07:04:56.445Z
Duskmourn: House of Horrors,binder,Turn Inside Out,DSK,Duskmourn: House of Horror,160,normal,common,1,98707,57e2a92c-06d3-4cb5-883d-cba428a7e98e,0.35,false,false,near_mint,en,USD,2024-12-15T07:05:02.379Z
Duskmourn: House of Horrors,binder,Emerge from the Cocoon,DSK,Duskmourn: House of Horror,5,normal,common,2,98813,3ba16fbf-2d44-4337-87cb-6ff6b84a258a,0.35,false,false,near_mint,en,USD,2024-12-15T07:05:11.067Z
Duskmourn: House of Horrors,binder,Tunnel Surveyor,DSK,Duskmourn: House of Horror,76,normal,common,1,98782,12ee2690-f464-4a38-81e1-6dd2053a3327,0.35,false,false,near_mint,en,USD,2024-12-15T07:05:23.302Z
Duskmourn: House of Horrors,binder,Bashful Beastie,DSK,Duskmourn: House of Horror,169,normal,common,1,98909,c20fa7ee-a4c2-4eb0-9467-195f3b894fa0,0.35,false,false,near_mint,en,USD,2024-12-15T07:05:32.457Z
Duskmourn: House of Horrors,binder,Ripchain Razorkin,DSK,Duskmourn: House of Horror,154,normal,common,1,99402,effad662-3309-434c-addc-4394db1f359c,0.35,false,false,near_mint,en,USD,2024-12-15T07:07:08.562Z
Duskmourn: House of Horrors,binder,Don't Make a Sound,DSK,Duskmourn: House of Horror,49,normal,common,1,99305,b5f42e59-7315-41cb-9c41-346e44f0c5fb,0.35,false,false,near_mint,en,USD,2024-12-15T07:07:36.695Z
Duskmourn: House of Horrors,binder,Bear Trap,DSK,Duskmourn: House of Horror,243,normal,common,1,98931,e27c27d6-dc3a-4420-bb35-d97dc216e002,0.35,false,false,near_mint,en,USD,2024-12-15T07:07:52.325Z
Duskmourn: House of Horrors,binder,Gremlin Tamer,DSK,Duskmourn: House of Horror,215,normal,uncommon,1,98808,3593a222-21c5-4f91-bde1-763ea08071da,0.35,false,false,near_mint,en,USD,2024-12-15T07:07:58.541Z
Duskmourn: House of Horrors,binder,Fear of Being Hunted,DSK,Duskmourn: House of Horror,134,normal,uncommon,1,98881,a0a5e716-68c1-4fa0-aa08-5b08114e08d8,0.35,false,false,near_mint,en,USD,2024-12-15T07:08:05.515Z
Duskmourn: House of Horrors,binder,Rootwise Survivor,DSK,Duskmourn: House of Horror,196,normal,uncommon,1,98926,d843c242-088f-4131-9e52-7ee2d0db5e20,0.35,false,false,near_mint,en,USD,2024-12-15T07:08:15.478Z
Duskmourn: House of Horrors,binder,Winter's Intervention,DSK,Duskmourn: House of Horror,123,normal,common,1,99302,b33d38fa-bbcf-4bcc-93a8-adbfd9c93faa,0.35,false,false,near_mint,en,USD,2024-12-15T07:10:47.502Z
Duskmourn: House of Horrors,binder,Cryptid Inspector,DSK,Duskmourn: House of Horror,174,normal,common,1,98858,820c2932-2e23-4f67-92d0-a630aec6f1b4,0.35,false,false,near_mint,en,USD,2024-12-15T07:11:02.191Z
Duskmourn: House of Horrors,binder,Creeping Peeper,DSK,Duskmourn: House of Horror,46,normal,common,1,98851,7ad59368-1335-4d8e-a254-ccd889933e57,0.35,false,false,near_mint,en,USD,2024-12-15T07:11:08.649Z
Duskmourn: House of Horrors,binder,Osseous Sticktwister,DSK,Duskmourn: House of Horror,112,normal,uncommon,1,98971,4f43473e-1302-4543-b331-1a86cfbc3ced,0.35,false,false,near_mint,en,USD,2024-12-15T07:11:59.527Z
Duskmourn: House of Horrors,binder,Trial of Agony,DSK,Duskmourn: House of Horror,159,normal,uncommon,1,98947,fa62f67a-d20f-4d99-b0a2-327634299c9f,0.35,false,false,near_mint,en,USD,2024-12-15T07:12:05.936Z
Duskmourn: House of Horrors,binder,Strangled Cemetery,DSK,Duskmourn: House of Horror,268,normal,common,1,98666,c1ce9250-bdbe-4c77-9243-6db9ffffe69b,0.35,false,false,near_mint,en,USD,2024-12-15T07:14:09.454Z
Duskmourn: House of Horrors,binder,Innocuous Rat,DSK,Duskmourn: House of Horror,103,normal,common,1,98872,94edbbc5-5673-4753-bfad-4432c4b7dca4,0.35,false,false,near_mint,en,USD,2024-12-15T07:14:46.683Z
Duskmourn: House of Horrors,binder,Wary Watchdog,DSK,Duskmourn: House of Horror,206,normal,common,1,98796,25ed97f2-b47e-49b7-9b1a-694c4bbeca3b,0.35,false,false,near_mint,en,USD,2024-12-15T07:14:52.841Z
Duskmourn: House of Horrors,binder,Vanish from Sight,DSK,Duskmourn: House of Horror,82,normal,common,1,98825,5254988b-3113-42f7-b751-517ffb3b40f0,0.35,false,false,near_mint,en,USD,2024-12-15T07:15:03.486Z
Duskmourn: House of Horrors,binder,Living Phone,DSK,Duskmourn: House of Horror,20,normal,common,1,99234,8266f93b-f91c-4427-a222-075ceb0be3af,0.35,false,false,near_mint,en,USD,2024-12-15T07:15:11.083Z
Duskmourn: House of Horrors,binder,Seized from Slumber,DSK,Duskmourn: House of Horror,28,normal,common,1,99080,24456083-0c76-46c5-9b18-8d468702df69,0.35,false,false,near_mint,en,USD,2024-12-15T07:15:30.142Z
Duskmourn: House of Horrors,binder,Twist Reality,DSK,Duskmourn: House of Horror,77,normal,common,1,98834,644714dd-7a0b-4d4b-9a61-8f6e505b1d22,0.35,false,false,near_mint,en,USD,2024-12-15T07:15:38.259Z
Duskmourn: House of Horrors,binder,Vile Mutilator,DSK,Duskmourn: House of Horror,122,normal,uncommon,1,98811,383fe040-98bb-40f3-b809-48c429b83f47,0.35,false,false,near_mint,en,USD,2024-12-15T07:18:25.088Z
Duskmourn: House of Horrors,binder,Glassworks // Shattered Yard,DSK,Duskmourn: House of Horror,137,normal,common,1,98950,fe32f667-8d9f-4414-913e-256cbc2fbc45,0.35,false,false,near_mint,en,USD,2024-12-15T07:18:36.865Z
Duskmourn: House of Horrors,binder,Friendly Ghost,DSK,Duskmourn: House of Horror,12,normal,common,1,98792,20e0dba2-d15c-4d55-9b68-00648175e760,0.35,false,false,near_mint,en,USD,2024-12-15T07:18:55.739Z
Duskmourn: House of Horrors,binder,Stalked Researcher,DSK,Duskmourn: House of Horror,73,normal,common,1,98868,8a26ccad-adfa-43cc-be4c-dc8dd584bca3,0.35,false,false,near_mint,en,USD,2024-12-15T07:19:05.110Z
Duskmourn: House of Horrors,binder,Manifest Dread,DSK,Duskmourn: House of Horror,189,normal,common,1,98994,a649265b-6c32-49e7-b6cb-6086c40d26e8,0.35,false,false,near_mint,en,USD,2024-12-15T07:19:11.216Z
Duskmourn: House of Horrors,binder,Derelict Attic // Widow's Walk,DSK,Duskmourn: House of Horror,93,normal,common,1,99091,2cae24c1-53f1-4f3f-8795-b634c46a17c4,0.35,false,false,near_mint,en,USD,2024-12-15T07:19:17.544Z
Duskmourn: House of Horrors,binder,Grab the Prize,DSK,Duskmourn: House of Horror,138,normal,common,1,98823,50895202-f1a1-4840-a11a-55b78b8b5929,0.35,false,false,near_mint,en,USD,2024-12-15T07:19:24.260Z
Duskmourn: House of Horrors,binder,Smoky Lounge // Misty Salon,DSK,Duskmourn: House of Horror,235,normal,uncommon,1,98621,4700987d-fc55-44eb-bc9f-0e0316ca65e2,0.35,false,false,near_mint,en,USD,2024-12-15T07:19:30.312Z
Duskmourn: House of Horrors,binder,Miasma Demon,DSK,Duskmourn: House of Horror,109,normal,uncommon,1,99196,6d167c00-75ff-4301-855a-8319b89e3689,0.35,false,false,near_mint,en,USD,2024-12-15T07:19:39.923Z
Duskmourn: House of Horrors,binder,Jump Scare,DSK,Duskmourn: House of Horror,17,normal,common,1,98993,a2dd8903-31ca-470d-b2ff-280f6d40c794,0.35,false,false,near_mint,en,USD,2024-12-15T07:20:01.339Z
Duskmourn: House of Horrors,binder,Archon of Cruelty,DSC,Duskmourn: House of Horror Commander,371,foil,mythic,1,98607,10be3e37-da93-476c-8da3-57bed77df2d7,16.99,false,false,near_mint,en,USD,2024-12-23T07:55:14.397Z